Cutting Matrix — Lot 11028,,,,,,,,,,,
Lot Number:,11028,Style:,Cross Hoodie,,,,,,,,
Fabric:,3553,Garment Type:,SWEATSHIRT,,,,,,,,
,,,,,,,,,,,
Color,Cutting Table,M,L,XL,XXL,Total Pcs,,,,,
Black,11,28,56,28,28,140,,,,,
off-white,11,27,54,27,27,135,,,,,
olive,11,28,56,28,28,140,,,,,
Total,,83,166,83,83,415,,,,,
,,,,,,,,,,,
,,,,,,,,,,,
Cutting Matrix — Lot 11030,,,,,,,,,,,
Lot Number:,11030,Style:,SW HOODIE,,,,,,,,
Fabric:,KT-5060,Garment Type:,SWEATSHIRT,,,,,,,,
,,,,,,,,,,,
Color,Cutting Table,M,L,XL,XXL,Total Pcs,,,,,
Camel,1,42,42,21,21,126,,,,,
olive,1,34,34,17,17,102,,,,,
black,1,68,68,34,34,204,,,,,
Total,,144,144,72,72,432,,,,,
,,,,,,,,,,,
,,,,,,,,,,,
Cutting Matrix — Lot 11033,,,,,,,,,,,
Lot Number:,11033,Style:,,,,,,,,,
Fabric:,H M LYCRA,Garment Type:,LOWER,,,,,,,,
,,,,,,,,,,,
Color,Cutting Table,M,L,XL,2XL,Total Pcs,,,,,
NAVY,,15,30,15,15,75,,,,,
BLACK,,18,36,18,18,90,,,,,
KHAKHI,,18,36,18,18,90,,,,,
GREEN,,18,36,18,18,90,,,,,
BROWN,,18,36,18,18,90,,,,,
CREAM,,18,36,18,18,90,,,,,
COFFEE,,18,36,18,18,90,,,,,
Total,,123,246,123,123,615,,,,,
,,,,,,,,,,,
,,,,,,,,,,,
Cutting Matrix — Lot 11034,,,,,,,,,,,
Lot Number:,11034,Style:,,,,,,,,,
Fabric:,H M LYCRA,Garment Type:,LOWER,,,,,,,,
,,,,,,,,,,,
Color,Cutting Table,M,L,XL,2XL,Total Pcs,,,,,
NAVY,1,15,30,15,15,75,,,,,
BLACK,1,18,36,18,18,90,,,,,
KHAKHI,1,18,36,18,18,90,,,,,
GREEN,1,18,36,18,18,90,,,,,
BROWN,1,18,36,18,18,90,,,,,
CREAM,1,18,36,18,18,90,,,,,
COFFEE,1,18,36,18,18,90,,,,,
Total,,123,246,123,123,615,,,,,
,,,,,,,,,,,
,,,,,,,,,,,
Cutting Matrix — Lot 11035,,,,,,,,,,,
Lot Number:,11035,Style:,FULL ZIPPER (MONKEY HOOD),,,,,,,,
Fabric:,MH GERMAN FLEECE,Garment Type:,SWEATSHIRT,,,,,,,,
,,,,,,,,,,,
Color,Cutting Table,M,L,XL,2XL,Total Pcs,,,,,
LIGHT COFFEE,11,26,52,26,26,130,,,,,
TEAL,11,21,42,21,21,105,,,,,
BLACK,11,27,54,27,27,135,,,,,
WHITE,11,25,50,25,25,125,,,,,
15%,11,26,52,26,26,130,,,,,
Total,,125,250,125,125,625,,,,,
,,,,,,,,,,,
,,,,,,,,,,,
Cutting Matrix — Lot 11039,,,,,,,,,,,
Lot Number:,11039,Style:,SW R/N,,,,,,,,
Fabric:,MH  GERMAN FLEECE,Garment Type:,SWEATSHIRT,,,,,,,,
,,,,,,,,,,,
Color,Cutting Table,M,L,XL,2XL,Total Pcs,,,,,
NEW COFFEE-LIGHT OLIVE,7,26,52,26,26,130,,,,,
BLACK-NEW COFFEE,7,27,54,27,27,135,,,,,
15%-NAVY,7,24,48,24,24,120,,,,,
BEIGE-NEW COFFEE,7,25,50,25,25,125,,,,,
OFF WHITE-B.GREEN,7,24,48,24,24,120,,,,,
CREAM-LIGHT GREEN,7,26,52,26,26,130,,,,,
Total,,152,304,152,152,760,,,,,
,,,,,,,,,,,
,,,,,,,,,,,
Cutting Matrix — Lot 11043,,,,,,,,,,,
Lot Number:,11043,Style:,,,,,,,,,
Fabric:,WONDER CHECK,Garment Type:,HIGH NECK,,,,,,,,
Date of Issue:,2025-10-07,Supervisor:,Rohit,,,,,,,,
,,,,,,,,,,,
Color,Cutting Table,M,L,XL,2XL,Total Pcs,,,,,
BLACK-FAWN,5,25,50,25,25,125,,,,,
CREAM -GREY,5,25,50,25,25,125,,,,,
FAWN-BLACK,5,25,50,25,25,125,,,,,
GREEN-TAN,5,25,50,25,25,125,,,,,
GREY-GREEN,5,25,50,25,25,125,,,,,
TAN-CREAM,5,25,50,25,25,125,,,,,
Total,,150,300,150,150,750,,,,,
,,,,,,,,,,,
Cutting Matrix — Lot 11051,,,,,,,,,,,
Lot Number:,11051,Style:,CROSS HODDIE,,,,,,,,
Fabric:,MH GERMAN  FLEECE,Garment Type:,SWEATSHIRT,,,,,,,,
,,,,,,,,,,,
Color,Cutting Table,M,L,XL,XXL,Total Pcs,,,,,
OFF. WHITE,5,22,44,22,22,110,,,,,
BLACK,5,24,48,24,24,120,,,,,
LIGHT GREEN,5,24,48,24,24,120,,,,,
B.GREEN,5,24,48,24,24,120,,,,,
AIR FORCE,5,24,48,24,24,120,,,,,
15%,5,23,46,23,23,115,,,,,
Total,,141,282,141,141,705,,,,,
,,,,,,,,,,,
,,,,,,,,,,,
Cutting Matrix — Lot 11052,,,,,,,,,,,
Lot Number:,11052,Style:,,,,,,,,,
Fabric:,KT-5077,Garment Type:,SHACKET,,,,,,,,
,,,,,,,,,,,
Color,Cutting Table,M,L,XL,XXL,Total Pcs,,,,,
COFFEE,1,26,52,26,26,130,,,,,
TAN,1,27,54,27,27,135,,,,,
OFF. WHITE,1,25,50,25,25,125,,,,,
BLACK,1,36,72,36,36,180,,,,,
Total,,114,228,114,114,570,,,,,
,,,,,,,,,,,
,,,,,,,,,,,
Cutting Matrix — Lot 64002,,,,,,,,,,,
Lot Number:,64002,Style:,FULL ZIPPER (MONKEY HOOD),,,,,,,,
Fabric:,MH GERMAN  FLEECE,Garment Type:,SWEATSHIRT,,,,,,,,
,,,,,,,,,,,
Color,Cutting Table,M,L,XL,XXL,Total Pcs,,,,,
15%,11,14,14,14,14,56,,,,,
BEIGE,11,15,15,15,15,60,,,,,
BLACK,11,14,14,14,14,56,,,,,
BOTTLE GREEN,11,15,15,15,15,60,,,,,
D.COFFEE,11,15,15,15,15,60,,,,,
D.GREEN,11,15,15,15,15,60,,,,,
MAUVE,11,15,15,15,15,60,,,,,
MEHNDI,11,14,14,14,14,56,,,,,
NAVY,11,13,13,13,13,52,,,,,
OLIVE,11,14,14,14,14,56,,,,,
RED,0,0,0,0,0,0,,,,,
RUST,11,14,14,14,14,56,,,,,
SEA GREEN,11,15,15,15,15,60,,,,,
Total,,173,173,173,173,692,,,,,
,,,,,,,,,,,
,,,,,,,,,,,
Cutting Matrix — Lot 64003,,,,,,,,,,,
Lot Number:,64003,Style:,SW HOODIE,,,,,,,,
Fabric:,BONDED (SOUTH POLE),Garment Type:,SWEATSHIRT,,,,,,,,
Date of Issue:,2025-09-29,Supervisor:,MONU,,,,,,,,
Color,Cutting Table,M,L,XL,XXL,Total Pcs,,,,,
FAWN (CHOCOLATE),4,12,12,12,12,48,,,,,
SILVER (BLACK),4,12,12,12,12,48,,,,,
OLIVE (BLACK),4,12,12,12,12,48,,,,,
BLACK (MOUSE),4,12,12,12,12,48,,,,,
CHOCOLATE (BLACK),4,12,12,12,12,48,,,,,
-,-,,,,,0,,,,,
Total,,60,60,60,60,240,,,,,
,,,,,,,,,,,
Cutting Matrix — Lot 64004,,,,,,,,,,,
Lot Number:,64004,Style:,,,,,,,,,
Fabric:,(SOUTH POLE),Garment Type:,SWEATSHIRT,,,,,,,,
,,,,,,,,,,,
Color,Cutting Table,L,XL,XXL,Total Pcs,,,,,,
CHOCOLATE,1,14,28,14,56,,,,,,
BOTTLE GREEN,1,13,26,13,52,,,,,,
SILVER,1,15,30,15,60,,,,,,
FAWN,1,11,22,11,44,,,,,,
GREY,1,13,26,13,52,,,,,,
Total,,66,132,66,264,,,,,,
,,,,,,,,,,,
,,,,,,,,,,,
Cutting Matrix — Lot 73001,,,,,,,,,,,
Lot Number:,73001,Style:,,,,,,,,,
Fabric:,SUEDE,Garment Type:,JACKET,,,,,,,,
,,,,,,,,,,,
Color,Cutting Table,M,L,XL,2XL,Total Pcs,,,,,
FAWN,9,40,40,20,20,120,,,,,
COFFEE,9,40,40,20,20,120,,,,,
TAN,9,40,40,20,20,120,,,,,
DARK TAN,9,40,40,20,20,120,,,,,
BLACK,9,40,40,20,20,120,,,,,
Total,,200,200,100,100,600,,,,,
,,,,,,,,,,,
,,,,,,,,,,,
Cutting Matrix — Lot 73002,,,,,,,,,,,
Lot Number:,73002,Style:,,,,,,,,,
Fabric:,SUEDE,Garment Type:,JACKET,,,,,,,,
,,,,,,,,,,,
Color,Cutting Table,M,L,XL,2XL,Total Pcs,,,,,
FAWN,9,20,20,20,20,80,,,,,
COFFEE,9,20,20,20,20,80,,,,,
TAN,9,20,20,20,20,80,,,,,
DARK TAN,9,20,20,20,20,80,,,,,
BLACK,9,10,10,10,10,40,,,,,
Total,,90,90,90,90,360,,,,,
,,,,,,,,,,,
,,,,,,,,,,,
Cutting Matrix — Lot 73003,,,,,,,,,,,
Lot Number:,73003,Style:,,,,,,,,,
Fabric:,SUEDE,Garment Type:,JACKET,,,,,,,,
,,,,,,,,,,,
Color,Cutting Table,M,L,XL,XXL,Total Pcs,,,,,
BLACK,9,40,40,20,20,120,,,,,
OFFWHITE,9,40,40,20,20,120,,,,,
TAN,9,40,40,20,20,120,,,,,
D.TAN,9,40,40,20,20,120,,,,,
COFFEE,9,40,40,20,20,120,,,,,
Total,,200,200,100,100,600,,,,,
,,,,,,,,,,,
,,,,,,,,,,,
Cutting Matrix — Lot 73004,,,,,,,,,,,
Lot Number:,73004,Style:,,,,,,,,,
Fabric:,PU LEATHER,Garment Type:,JACKET,,,,,,,,
,,,,,,,,,,,
Color,Cutting Table,S,M,L,XL,Total Pcs,,,,,
BLACK,8,34,61,61,34,190,,,,,
BROWN,8,10,20,20,10,60,,,,,
Total,,44,81,81,44,250,,,,,
,,,,,,,,,,,
,,,,,,,,,,,
Cutting Matrix — Lot 73005,,,,,,,,,,,
Lot Number:,73005,Style:,WINDCHEATER,,,,,,,,
Fabric:,Q20,Garment Type:,JACKET,,,,,,,,
,,,,,,,,,,,
Color,Cutting Table,M,L,XL,XXL,Total Pcs,,,,,
KHAKHI,8,30,60,30,30,150,,,,,
OLIVE,8,30,60,30,30,150,,,,,
COFFEE,8,29,58,29,29,145,,,,,
Total,,89,178,89,89,445,,,,,
,,,,,,,,,,,
,,,,,,,,,,,
Cutting Matrix — Lot 73006,,,,,,,,,,,
Lot Number:,73006,Style:,WINDCHEATER,,,,,,,,
Fabric:,Q20,Garment Type:,JACKET,,,,,,,,
,,,,,,,,,,,
Color,Cutting Table,M,L,XL,XXL,Total Pcs,,,,,
KHAKHI,8,30,60,30,30,150,,,,,
OLIVE,8,30,60,30,30,150,,,,,
COFFEE,8,28,56,28,28,140,,,,,
Total,,88,176,88,88,440,,,,,
,,,,,,,,,,,
,,,,,,,,,,,
Cutting Matrix — Lot 73007,,,,,,,,,,,
Lot Number:,73007,Style:,WINDCHEATER,,,,,,,,
Fabric:,PEAIR PRINT,Garment Type:,JACKET,,,,,,,,
,,,,,,,,,,,
Color,Cutting Table,M,L,XL,XXL,Total Pcs,,,,,
D.GREY,8,32,64,32,32,160,,,,,
COFFEE,8,32,64,32,32,160,,,,,
SILVER,8,31,62,31,31,155,,,,,
CAMEL,8,32,64,32,32,160,,,,,
FAWN,8,32,64,32,32,160,,,,,
Total,,159,318,159,159,795,,,,,
,,,,,,,,,,,
,,,,,,,,,,,
Cutting Matrix — Lot 61001,,,,,,,,,,,
Lot Number:,61001,Style:,WINDCHEATER,,,,,,,,
Fabric:,Q20,Garment Type:,JACKET,,,,,,,,
,,,,,,,,,,,
Color,Cutting Table,M,L,XL,XXL,Total Pcs,,,,,
KHAKHI,9,32,64,32,32,160,,,,,
OLIVE,9,32,64,32,32,160,,,,,
COFFEE,9,35,70,35,35,175,,,,,
Total,,99,198,99,99,495,,,,,
,,,,,,,,,,,
,,,,,,,,,,,
Cutting Matrix — Lot 61002,,,,,,,,,,,
Lot Number:,61002,Style:,WINDCHEATER,,,,,,,,
Fabric:,Q20,Garment Type:,JACKET,,,,,,,,
,,,,,,,,,,,
Color,Cutting Table,M,L,XL,XXL,Total Pcs,,,,,
KHAKHI,8,25,50,25,25,125,,,,,
OLIVE,8,25,50,25,25,125,,,,,
COFFEE,8,26,52,26,26,130,,,,,
Total,,76,152,76,76,380,,,,,
,,,,,,,,,,,
,,,,,,,,,,,
Cutting Matrix — Lot 61003,,,,,,,,,,,
Lot Number:,61003,Style:,,,,,,,,,
Fabric:,HILISTER KT 6206,Garment Type:,LOWER,,,,,,,,
,,,,,,,,,,,
Color,Cutting Table,M,L,XL,XXL,Total Pcs,,,,,
BLACK,5,30,30,15,15,90,,,,,
CAMEL,5,30,30,15,15,90,,,,,
OLIVE,5,30,30,15,15,90,,,,,
Total,,90,90,45,45,270,,,,,
,,,,,,,,,,,
,,,,,,,,,,,
Cutting Matrix — Lot 11036,,,,,,,,,,,
Lot Number:,11036,Style:,,,,,,,,,
Fabric:,MH GERMAN FLEECE,Garment Type:,TRACK SUIT,,,,,,,,
Date of Issue:,2025-10-01,Supervisor:,Monu,,,,,,,,
,,,,,,,,,,,
Color,Cutting Table,M,L,XL,XXL,Total Pcs,,,,,
15%,10,30,60,30,30,150,,,,,
B.GREEN,10,30,60,30,30,150,,,,,
NAVY,10,30,60,30,30,150,,,,,
OFF.WHITE,10,30,60,30,30,150,,,,,
RED,10,30,60,30,30,150,,,,,
Total,,150,300,150,150,750,,,,,
,,,,,,,,,,,
Cutting Matrix — Lot 11037,,,,,,,,,,,
Lot Number:,11037,Style:,,,,,,,,,
Fabric:,MH GERMAN FLEECE,Garment Type:,TRACK SUIT,,,,,,,,
Date of Issue:,2025-10-01,Supervisor:,Monu,,,,,,,,
,,,,,,,,,,,
Color,Cutting Table,M,L,XL,XXL,Total Pcs,,,,,
15%,10,30,60,30,30,150,,,,,
B.GREEN,10,30,60,30,30,150,,,,,
NAVY,10,30,60,30,30,150,,,,,
OFF.WHITE,10,30,60,30,30,150,,,,,
RED,10,30,60,30,30,150,,,,,
Total,,150,300,150,150,750,,,,,
,,,,,,,,,,,
Cutting Matrix — Lot 11038,,,,,,,,,,,
Lot Number:,11038,Style:,SW R/N,,,,,,,,
Fabric:,MH GERMAN FLEECE,Garment Type:,SWEATSHIRT,,,,,,,,
,,,,,,,,,,,
Color,Cutting Table,M,L,XL,2XL,Total Pcs,,,,,
NAVY -OFF WHITE,4,25,50,25,25,125,,,,,
15%-NAVY,4,25,50,25,25,125,,,,,
RED-NAVY,4,24,48,24,24,120,,,,,
OFF.WHITE-NAVY,4,25,50,25,25,125,,,,,
D.COFFEE-BEIGE,4,30,60,30,30,150,,,,,
Total,,129,258,129,129,645,,,,,
,,,,,,,,,,,
,,,,,,,,,,,
Cutting Matrix — Lot 11040,,,,,,,,,,,
Lot Number:,11040,Style:,SW R/N,,,,,,,,
Fabric:,MH GERMAN FLEECE,Garment Type:,SWEATSHIRT,,,,,,,,
,,,,,,,,,,,
Color,Cutting Table,M,L,XL,2XL,Total Pcs,,,,,
15%-WHITE,1,25,50,25,25,125,,,,,
LIGHT COFFEE-BLACK,1,27,54,27,27,135,,,,,
BLACK-LIGHT COFFEE,1,25,50,25,25,125,,,,,
BLACK-LIGHT OLIVE,1,25,50,25,25,125,,,,,
MOOV-WHITE,1,25,50,25,25,125,,,,,
AIRFORCE-WHITE,1,25,50,25,25,125,,,,,
OFF WHITE-R.GREEN,1,24,48,24,24,120,,,,,
CREAM-LIGHT COFFEE,1,21,42,21,21,105,,,,,
Total,,197,394,197,197,985,,,,,
,,,,,,,,,,,
,,,,,,,,,,,
Cutting Matrix — Lot 11042,,,,,,,,,,,
Lot Number:,11042,Style:,,,,,,,,,
Fabric:,FANCY CLOTH DIOR,Garment Type:,HIGH NECK ,,,,,,,,
,,,,,,,,,,,
Color,Cutting Table,M,L,XL,2XL,Total Pcs,,,,,
COFFEE,1,24,48,24,24,120,,,,,
BLACK,1,24,48,24,24,120,,,,,
FAWN,1,24,48,24,24,120,,,,,
Total,,72,144,72,72,360,,,,,
,,,,,,,,,,,
,,,,,,,,,,,
Cutting Matrix — Lot 11047,,,,,,,,,,,
Lot Number:,11047,Style:,DROPSHOULDER HOODIE,,,,,,,,
Fabric:,MH IMORTED,Garment Type:,SWEATSHIRT,,,,,,,,
,,,,,,,,,,,
Color,Cutting Table,M,L,XL,XXL,Total Pcs,,,,,
RANI,6,21,42,20,20,103,,,,,
WHITE,6,24,48,23,23,118,,,,,
DGREY,6,13,26,13,13,65,,,,,
BLACK,6,27,54,26,26,133,,,,,
MOUSE,6,6,12,6,6,30,,,,,
SKY,6,17,34,16,16,83,,,,,
BGREEN,0,0,0,0,0,0,,,,,
CAMEL,6,18,36,17,17,88,,,,,
COFFEE,6,17,34,17,17,85,,,,,
DGREEN,6,19,38,18,18,93,,,,,
ROYAL,6,20,40,18,18,96,,,,,
GOLD,6,20,40,20,20,100,,,,,
Total,,202,404,194,194,994,,,,,
,,,,,,,,,,,
,,,,,,,,,,,
Cutting Matrix — Lot 11048,,,,,,,,,,,
Lot Number:,11048,Style:,,,,,,,,,
Fabric:,MH GERMAN  FLEECE,Garment Type:,TRACK SUIT,,,,,,,,
,,,,,,,,,,,
Color,Cutting Table,M,L,XL,XXL,Total Pcs,,,,,
SKY,1,25,50,25,25,125,,,,,
RUST,0,0,0,0,0,0,,,,,
LIGHT COFFEE,1,25,50,25,25,125,,,,,
15%,1,25,50,25,25,125,,,,,
C.GREEN,1,25,50,25,25,125,,,,,
AIRFORCE,1,25,50,25,25,125,,,,,
OFF WHITE,1,25,50,25,25,125,,,,,
BLACK,1,25,50,25,25,125,,,,,
NAVY,1,25,50,25,25,125,,,,,
Total,,200,400,200,200,1000,,,,,
,,,,,,,,,,,
,,,,,,,,,,,
Cutting Matrix — Lot 11049,,,,,,,,,,,
Lot Number:,11049,Style:,,,,,,,,,
Fabric:,MH GERMAN  FLEECE,Garment Type:,TRACK SUIT,,,,,,,,
,,,,,,,,,,,
Color,Cutting Table,M,L,XL,XXL,Total Pcs,,,,,
SKY,1,25,50,25,25,125,,,,,
RUST,0,0,0,0,0,0,,,,,
LIGHT COFFEE,1,25,50,25,25,125,,,,,
15%,1,25,50,25,25,125,,,,,
C.GREEN,1,25,50,25,25,125,,,,,
AIRFORCE,1,25,50,25,25,125,,,,,
OFF WHITE,1,25,50,25,25,125,,,,,
BLACK,1,25,50,25,25,125,,,,,
NAVY,1,25,50,25,25,125,,,,,
Total,,200,400,200,200,1000,,,,,
,,,,,,,,,,,
,,,,,,,,,,,
Cutting Matrix — Lot 64001,,,,,,,,,,,
Lot Number:,64001,Style:,ROUND HOOD,,,,,,,,
Fabric:,MH GERMAN  FLEECE,Garment Type:,SWEATSHIRT,,,,,,,,
,,,,,,,,,,,
Color,Cutting Table,M,L,XL,XXL,Total Pcs,,,,,
RUST,6,14,14,14,14,56,,,,,
15%,6,12,12,12,12,48,,,,,
MAUVE,6,14,14,14,14,56,,,,,
SEAGREEN,6,13,13,13,13,52,,,,,
MEHANDI,0,0,0,0,0,0,,,,,
D.COFFEE,6,15,15,15,15,60,,,,,
D.GREEN,6,13,13,13,13,52,,,,,
BOTTAL GREEN,6,14,14,14,14,56,,,,,
BLACK,6,16,16,16,16,64,,,,,
OLIVE,6,14,14,14,14,56,,,,,
RED,0,0,0,0,0,0,,,,,
BEIGE,6,14,14,14,14,56,,,,,
NAVY,6,14,14,14,14,56,,,,,
Total,,153,153,153,153,612,,,,,
,,,,,,,,,,,
,,,,,,,,,,,
Cutting Matrix — Lot 62001,,,,,,,,,,,
Lot Number:,62001,Style:,boot cut without zip,,,,,,,,
Fabric:,GERMAN FLEECE,Garment Type:,LOWER,,,,,,,,
,,,,,,,,,,,
Color,Cutting Table,M,L,XL,XXL,Total Pcs,,,,,
BLACK,1,41,82,41,41,205,,,,,
15%,1,23,46,23,23,115,,,,,
C.GREEN,1,21,42,21,21,105,,,,,
CAMEL,1,20,40,20,20,100,,,,,
WHITE (HALF),1,10,20,10,10,50,,,,,
TEAL,1,20,40,20,20,100,,,,,
COFFEE,1,24,48,24,24,120,,,,,
ROYAL,0,0,0,0,0,0,,,,,
SKY,1,18,36,18,18,90,,,,,
RED,0,0,0,0,0,0,,,,,
Total,,177,354,177,177,885,,,,,
,,,,,,,,,,,
,,,,,,,,,,,
Cutting Matrix — Lot 11058,,,,,,,,,,,
Lot Number:,11058,Style:,18-19 MOHRI,,,,,,,,
Fabric:,TOKYO STYPE,Garment Type:,TRACK SUIT,,,,,,,,
,,,,,,,,,,,
Color,Cutting Table,M,L,XL,XXL,Total Pcs,,,,,
BUTTER,1,17,34,17,17,85,,,,,
BLACK (30 SET),1,27,54,27,27,135,,,,,
FAWN,1,19,38,19,19,95,,,,,
DARK GREY,1,18,38,19,18,93,,,,,
BROWN,1,17,34,17,17,85,,,,,
Total,,98,198,99,98,493,,,,,
,,,,,,,,,,,
,,,,,,,,,,,
Cutting Matrix — Lot 11059,,,,,,,,,,,
Lot Number:,11059,Style:,18-19 MOHRI,,,,,,,,
Fabric:,TOKYO STYPE,Garment Type:,TRACK SUIT,,,,,,,,
,,,,,,,,,,,
Color,Cutting Table,M,L,XL,XXL,Total Pcs,,,,,
BUTTER,1,17,34,17,17,85,,,,,
BLACK (30 SET),1,27,54,27,27,135,,,,,
FAWN,1,19,38,19,19,95,,,,,
DARK GREY,1,18,38,19,18,93,,,,,
BROWN,1,17,34,17,17,85,,,,,
Total,,98,198,99,98,493,,,,,
,,,,,,,,,,,
,,,,,,,,,,,
Cutting Matrix — Lot 62002,,,,,,,,,,,
Lot Number:,62002,Style:,boot cut without zip,,,,,,,,
Fabric:,GERMAN FLEECE,Garment Type:,LOWER,,,,,,,,
,,,,,,,,,,,
Color,Cutting Table,M,L,XL,XXL,Total Pcs,,,,,
15%,1,16,32,16,16,80,,,,,
BEIGE,1,16,32,16,16,80,,,,,
BLACK,1,44,88,44,44,220,,,,,
D.GREY,1,17,34,17,17,85,,,,,
L.GREEN,1,14,28,14,14,70,,,,,
RED (HALF),0,0,0,0,0,0,,,,,
ROYAL (HALF),0,0,0,0,0,0,,,,,
SKY,1,21,42,21,21,105,,,,,
TEAL,1,25,50,25,25,125,,,,,
WHITE (HALF),1,11,22,11,11,55,,,,,
Total,,164,328,164,164,820,,,,,
,,,,,,,,,,,
,,,,,,,,,,,
,,,,,,,,,,,
Cutting Matrix — Lot 62003,,,,,,,,,,,
Lot Number:,62003,Style:,boot cut without zip,,,,,,,,
Fabric:,GERMAN FLEECE,Garment Type:,LOWER,,,,,,,,
,,,,,,,,,,,
Color,Cutting Table,M,L,XL,XXL,Total Pcs,,,,,
BLACK,4,45,90,45,45,225,,,,,
NAVY,4,22,44,22,22,110,,,,,
15%,4,21,42,21,21,105,,,,,
MOUSE,4,20,40,20,20,100,,,,,
D.GREEN,4,20,40,20,20,100,,,,,
RED (HALF),5,11,22,11,11,55,,,,,
ROYAL (HALF),5,11,22,11,11,55,,,,,
WHITE (HALF),4,11,22,11,11,55,,,,,
COFFEE,5,16,32,16,16,80,,,,,
C.GREEN,4,21,42,21,21,105,,,,,
Total,,198,396,198,198,990,,,,,
,,,,,,,,,,,
,,,,,,,,,,,
,,,,,,,,,,,
Cutting Matrix — Lot 61005,,,,,,,,,,,
Lot Number:,61005,Style:,,,,,,,,,
Fabric:,GERMAN FLEECE,Garment Type:,LOWER,,,,,,,,
,,,,,,,,,,,
Color,Cutting Table,M,L,XL,XXL,Total Pcs,,,,,
BLACK,4,58,58,29,29,174,,,,,
OFFWHITE,4,26,26,13,13,78,,,,,
15%,4,28,28,14,14,84,,,,,
DARK GREY,4,26,26,13,13,78,,,,,
C.GREEN,4,30,30,15,15,90,,,,,
Total,,168,168,84,84,504,,,,,
,,,,,,,,,,,
,,,,,,,,,,,
Cutting Matrix — Lot 61004,,,,,,,,,,,
Lot Number:,61004,Style:,SWEATSHIRT HOODIE,,,,,,,,
Fabric:,REBIRTH,Garment Type:,SWEATSHIRT ,,,,,,,,
,,,,,,,,,,,
Color,Cutting Table,M,L,XL,XXL,Total Pcs,,,,,
BUTTER (KHAKHI),6,30,30,15,15,90,,,,,
KHAKHI (BUTTER),6,30,30,15,15,90,,,,,
BLACK (BUTTER),6,30,30,15,15,90,,,,,
BLACK (KHAKHI),0,0,0,0,0,0,,,,,
Total,,90,90,45,45,270,,,,,
,,,,,,,,,,,
,,,,,,,,,,,
Cutting Matrix — Lot 11055,,,,,,,,,,,
Lot Number:,11055,Style:,CROSS HODDIE,,,,,,,,
Fabric:,GERMAN FLEECE,Garment Type:,SWEATSHIRT ,,,,,,,,
Date of Issue:,2025-09-30,Supervisor:,ROHIT,,,,,,,,
,,,,,,,,,,,
Color,Cutting Table,M,L,XL,XXL,Total Pcs,,,,,
15%,5,18,36,18,18,90,,,,,
BLACK,5,18,36,18,18,90,,,,,
CAMEL,5,18,36,18,18,90,,,,,
GOLD,5,18,36,18,18,90,,,,,
LIGHT GREY,5,18,36,18,18,90,,,,,
ORANGE,5,20,40,20,20,100,,,,,
R.GREEN,5,18,36,18,18,90,,,,,
RANI,5,20,40,20,20,100,,,,,
SKY,5,20,40,20,20,100,,,,,
SURF,5,17,34,17,17,85,,,,,
WHITE,5,20,40,20,20,100,,,,,
Total,,205,410,205,205,1025,,,,,
,,,,,,,,,,,
Cutting Matrix — Lot 11057,,,,,,,,,,,
Lot Number:,11057,Style:,R/N SWEAT SHIRT,,,,,,,,
Fabric:,GERMAN FLEECE,Garment Type:,SWEATSHIRT  ,,,,,,,,
,,,,,,,,,,,
Color,Cutting Table,M,L,XL,XXL,Total Pcs,,,,,
WHITE,5,18,36,18,18,90,,,,,
BLACK,5,47,94,47,47,235,,,,,
15%,5,24,48,24,24,120,,,,,
ORANGE,5,24,48,24,24,120,,,,,
RED,0,0,0,0,0,0,,,,,
SKY,5,24,48,24,24,120,,,,,
RUST,5,22,44,22,22,110,,,,,
NAVY,5,24,48,24,24,120,,,,,
L.GREY,5,24,48,24,24,120,,,,,
CREAM,5,25,50,25,25,125,,,,,
Total,,232,464,232,232,1160,,,,,
,,,,,,,,,,,
,,,,,,,,,,,
Cutting Matrix — Lot 73018,,,,,,,,,,,
Lot Number:,73018,Style:,FILLING JACKET,,,,,,,,
Fabric:,PEAIR PRINT,Garment Type:,JACKET,,,,,,,,
,,,,,,,,,,,
Color,Cutting Table,M,L,XL,XXL,Total Pcs,,,,,
D.GREY,8,23,46,23,23,115,,,,,
COFFEE,8,23,46,23,23,115,,,,,
SILVER,8,23,46,23,23,115,,,,,
CAMEL,8,23,46,23,23,115,,,,,
FAWN,8,23,46,23,23,115,,,,,
Total,,115,230,115,115,575,,,,,
,,,,,,,,,,,
,,,,,,,,,,,
Cutting Matrix — Lot 73009,,,,,,,,,,,
Lot Number:,73009,Style:,,,,,,,,,
Fabric:,SUEDE QUILTED FABRIC,Garment Type:,JACKET,,,,,,,,
,,,,,,,,,,,
Color,Cutting Table,M,L,XL,XXL,Total Pcs,,,,,
COFFEE,8,22,44,22,22,110,,,,,
CAMEL,8,12,24,12,12,60,,,,,
BLACK,8,22,44,22,22,110,,,,,
OLIVE,8,22,44,22,22,110,,,,,
BROWN,8,16,32,16,16,80,,,,,
NAVY,8,18,36,18,18,90,,,,,
D.GREEN,8,18,36,18,18,90,,,,,
Total,,130,260,130,130,650,,,,,
,,,,,,,,,,,
,,,,,,,,,,,
Cutting Matrix — Lot 73011,,,,,,,,,,,
Lot Number:,73011,Style:,,,,,,,,,
Fabric:,SUEDE QUILTED FABRIC,Garment Type:,JACKET,,,,,,,,
,,,,,,,,,,,
Color,Cutting Table,M,L,XL,XXL,Total Pcs,,,,,
COFFEE,9,20,40,20,20,100,,,,,
CAMEL,9,20,40,20,20,100,,,,,
BLACK,9,20,40,20,20,100,,,,,
OLIVE,9,20,40,20,20,100,,,,,
BROWN,9,20,40,20,20,100,,,,,
NAVY,9,20,40,20,20,100,,,,,
D.GREEN,9,20,40,20,20,100,,,,,
Total,,140,280,140,140,700,,,,,
,,,,,,,,,,,
,,,,,,,,,,,
Cutting Matrix — Lot 64007,,,,,,,,,,,
Lot Number:,64007,Style:,,,,,,,,,
Fabric:,BONDED,Garment Type:,SWEATSHIRT,,,,,,,,
,,,,,,,,,,,
Color,Cutting Table,M,L,XL,2XL,Total Pcs,,,,,
BLACK,6,12,12,12,12,48,,,,,
COFFE,6,12,12,12,12,48,,,,,
FAWN,6,12,12,12,12,48,,,,,
GREY,6,12,12,12,12,48,,,,,
Total,,48,48,48,48,192,,,,,
,,,,,,,,,,,
,,,,,,,,,,,
Cutting Matrix — Lot 11066,,,,,,,,,,,
Lot Number:,11066,Style:,COLLAR + THOKA,,,,,,,,
Fabric:,GERMAN FLEECE,Garment Type:,SWEATSHIRT ,,,,,,,,
Date of Issue:,2025-10-06,Supervisor:,Monu,,,,,,,,
,,,,,,,,,,,
Color,Cutting Table,M,L,XL,XXL,Total Pcs,,,,,
15%,6,20,40,20,20,100,,,,,
CAMEL,6,20,40,20,20,100,,,,,
L.SKY,6,20,40,20,20,100,,,,,
NAVY,6,20,40,20,20,100,,,,,
OFF.WHITE,6,20,40,20,20,100,,,,,
RED,6,20,40,20,20,100,,,,,
Total,,120,240,120,120,600,,,,,
,,,,,,,,,,,
Cutting Matrix — Lot 11056,,,,,,,,,,,
Lot Number:,11056,Style:,CROSS HODDIE,,,,,,,,
Fabric:,GERMAN FLEECE,Garment Type:,SWEATSHIRT ,,,,,,,,
,,,,,,,,,,,
Color,Cutting Table,M,L,XL,XXL,Total Pcs,,,,,
WHITE,,18,31,18,18,85,,,,,
RANI,,18,38,18,18,92,,,,,
15%,,18,36,18,18,90,,,,,
GOLD,,18,38,18,18,92,,,,,
ORANGE,,17,33,17,17,84,,,,,
R.GREEN,,18,36,18,18,90,,,,,
SURF,,17,37,17,17,88,,,,,
BLACK,,36,74,36,36,182,,,,,
CAMEL,,18,36,18,18,90,,,,,
LIGHT GREY,,18,38,18,18,92,,,,,
SKY,,18,36,18,18,90,,,,,
Total,,214,433,214,214,1075,,,,,
,,,,,,,,,,,
,,,,,,,,,,,
Cutting Matrix — Lot 11070,,,,,,,,,,,
Lot Number:,11070,Style:,CROSS HODDIE,,,,,,,,
Fabric:,GERMAN FLEECE,Garment Type:,SWEATSHIRT ,,,,,,,,
,,,,,,,,,,,
Color,Cutting Table,M,L,XL,XXL,Total Pcs,,,,,
BLACK,5,48,96,48,48,240,,,,,
15%,5,22,44,22,22,110,,,,,
NAVY,5,24,48,24,24,120,,,,,
ORANGE,0,0,0,0,0,0,,,,,
GOLD,5,24,48,24,24,120,,,,,
B.GREEN,5,21,42,21,21,105,,,,,
OFF WHITE,5,24,48,24,24,120,,,,,
CAMEL,5,24,48,24,24,120,,,,,
RANI,5,23,46,23,23,115,,,,,
R.GREEN,5,22,44,22,22,110,,,,,
Total,,232,464,232,232,1160,,,,,
,,,,,,,,,,,
,,,,,,,,,,,
Cutting Matrix — Lot 61007,,,,,,,,,,,
Lot Number:,61007,Style:,,,,,,,,,
Fabric:,REBIRTH,Garment Type:,LOWER,,,,,,,,
,,,,,,,,,,,
Color,Cutting Table,M,L,XL,XXL,Total Pcs,,,,,
BUTTER,5,30,30,15,15,90,,,,,
KHAKHI,5,30,30,15,15,90,,,,,
BLACK,5,30,30,15,15,90,,,,,
Color,0,0,0,0,0,0,,,,,
Total,,90,90,45,45,270,,,,,
,,,,,,,,,,,
Cutting Matrix — Lot 61006,,,,,,,,,,,
Lot Number:,61006,Style:,,,,,,,,,
Fabric:,REBIRTH,Garment Type:,LOWER,,,,,,,,
,,,,,,,,,,,
Color,Cutting Table,M,L,XL,XXL,Total Pcs,,,,,
BUTTER,5,30,30,15,15,90,,,,,
KHAKHI,5,30,30,15,15,90,,,,,
BLACK,5,30,30,15,15,90,,,,,
Total,,90,90,45,45,270,,,,,
,,,,,,,,,,,
,,,,,,,,,,,
,,,,,,,,,,,
Cutting Matrix — Lot 64008,,,,,,,,,,,
Lot Number:,64008,Style:,SW HOODIE,,,,,,,,
Fabric:,BONDED,Garment Type:,SWEATSHIRT,,,,,,,,
,,,,,,,,,,,
Color,Cutting Table,M,L,XL,2XL,Total Pcs,,,,,
BOTTEL GREEN,1,18,18,18,18,72,,,,,
CHOCOLATE,1,17,17,17,17,68,,,,,
FAWN,1,20,20,20,20,80,,,,,
MOUSE,1,18,18,18,18,72,,,,,
SILVER,1,20,20,20,20,80,,,,,
Total,,93,93,93,93,372,,,,,
,,,,,,,,,,,
,,,,,,,,,,,
Cutting Matrix — Lot 11077,,,,,,,,,,,
Lot Number:,11077,Style:,,,,,,,,,
Fabric:,BABY FLEECE,Garment Type:,LOWER,,,,,,,,
Date of Issue:,2025-10-01,Supervisor:,Monu,,,,,,,,
,,,,,,,,,,,
Color,Cutting Table,M,L,XL,XXL,Total Pcs,,,,,
BEIGE,5,21,42,21,21,105,,,,,
BLACK,5,35,70,35,35,175,,,,,
CREAM HALF,5,12,24,12,12,60,,,,,
D.COFFEE,5,19,38,19,19,95,,,,,
MOUSE,5,20,40,20,20,100,,,,,
Total,,107,214,107,107,535,,,,,
,,,,,,,,,,,
Cutting Matrix — Lot 62004,,,,,,,,,,,
Lot Number:,62004,Style:,R/N SWEAT SHIRT,,,,,,,,
Fabric:,GERMAN FLEECE,Garment Type:,SWEATSHIRT ,,,,,,,,
,,,,,,,,,,,
Color,Cutting Table,M,L,XL,XXL,Total Pcs,,,,,
BLACK,6,56,56,28,28,168,,,,,
ORANGE,6,28,28,14,14,84,,,,,
15%,6,26,26,13,13,78,,,,,
GOLD,6,28,28,14,14,84,,,,,
CREAM,6,28,28,14,14,84,,,,,
SURF,6,26,26,13,13,78,,,,,
MEHROON,6,28,28,14,14,84,,,,,
D.COFFEE,6,30,30,15,15,90,,,,,
1%,6,28,28,14,14,84,,,,,
ROYAL,6,28,28,14,14,84,,,,,
Total,,306,306,153,153,918,,,,,
,,,,,,,,,,,
,,,,,,,,,,,
Cutting Matrix — Lot 11078,,,,,,,,,,,
Lot Number:,11078,Style:,,,,,,,,,
Fabric:,BABY FLEECE,Garment Type:,LOWER,,,,,,,,
,,,,,,,,,,,
Color,Cutting Table,M,L,XL,XXL,Total Pcs,,,,,
15%,10,16,32,16,16,80,,,,,
BEIGE,10,17,34,17,17,85,,,,,
BLACK,10,36,72,36,36,180,,,,,
D.COFFEE,10,15,30,15,15,75,,,,,
Total,,84,168,84,84,420,,,,,
,,,,,,,,,,,
,,,,,,,,,,,
Cutting Matrix — Lot 73019,,,,,,,,,,,
Lot Number:,73019,Style:,FILLING JACKET,,,,,,,,
Fabric:,LEADER KNIT 6245,Garment Type:,JACKET,,,,,,,,
,,,,,,,,,,,
Color,Cutting Table,M,L,XL,XXL,Total Pcs,,,,,
OLIVE,8,22,44,22,22,110,,,,,
LIGHT OLIVE,8,21,42,21,21,105,,,,,
LEAF,8,23,46,23,23,115,,,,,
Total,,66,132,66,66,330,,,,,
,,,,,,,,,,,
,,,,,,,,,,,
Cutting Matrix — Lot 73017,,,,,,,,,,,
Lot Number:,73017,Style:,FILLING JACKET,,,,,,,,
Fabric:,LEADER KNIT,Garment Type:,JACKET,,,,,,,,
,,,,,,,,,,,
Color,Cutting Table,M,L,XL,XXL,Total Pcs,,,,,
MOUSE,8,17,34,17,17,85,,,,,
OLIVE,8,16,32,16,16,80,,,,,
BROWN,8,22,44,22,22,110,,,,,
DEEP GREY,8,23,46,23,23,115,,,,,
Total,,78,156,78,78,390,,,,,
,,,,,,,,,,,
,,,,,,,,,,,
Cutting Matrix — Lot 73013,,,,,,,,,,,
Lot Number:,73013,Style:,FILLING JACKET,,,,,,,,
Fabric:,JORDAN RIB,Garment Type:,JACKET,,,,,,,,
,,,,,,,,,,,
Color,Cutting Table,M,L,XL,XXL,Total Pcs,,,,,
CAMEL,8,23,46,23,23,115,,,,,
L.GREY,8,22,44,22,22,110,,,,,
OLIVE,8,22,44,22,22,110,,,,,
BLACK,8,22,44,22,22,110,,,,,
COFFEE,8,23,46,23,23,115,,,,,
RED,8,22,44,22,22,110,,,,,
FAWN,8,22,44,22,22,110,,,,,
Total,,156,312,156,156,780,,,,,
,,,,,,,,,,,
,,,,,,,,,,,
Cutting Matrix — Lot 64006,,,,,,,,,,,
Lot Number:,64006,Style:,FULL ZIPPER (MONKEY HOOD),,,,,,,,
Fabric:,SOUTH POLE,Garment Type:,SWEATSHIRT,,,,,,,,
,,,,,,,,,,,
Color,Cutting Table,M,L,XL,XXL,Total Pcs,,,,,
BLACK,4,15,15,15,15,60,,,,,
CHOCOLATE,4,16,16,16,16,64,,,,,
GREY,4,16,16,16,16,64,,,,,
MOUSE,4,15,15,15,15,60,,,,,
SILVER,4,16,16,16,16,64,,,,,
Total,,78,78,78,78,312,,,,,
,,,,,,,,,,,
,,,,,,,,,,,
Cutting Matrix — Lot 11069,,,,,,,,,,,
Lot Number:,11069,Style:,FULL ZIPPER HOOD,,,,,,,,
Fabric:,GREAT STORY,Garment Type:,SWEATSHIRT ,,,,,,,,
Date of Issue:,2025-09-30,Supervisor:,SANJAY,,,,,,,,
,,,,,,,,,,,
Color,Cutting Table,M,L,XL,XXL,Total Pcs,,,,,
BLACK,1,41,82,41,41,205,,,,,
BOTTLE GREEN,1,23,46,23,23,115,,,,,
GREY,1,18,36,18,18,90,,,,,
NAVY,1,18,36,18,18,90,,,,,
OLIVE,1,18,36,18,18,90,,,,,
Total,,118,236,118,118,590,,,,,
,,,,,,,,,,,
Cutting Matrix — Lot 62005,,,,,,,,,,,
Lot Number:,62005,Style:,R/N SWEAT SHIRT,,,,,,,,
Fabric:,GERMAN FLEECE,Garment Type:,SWEATSHIRT,,,,,,,,
,,,,,,,,,,,
Color,Cutting Table,M,L,XL,XXL,Total Pcs,,,,,
1%,7,26,26,13,13,78,,,,,
15%,7,26,26,13,13,78,,,,,
BLACK,7,52,52,26,26,156,,,,,
CREAM,7,26,26,13,13,78,,,,,
D.COFFEE,7,26,26,13,13,78,,,,,
GOLD,7,26,26,13,13,78,,,,,
MEHROON,7,26,26,13,13,78,,,,,
ORANGE,7,26,26,13,13,78,,,,,
ROYAL,7,26,26,13,13,78,,,,,
SURF,7,26,26,13,13,78,,,,,
Total,,286,286,143,143,858,,,,,
,,,,,,,,,,,
,,,,,,,,,,,
Cutting Matrix — Lot 11053,,,,,,,,,,,
Lot Number:,11053,Style:,korean pattern,,,,,,,,
Fabric:,TIE DIE FLEECE & KAMO,Garment Type:,LOWER,,,,,,,,
,,,,,,,,,,,
Color,Cutting Table,M,L,XL,XXL,Total Pcs,,,,,
OFFWHITE (TIE DIE FLEECE),1,17,34,17,17,85,,,,,
OLIVE (TIE DIE FLEECE),1,17,34,17,17,85,,,,,
FAWN (TIE DIE FLEECE),1,22,44,22,22,110,,,,,
CAMEL (KAMO),1,20,40,20,20,100,,,,,
MOUSE (KAMO),1,20,40,20,20,100,,,,,
BLACK (KAMO),1,20,40,20,20,100,,,,,
Total,,116,232,116,116,580,,,,,
,,,,,,,,,,,
,,,,,,,,,,,
Cutting Matrix — Lot 11054,,,,,,,,,,,
Lot Number:,11054,Style:,korean pattern,,,,,,,,
Fabric:,TIE DIE FLEECE & KAMO,Garment Type:,LOWER,,,,,,,,
,,,,,,,,,,,
Color,Cutting Table,M,L,XL,XXL,Total Pcs,,,,,
BLACK (TIE DIE FLEECE),1,25,50,25,25,125,,,,,
COFFEE (TIE DIE FLEECE),1,16,32,16,16,80,,,,,
MOUSE (KAMO),1,19,38,19,19,95,,,,,
GREY (KAMO),1,22,44,22,22,110,,,,,
BEIGE (KAMO),1,22,44,22,22,110,,,,,
Total,,104,208,104,104,520,,,,,
,,,,,,,,,,,
,,,,,,,,,,,
Cutting Matrix — Lot 11001,,,,,,,,,,,
Lot Number:,11001,Style:,HOODIE,,,,,,,,
Fabric:,ROCK WOOL,Garment Type:,SWEATSHIRT,,,,,,,,
,,,,,,,,,,,
Color,Cutting Table,M,L,XL,XXL,Total Pcs,,,,,
MOUSE-LEAF,5,30,60,30,30,150,,,,,
LEAF-BLACK,5,30,60,30,30,150,,,,,
SELVAR-BLACK,5,30,60,30,30,150,,,,,
B/GREEN-FAWN,5,30,60,30,30,150,,,,,
FAWN-LEAF,5,30,60,30,30,150,,,,,
Total,,150,300,150,150,750,,,,,
,,,,,,,,,,,
,,,,,,,,,,,
Cutting Matrix — Lot 11002,,,,,,,,,,,
Lot Number:,11002,Style:,T/NECK ZIPPER,,,,,,,,
Fabric:,MICKEY,Garment Type:,SWEATSHIRT  ,,,,,,,,
,,,,,,,,,,,
Color,Cutting Table,M,L,XL,XXL,Total Pcs,,,,,
KHAKI,11,20,40,20,20,100,,,,,
L/GREY,11,20,40,20,20,100,,,,,
NAVY,11,20,40,20,20,100,,,,,
B/GREEN,11,20,40,20,20,100,,,,,
COFFEE,11,20,40,20,20,100,,,,,
Total,,100,200,100,100,500,,,,,
,,,,,,,,,,,
,,,,,,,,,,,
Cutting Matrix — Lot 11003,,,,,,,,,,,
Lot Number:,11003,Style:,HOODIE,,,,,,,,
Fabric:,MICKEY,Garment Type:,SWEATSHIRT,,,,,,,,
,,,,,,,,,,,
Color,Cutting Table,M,L,XL,XXL,Total Pcs,,,,,
KHAKI,1,30,60,30,30,150,,,,,
L/GREY,1,31,62,31,31,155,,,,,
NAVY,1,28,56,28,28,140,,,,,
B/GREEN,1,28,56,28,28,140,,,,,
OLIVE,1,28,56,28,28,140,,,,,
Total,,145,290,145,145,725,,,,,
,,,,,,,,,,,
,,,,,,,,,,,
Cutting Matrix — Lot 11004,,,,,,,,,,,
Lot Number:,11004,Style:,FULL ZIPPER HOODIE,,,,,,,,
Fabric:,M.H IMOORLED,Garment Type:,SWEATSHIRT,,,,,,,,
,,,,,,,,,,,
Color,Cutting Table,M,L,XL,XXL,Total Pcs,,,,,
R-GREEN,5,42,42,21,21,126,,,,,
RANI,5,46,46,23,23,138,,,,,
YELLOW,5,48,48,24,24,144,,,,,
D-GREY,5,44,44,22,22,132,,,,,
BLACK,5,46,46,23,23,138,,,,,
BLACK,5,42,42,21,21,126,,,,,
MOUSE,5,42,42,21,21,126,,,,,
SKY,5,44,44,22,22,132,,,,,
B-GREEN,5,40,40,20,20,120,,,,,
CAMEL,5,42,42,21,21,126,,,,,
COFFEE,5,42,42,21,21,126,,,,,
ROYAL ,5,46,46,23,23,138,,,,,
WHITE,5,46,46,23,23,138,,,,,
Total,,145,290,145,145,1710,,,,,
,,,,,,,,,,,
,,,,,,,,,,,
Cutting Matrix — Lot 11005,,,,,,,,,,,
Lot Number:,11005,Style:,FULL ZIPPER HOODIE,,,,,,,,
Fabric:,LOOPER LYER,Garment Type:,SWEATSHIRT,,,,,,,,
,,,,,,,,,,,
Color,Cutting Table,M,L,XL,XXL,Total Pcs,,,,,
GREY-BLACK,1,20,40,40,20,120,,,,,
OFWHITE-D/GREY,1,20,40,40,20,120,,,,,
B/GREEN-BLACK,1,20,40,40,20,120,,,,,
D/COFFEE-BLACK,1,20,40,40,20,120,,,,,
BLACK-L/GREY,1,20,40,40,20,120,,,,,
BLACK-D/GREY,1,20,40,40,20,120,,,,,
Total,,120,240,240,120,720,,,,,
,,,,,,,,,,,
,,,,,,,,,,,
Cutting Matrix — Lot 11006,,,,,,,,,,,
Lot Number:,11006,Style:,FULL ZIPPER HOODIE,,,,,,,,
Fabric:,LOOPER LYER,Garment Type:,SWEATSHIRT,,,,,,,,
,,,,,,,,,,,
Color,Cutting Table,M,L,XL,XXL,Total Pcs,,,,,
GREY,5,15,30,15,15,75,,,,,
D/GRY,5,15,30,15,15,75,,,,,
CREAM,5,14,28,14,14,70,,,,,
D/COFFEE,5,15,30,15,15,75,,,,,
B/GREEN,5,15,30,15,15,75,,,,,
BLACK,5,,,,,,,,,,
BLACK,5,,,,,,,,,,
Total,,74,148,74,74,370,,,,,
,,,,,,,,,,,
,,,,,,,,,,,
Cutting Matrix — Lot 11007,,,,,,,,,,,
Lot Number:,11007,Style:,SWEATSHIRT,,,,,,,,
Fabric:,TEERY LOOPER,Garment Type:,SWEATSHIRT,,,,,,,,
,,,,,,,,,,,
Color,Cutting Table,M,L,XL,XXL,Total Pcs,,,,,
BLACK,7,20,40,20,20,100,,,,,
D.GREEN,7,20,40,20,20,100,,,,,
GREY,7,20,40,20,20,100,,,,,
CREAM,7,20,40,20,20,100,,,,,
D.GREY,7,20,40,20,20,100,,,,,
D.COFFEE,7,20,40,20,20,100,,,,,
Total,,120,240,120,120,600,,,,,
,,,,,,,,,,,
,,,,,,,,,,,
Cutting Matrix — Lot 11008,,,,,,,,,,,
Lot Number:,11008,Style:,,,,,,,,,
Fabric:,LOOPER LYER,Garment Type:,LOWER,,,,,,,,
,,,,,,,,,,,
Color,Cutting Table,M,L,XL,XXL,Total Pcs,,,,,
BLACK,7,20,40,20,20,100,,,,,
D.GREEN,7,20,40,20,20,100,,,,,
GREY,7,20,40,20,20,100,,,,,
CREAM,7,20,40,20,20,100,,,,,
D.GREY,7,20,40,20,20,100,,,,,
D.COFFEE,7,20,40,20,20,100,,,,,
Total,,120,240,120,120,600,,,,,
,,,,,,,,,,,
,,,,,,,,,,,
Cutting Matrix — Lot 11009,,,,,,,,,,,
Lot Number:,11009,Style:,,,,,,,,,
Fabric:,K.T 507,Garment Type:,SWEATSHIRT,,,,,,,,
,,,,,,,,,,,
Color,Cutting Table,M,L,XL,XXL,Total Pcs,,,,,
COFFEE,1,25,50,25,25,125,,,,,
TAN,1,25,50,25,25,125,,,,,
OFF WHITE,1,25,50,25,25,125,,,,,
BLACK,1,25,50,25,25,125,,,,,
Total,,100,200,100,100,500,,,,,
,,,,,,,,,,,
,,,,,,,,,,,
Cutting Matrix — Lot 11011,,,,,,,,,,,
Lot Number:,11011,Style:,,,,,,,,,
Fabric:,TWEED PLAN,Garment Type:,SHACKET,,,,,,,,
,,,,,,,,,,,
Color,Cutting Table,M,L,XL,XXL,Total Pcs,,,,,
BLACK,1,25,50,25,25,125,,,,,
D/TAN,1,25,50,25,25,125,,,,,
M/GREY,1,25,50,25,25,125,,,,,
KHAKHI,1,25,50,25,25,125,,,,,
OFF WHITE,1,25,50,25,25,125,,,,,
TAN,1,25,50,25,25,125,,,,,
COFFEE,1,25,50,25,25,125,,,,,
Total,,175,350,175,175,875,,,,,
,,,,,,,,,,,
,,,,,,,,,,,
Cutting Matrix — Lot 11012,,,,,,,,,,,
Lot Number:,11012,Style:,,,,,,,,,
Fabric:,TWEED PLAN,Garment Type:,SHACKET,,,,,,,,
,,,,,,,,,,,
Color,Cutting Table,M,L,XL,XXL,Total Pcs,,,,,
BLACK,5,25,50,25,25,125,,,,,
D/TAN,5,23,46,23,23,115,,,,,
M/GREY,5,26,52,26,26,130,,,,,
KHAKHI,5,24,48,24,24,120,,,,,
COFFEE,5,25,50,25,25,125,,,,,
OFF WHITE,5,26,52,26,26,130,,,,,
TAN,5,26,52,26,26,130,,,,,
Total,,175,350,175,175,875,,,,,
,,,,,,,,,,,
,,,,,,,,,,,
Cutting Matrix — Lot 11013,,,,,,,,,,,
Lot Number:,11013,Style:,SS-REGULAR,,,,,,,,
Fabric:,Q#17,Garment Type:,LOWER ,,,,,,,,
,,,,,,,,,,,
Color,Cutting Table,M,L,XL,XXL,Total Pcs,,,,,
BLACK,1,70,70,35,35,210,,,,,
BLACK,1,70,70,35,35,210,,,,,
D.COFFEE,1,70,70,35,35,210,,,,,
BEIGE,1,68,68,34,34,204,,,,,
OLIVE,1,76,76,38,38,228,,,,,
L.GREY,1,76,76,38,38,228,,,,,
Total,,430,430,215,215,1290,,,,,
,,,,,,,,,,,
,,,,,,,,,,,
Cutting Matrix — Lot 11014,,,,,,,,,,,
Lot Number:,11014,Style:,SS-REGULAR,,,,,,,,
Fabric:,#HARIES,Garment Type:,LOWER ,,,,,,,,
,,,,,,,,,,,
Color,Cutting Table,M,L,XL,XXL,Total Pcs,,,,,
OLIVE,7,68,68,34,34,204,,,,,
CAMEL,7,74,74,37,37,222,,,,,
D/GREY,7,68,68,34,34,204,,,,,
PISTA,7,68,68,34,34,204,,,,,
Total,,278,278,139,139,834,,,,,
,,,,,,,,,,,
,,,,,,,,,,,
Cutting Matrix — Lot 11015,,,,,,,,,,,
Lot Number:,11015,Style:,CROSS HODDIE(SW-TRACKSUIT),,,,,,,,
Fabric:,GT-5739,Garment Type:,SWEATSHIRT,,,,,,,,
,,,,,,,,,,,
Color,Cutting Table,M,L,XL,Total Pcs,,,,,,
OFF WHITE,5,70,70,35,175,,,,,,
BLACK,5,66,66,33,165,,,,,,
GREY,5,68,68,34,170,,,,,,
Total,,204,204,102,510,,,,,,
,,,,,,,,,,,
,,,,,,,,,,,
Cutting Matrix — Lot 11016,,,,,,,,,,,
Lot Number:,11016,Style:,,,,,,,,,
Fabric:,GT-5739 TYE DIA,Garment Type:,,,,,,,,,
,,,,,,,,,,,
Color,Cutting Table,M,L,XL,Total Pcs,,,,,,
OFF WHITE,5,70,70,35,175,,,,,,
BLACK,5,66,66,33,165,,,,,,
GREY,5,68,68,34,170,,,,,,
Total,,204,204,102,510,,,,,,
,,,,,,,,,,,
,,,,,,,,,,,
Cutting Matrix — Lot 11017,,,,,,,,,,,
Lot Number:,11017,Style:,GENTS SHACKET,,,,,,,,
Fabric:,K.T 5077,Garment Type:,SHACKET,,,,,,,,
,,,,,,,,,,,
Color,Cutting Table,M,L,XL,XXL,Total Pcs,,,,,
COFFEE,1,19,38,19,19,95,,,,,
TAN,1,25,50,25,25,125,,,,,
OFF WHITE,1,25,50,25,25,125,,,,,
BLACK,1,40,80,40,40,200,,,,,
Total,,109,218,109,109,545,,,,,
,,,,,,,,,,,
,,,,,,,,,,,
Cutting Matrix — Lot 11018,,,,,,,,,,,
Lot Number:,11018,Style: ,GENTS CROSS HODDIE,,,,,,,,
Fabric:,TIE DIE FLEECE,Garment Type:,SWEATSHIRT,,,,,,,,
,,,,,,,,,,,
Color,Cutting Table,M,L,XL,Total Pcs,,,,,,
OLIVE+ GREEN,7,60,60,30,150,,,,,,
BEIGE-OLIVE,78,60,60,30,150,,,,,,
D/COFFEE - BEIGE,7,60,60,30,150,,,,,,
GREY-D/COFFEE,7,60,60,30,150,,,,,,
OFFWHITE,7,60,60,30,150,,,,,,
Total,,300,300,150,750,,,,,,
,,,,,,,,,,,
,,,,,,,,,,,
Cutting Matrix — Lot 11019,,,,,,,,,,,
Lot Number:,11019,Style: ,GENTS SS REGULAR PATTERN,,,,,,,,
Fabric:,TIE DIE FLEECE,Garment Type:,LOWER,,,,,,,,
,,,,,,,,,,,
Color,Cutting Table,M,L,XL,Total Pcs,,,,,,
OLIVE,,60,60,30,150,,,,,,
BEIGE-OLIVE,,60,60,30,150,,,,,,
D/COFFEE - BEIGE,,60,60,30,150,,,,,,
GREY-D/COFFEE,,60,60,30,150,,,,,,
OFFWHITE-GREY,,60,60,30,150,,,,,,
Total,,300,300,150,750,,,,,,
,,,,,,,,,,,
,,,,,,,,,,,
Cutting Matrix — Lot 11020,,,,,,,,,,,
Lot Number:,11020,Style:,GENTS CROSS HODDIE,,,,,,,,
Fabric:,GERMAN FLEECE,Garment Type:,SWEATSHIRT,,,,,,,,
,,,,,,,,,,,
Color,Cutting Table,M,L,XL,XXL,Total Pcs,,,,,
BLACK,1,60,60,30,30,180,,,,,
15% NAVY,1,60,60,30,30,180,,,,,
2% -RUST,4,60,60,30,30,180,,,,,
GREY-BLACK,4,64,64,32,32,192,,,,,
L/COFFEE - D/GREEN,4,60,60,30,30,180,,,,,
CREAM - 2%,4,60,60,30,30,180,,,,,
15%- ROYAL,1,60,60,30,30,180,,,,,
BLACK-15%,1,60,60,30,30,180,,,,,
RED-15%,4,58,58,29,29,174,,,,,
NAVY-15%,4,58,58,29,29,174,,,,,
ROYAL ,1,60,60,30,30,180,,,,,
Total,,660,660,330,330,1980,,,,,
,,,,,,,,,,,
,,,,,,,,,,,
Cutting Matrix — Lot 11021,,,,,,,,,,,
Lot Number:,11021,Style:,GENTS CROSS HODDIE,,,,,,,,
Fabric:,GERMAN FLEECE,Garment Type:,SWEATSHIRT,,,,,,,,
,,,,,,,,,,,
Color,Cutting Table,M,L,XL,Total Pcs,,,,,,
BLACK,1,60,60,30,150,,,,,,
15% ,1,60,60,30,150,,,,,,
CREAM ,1,60,60,30,150,,,,,,
C/GREEN,1,60,60,30,150,,,,,,
COFFEE,1,66,66,33,165,,,,,,
GREY,1,60,60,30,150,,,,,,
BEIGE,1,64,64,32,160,,,,,,
L/GREEN,1,58,58,29,145,,,,,,
BLACK,1,60,60,30,150,,,,,,
15%,1,60,60,30,150,,,,,,
Total,,608,608,304,1520,,,,,,
,,,,,,,,,,,
,,,,,,,,,,,
Cutting Matrix — Lot 11022,,,,,,,,,,,
Lot Number:,11022,Style: ,GENTS CROSS HOODIE,,,,,,,,
Fabric:,TIE DIE FLEECE,Garment Type:,LOWER,,,,,,,,
,,,,,,,,,,,
Color,Cutting Table,M,L,XL,Total Pcs,,,,,,
OLIVE,1,38,38,19,95,,,,,,
BEIGE,1,42,42,21,105,,,,,,
D/COFFEE,1,50,50,25,125,,,,,,
D/GREY,1,40,40,20,100,,,,,,
CREAM,1,46,46,23,115,,,,,,
Total,,216,216,108,540,,,,,,
,,,,,,,,,,,
,,,,,,,,,,,
Cutting Matrix — Lot 11023,,,,,,,,,,,
Lot Number:,11023,Style: ,GENTS CROSS HOODIE,,,,,,,,
Fabric:,TIE DIE FLEECE,Garment Type:,SWEATSHIRT,,,,,,,,
,,,,,,,,,,,
Color,Cutting Table,M,L,XL,Total Pcs,,,,,,
OLIVE,1,38,38,19,95,,,,,,
GREY,1,40,40,20,100,,,,,,
CREAM,1,34,34,17,85,,,,,,
BEIGE,1,42,42,21,105,,,,,,
COFFEE,1,34,34,17,85,,,,,,
Total,,188,188,94,470,,,,,,
,,,,,,,,,,,
,,,,,,,,,,,
Cutting Matrix — Lot 11024,,,,,,,,,,,
Lot Number:,11024,Style: ,GENTS COLLAR THOKA,,,,,,,,
Fabric:,COCH PRINT,Garment Type:,SWEATSHIRT,,,,,,,,
,,,,,,,,,,,
Color,Cutting Table,M,L,XL,XXL,Total Pcs,,,,,
D/GREY,,30,40,20,10,100,,,,,
BEIGE.C,,30,40,20,10,100,,,,,
OFF WHITE,,30,40,20,10,100,,,,,
BEIGE-D,,30,40,20,10,100,,,,,
Total,,120,160,80,40,400,,,,,
,,,,,,,,,,,
,,,,,,,,,,,
Cutting Matrix — Lot 11025,,,,,,,,,,,
Lot Number:,11025,Style: ,GENTS SS REGULAR PATTERN,,,,,,,,
Fabric:,COCH PRINT,Garment Type:,LOWER,,,,,,,,
,,,,,,,,,,,
Color,Cutting Table,M,L,XL,XXL,Total Pcs,,,,,
BROWN-BLACK,5,30,40,20,10,100,,,,,
OFF WHITE-D.COFFEE,5,30,40,20,10,100,,,,,
BEIGE-COFFEE,5,30,40,20,10,100,,,,,
D.GREY-BLACK,5,30,40,20,10,100,,,,,
Total,,120,160,80,40,400,,,,,
,,,,,,,,,,,
,,,,,,,,,,,
Cutting Matrix — Lot 11026,,,,,,,,,,,
Lot Number:,11026,Style: ,GENTS CROSS HOODIE,,,,,,,,
Fabric:,TIE DIE FLEECE EKT,Garment Type:,SWEATSHIRT,,,,,,,,
,,,,,,,,,,,
Color,Cutting Table,M,L,XL,XXL,Total Pcs,,,,,
BEIGE-COFFEE,4,26,52,26,26,130,,,,,
CREAM-D/GREY,4,26,52,26,26,130,,,,,
GREY-OLIVE,4,26,52,26,26,130,,,,,
COFFEE-BEIGE,4,26,52,26,26,130,,,,,
OLIVE-GREEN,4,26,52,26,26,130,,,,,
Total,,130,260,130,130,650,,,,,
,,,,,,,,,,,
,,,,,,,,,,,
Cutting Matrix — Lot 11027,,,,,,,,,,,
Lot Number:,11027,Style: ,GENTS REGULAR PATTERN,,,,,,,,
Fabric:,TIE DIE FLEECE EKT,Garment Type:,LOWER,,,,,,,,
,,,,,,,,,,,
Color,Cutting Table,M,L,XL,XXL,Total Pcs,,,,,
BEIGE-COFFEE,4,26,52,26,26,130,,,,,
CREAM-D/GREY,4,26,52,26,26,130,,,,,
GREY-OLIVE,4,26,52,26,26,130,,,,,
COFFEE-BEIGE,4,26,52,26,26,130,,,,,
OLIVE,4,26,52,26,26,130,,,,,
Total,,130,260,130,130,650,,,,,
,,,,,,,,,,,
,,,,,,,,,,,
Cutting Matrix — Lot 11079,,,,,,,,,,,
Lot Number:,11079,Style:,JOGGER,,,,,,,,
Fabric:,BABY FLEECE,Garment Type:,JOGGER,,,,,,,,
Date of Issue:,2025-10-13,Supervisor:,Monu,,,,,,,,
,,,,,,,,,,,
Color,Cutting Table,M,L,XL,XXL,Total Pcs,,,,,
15%,1,15,30,15,15,75,,,,,
BEIGE,1,16,32,16,16,80,,,,,
BLACK,1,36,72,36,36,180,,,,,
CREAM HALF,1,8,16,8,8,40,,,,,
D.COFFEE,1,17,34,17,17,85,,,,,
Total,,92,184,92,92,460,,,,,
,,,,,,,,,,,
Cutting Matrix — Lot 76001,,,,,,,,,,,
Lot Number:,76001,Style:,,,,,,,,,
Fabric:,MAX WELL,Garment Type:,SHIRT,,,,,,,,
,,,,,,,,,,,
Color,Cutting Table,S,M,L,XL,XXL,Total Pcs,,,,
SKY,11,10,20,20,20,10,80,,,,
WINE,11,6,12,26,12,6,62,,,,
BLACK,11,19,38,38,38,19,152,,,,
ROYAL BLUE,11,10,20,20,20,10,80,,,,
COFFEE,11,10,20,20,20,10,80,,,,
WHITE,11,14,28,28,28,14,112,,,,
CAMEL,11,10,20,20,20,10,80,,,,
GREEN,11,9,18,18,18,9,72,,,,
PISTA,11,9,18,23,18,9,77,,,,
OLIVE,0,0,0,0,0,0,0,,,,
RED,11,10,20,20,20,10,80,,,,
Total,,107,214,233,214,107,875,,,,
,,,,,,,,,,,
,,,,,,,,,,,
Cutting Matrix — Lot 76002,,,,,,,,,,,
Lot Number:,76002,Style:,,,,,,,,,
Fabric:,MAX WELL,Garment Type:,SHIRT,,,,,,,,
,,,,,,,,,,,
Color,Cutting Table,S,M,L,XL,XXL,Total Pcs,,,,
SKY,11,10,20,22,20,10,82,,,,
WINE,0,0,0,0,0,0,0,,,,
BLACK,11,19,38,46,38,19,160,,,,
ROYAL BLUE,11,10,20,20,20,10,80,,,,
COFFEE,11,9,18,20,18,9,74,,,,
WHITE,11,14,28,30,28,14,114,,,,
CAMEL,11,8,16,16,16,8,64,,,,
GREEN,11,10,20,24,20,10,84,,,,
PISTA,0,0,0,0,0,0,0,,,,
OLIVE,11,9,18,20,18,9,74,,,,
RED,11,9,18,22,18,9,76,,,,
Total,,98,196,220,196,98,808,,,,
,,,,,,,,,,,
,,,,,,,,,,,
Cutting Matrix — Lot 62006,,,,,,,,,,,
Lot Number:,62006,Style:,R/N SWEAT SHIRT,,,,,,,,
Fabric:,GERMAN FLEECE,Garment Type:,SWEATSHIRT  ,,,,,,,,
,,,,,,,,,,,
Color,Cutting Table,M,L,XL,XXL,Total Pcs,,,,,
BLACK,6,54,54,27,27,162,,,,,
R. GREEN,6,26,26,13,13,78,,,,,
RANI,6,28,28,14,14,84,,,,,
SKY,6,28,28,14,14,84,,,,,
SURF,6,26,26,13,13,78,,,,,
15%,6,28,28,14,14,84,,,,,
CREAM,6,28,28,14,14,84,,,,,
ROYAL,6,28,28,14,14,84,,,,,
ORANGE,6,28,28,14,14,84,,,,,
Total,,274,274,137,137,822,,,,,
,,,,,,,,,,,
,,,,,,,,,,,
Cutting Matrix — Lot 11060,,,,,,,,,,,
Lot Number:,11060,Style:,CROSS HODDIE,,,,,,,,
Fabric:,GERMAN FLEECE,Garment Type:,TRACKSUIT,,,,,,,,
,,,,,,,,,,,
Color,Cutting Table,M,L,XL,XXL,Total Pcs,,,,,
BLACK,4,51,102,51,51,255,,,,,
15%,4,24,48,24,24,120,,,,,
D.COFFEE,4,25,50,25,25,125,,,,,
BEIGE,4,24,48,24,24,120,,,,,
AIRFORCE,4,25,50,25,25,125,,,,,
RED,0,0,0,0,0,0,,,,,
Color,0,0,0,0,0,0,,,,,
NAVY,4,25,50,25,25,125,,,,,
Total,,149,298,149,149,870,,,,,
Cutting Matrix — Lot 11061,,,,,,,,,,,
Lot Number:,11061,Style:,JOGGER,,,,,,,,
Fabric:,GERMAN FLEECE,Garment Type:,TRACKSUIT,,,,,,,,
,,,,,,,,,,,
Color,Cutting Table,M,L,XL,XXL,Total Pcs,,,,,
BLACK,4,51,102,51,51,255,,,,,
15%,4,24,48,24,24,120,,,,,
D.COFFEE,4,25,50,25,25,125,,,,,
BEIGE,4,24,48,24,24,120,,,,,
AIRFORCE,4,25,50,25,25,125,,,,,
NAVY,4,25,50,25,25,125,,,,,
Color,0,0,0,0,0,0,,,,,
Total,,174,348,174,174,870,,,,,
,,,,,,,,,,,
Cutting Matrix — Lot 11080,,,,,,,,,,,
Lot Number:,11080,Style:,JOGGER,,,,,,,,
Fabric:,BABY FLEECE,Garment Type:,JOGGER,,,,,,,,
,,,,,,,,,,,
Color,Cutting Table,M,L,XL,XXL,Total Pcs,,,,,
15 % 20,1,22,44,22,22,110,,,,,
BLACK 30,1,30,60,30,30,150,,,,,
Total,,52,104,52,52,260,,,,,
,,,,,,,,,,,
,,,,,,,,,,,
Cutting Matrix — Lot 11072,,,,,,,,,,,
Lot Number:,11072,Style:,CROSS HODDIE,,,,,,,,
Fabric:,GERMAN FLEECE +COACH PRINT,Garment Type:,TRACKSUIT,,,,,,,,
,,,,,,,,,,,
Color,Cutting Table,M,L,XL,XXL,Total Pcs,,,,,
COACH(BROWN) (FLEECE BLACK),0,0,0,0,0,0,,,,,
GREY (BLACK),1,57,114,57,57,285,,,,,
OFFWHITE (BLACK),0,0,0,0,0,0,,,,,
BEIGE,0,0,0,0,0,0,,,,,
TAN (COFFEE),1,38,76,38,38,190,,,,,
BROWN (TAN*),0,0,0,0,0,0,,,,,
Total,,95,190,95,95,475,,,,,
,,,,,,,,,,,
,,,,,,,,,,,
Cutting Matrix — Lot 11064,,,,,,,,,,,
Lot Number:,11064,Style:,CROSS HODDIE,,,,,,,,
Fabric:,GERMAN FLEECE,Garment Type:,TRACK SUIT,,,,,,,,
Date of Issue:,2025-10-13,Supervisor:,Sonu,,,,,,,,
,,,,,,,,,,,
Color,Cutting Table,M,L,XL,XXL,Total Pcs,,,,,
1%,1,20,40,20,20,100,,,,,
15%,1,20,40,20,20,100,,,,,
AIRFORCE,1,20,40,20,20,100,,,,,
D.COFEE,1,20,40,20,20,100,,,,,
NAVY,1,20,40,20,20,100,,,,,
OFFWHITE,1,20,40,20,20,100,,,,,
RED (NAVY LOWER),1,20,40,20,20,100,,,,,
Total,,140,280,140,140,700,,,,,
,,,,,,,,,,,
Cutting Matrix — Lot 11071,,,,,,,,,,,
Lot Number:,11071,Style:,CROSS HODDIE,,,,,,,,
Fabric:,GERMAN FLEECE +COACH PRINT,Garment Type:,TRACKSUIT,,,,,,,,
Date of Issue:,2025-10-07,Supervisor:,Sonu,,,,,,,,
,,,,,,,,,,,
Color,Cutting Table,M,L,XL,XXL,Total Pcs,,,,,
BEIGE,0,0,0,0,0,0,,,,,
BROWN (TAN*),1,19,38,19,19,95,,,,,
COACH(BROWN) (FLEECE BLACK),1,19,38,19,19,95,,,,,
GREY (BLACK),1,19,38,19,19,95,,,,,
OFFWHITE (BLACK),1,19,38,19,19,95,,,,,
TAN (COFFEE),1,19,38,19,19,95,,,,,
Total,,95,190,95,95,475,,,,,
,,,,,,,,,,,
Cutting Matrix — Lot 11074,,,,,,,,,,,
Lot Number:,11074,Style:,T/NECK FULL ZIPPER,,,,,,,,
Fabric:,SOUTHPOLE,Garment Type:,SWEATSHIRT,,,,,,,,
Date of Issue:,2025-10-07,Supervisor:,Rohit,,,,,,,,
,,,,,,,,,,,
Color,Cutting Table,M,L,XL,XXL,Total Pcs,,,,,
B.GREEN,7,20,40,20,20,100,,,,,
BLACK,7,20,40,20,20,100,,,,,
CHOCOLATE,7,20,40,20,20,100,,,,,
LEAF,7,20,40,20,20,100,,,,,
MOUSE,7,20,40,20,20,100,,,,,
Total,,100,200,100,100,500,,,,,
,,,,,,,,,,,
Cutting Matrix — Lot 11075,,,,,,,,,,,
Lot Number:,11075,Style:,FULL ZIPPER (MONKEY HOOD),,,,,,,,
Fabric:,SOUTH POLE,Garment Type:,SWEATSHIRT ,,,,,,,,
Date of Issue:,2025-10-06,Supervisor:,Monu,,,,,,,,
,,,,,,,,,,,
Color,Cutting Table,M,L,XL,XXL,Total Pcs,,,,,
B.GREEN (SILVER),6,20,40,20,20,100,,,,,
BLACK (SILVER),6,20,40,20,20,100,,,,,
FAWN (B.GREEN),6,20,40,20,20,100,,,,,
SILVER (D.GREY),6,20,40,20,20,100,,,,,
D.GREY (SILVER),6,20,40,20,20,100,,,,,
Total,,100,200,100,100,500,,,,,
,,,,,,,,,,,
,,,,,,,,,,,
,,,,,,,,,,,
,,,,,,,,,,,
,,,,,,,,,,,
,,,,,,,,,,,
,,,,,,,,,,,
,,,,,,,,,,,
,,,,,,,,,,,
,,,,,,,,,,,
,,,,,,,,,,,
,,,,,,,,,,,
,,,,,,,,,,,
Cutting Matrix — Lot 73014,,,,,,,,,,,
Lot Number:,73014,Style:,FILLING JACKET,,,,,,,,
Fabric:,JORDAN RIB,Garment Type:,JACKET,,,,,,,,
,,,,,,,,,,,
Color,Cutting Table,M,L,XL,XXL,Total Pcs,,,,,
FAWN,8,22,44,22,22,110,,,,,
RED,8,23,46,23,23,115,,,,,
BLACK,8,23,46,23,23,115,,,,,
B.GREEN,8,22,44,22,22,110,,,,,
D.GREEN,8,23,46,23,23,115,,,,,
COFFEE,8,23,46,23,23,115,,,,,
ROYAL,8,23,46,23,23,115,,,,,
Total,,159,318,159,159,795,,,,,
,,,,,,,,,,,
,,,,,,,,,,,
Cutting Matrix — Lot 73015,,,,,,,,,,,
Lot Number:,73015,Style:,FILLING JACKET,,,,,,,,
Fabric:,JORDAN RIB,Garment Type:,JACKET,,,,,,,,
,,,,,,,,,,,
Color,Cutting Table,M,L,XL,XXL,Total Pcs,,,,,
CAMEL,9,23,46,23,23,115,,,,,
ROYAL,9,23,46,23,23,115,,,,,
WHITE,9,23,46,23,23,115,,,,,
BLACK,9,23,46,23,23,115,,,,,
L.GREY,9,23,46,23,23,115,,,,,
D.GREY,9,23,46,23,23,115,,,,,
Total,,138,276,138,138,690,,,,,
,,,,,,,,,,,
,,,,,,,,,,,
Cutting Matrix — Lot 11044,,,,,,,,,,,
Lot Number:,11044,Style:,Jogger Mohit hosiery pattern,,,,,,,,
Fabric:,Baby fleece,Garment Type:,LOWER,,,,,,,,
,,,,,,,,,,,
Color,Cutting Table,m,l,xl,xxl,Total Pcs,,,,,
15%,5,29,58,29,29,145,,,,,
black,5,60,120,60,60,300,,,,,
new coffee,5,30,60,30,30,150,,,,,
navy,5,30,60,30,30,150,,,,,
d.green,5,30,60,30,30,150,,,,,
d.grey,5,30,60,30,30,150,,,,,
BEIGE,5,30,60,30,30,150,,,,,
Total,,239,478,239,239,1195,,,,,
,,,,,,,,,,,
,,,,,,,,,,,
Cutting Matrix — Lot 73022,,,,,,,,,,,
Lot Number:,73022,Style:,,,,,,,,,
Fabric:,SUEDE,Garment Type:,JACKET,,,,,,,,
,,,,,,,,,,,
Color,Cutting Table,M,L,XL,XXL,Total Pcs,,,,,
COFFEE,9,20,40,20,20,100,,,,,
OLIVE,9,21,42,21,21,105,,,,,
CAMEL,9,21,42,21,21,105,,,,,
STONE,9,20,40,20,20,100,,,,,
D.GREY,9,21,42,21,21,105,,,,,
Total,,103,206,103,103,515,,,,,
,,,,,,,,,,,
,,,,,,,,,,,
Cutting Matrix — Lot 73016,,,,,,,,,,,
Lot Number:,73016,Style:,FILLING JACKET,,,,,,,,
Fabric:,JORDAN RIB,Garment Type:,JACKET,,,,,,,,
,,,,,,,,,,,
Color,Cutting Table,M,L,XL,XXL,Total Pcs,,,,,
FAWN,8,22,44,22,22,110,,,,,
NAVY,8,22,44,22,22,110,,,,,
D.GREY,8,23,46,23,23,115,,,,,
RED,8,23,46,23,23,115,,,,,
WHITE,8,22,44,22,22,110,,,,,
B.GREEN,8,23,46,23,23,115,,,,,
L.GREY,8,23,46,23,23,115,,,,,
Total,,158,316,158,158,790,,,,,
,,,,,,,,,,,
,,,,,,,,,,,
Cutting Matrix — Lot 11050,,,,,,,,,,,
Lot Number:,11050,Style:,CROSS HODDIE,,,,,,,,
Fabric:,MH GERMAN  FLEECE,Garment Type:,SWEATSHIRT,,,,,,,,
,,,,,,,,,,,
Color,Cutting Table,M,L,XL,XXL,Total Pcs,,,,,
D.COFFEE,0,0,0,0,0,0,,,,,
C.GREEN,0,0,0,0,0,0,,,,,
15%,4,22,44,22,22,110,,,,,
BLACK,4,28,56,28,28,140,,,,,
SKY,5,22,44,22,22,110,,,,,
BEIGE,5,25,50,25,25,125,,,,,
NEW COFFEE,5,25,50,25,25,125,,,,,
RUST,5,25,50,25,25,125,,,,,
OFF-WHITE,4,26,52,26,26,130,,,,,
Total,,173,346,173,173,865,,,,,
,,,,,,,,,,,
,,,,,,,,,,,
Cutting Matrix — Lot 11076,,,,,,,,,,,
Lot Number:,11076,Style:,FULL ZIPPER (MONKEY HOOD),,,,,,,,
Fabric:,GREAT STORY+Q-20,Garment Type:,SWEATSHIRT,,,,,,,,
,,,,,,,,,,,
Color,Cutting Table,M,L,XL,XXL,Total Pcs,,,,,
B.GREEN (KHAKHI(Q-20)),5,20,40,20,20,100,,,,,
BLACK (COFFEE),5,20,40,20,20,100,,,,,
BLACK (KHAKHI),5,20,40,20,20,100,,,,,
GREY (COFFEE),5,20,40,20,20,100,,,,,
NAVY (OLIVE),5,20,40,20,20,100,,,,,
OLIVE (COFFEE),5,20,40,20,20,100,,,,,
Total,,120,240,120,120,600,,,,,
,,,,,,,,,,,
,,,,,,,,,,,
Cutting Matrix — Lot 11045,,,,,,,,,,,
Lot Number:,11045,Style:,,,,,,,,,
Fabric:,mh german fleece,Garment Type:,LOWER,,,,,,,,
,,,,,,,,,,,
Color,Cutting Table,M,L,XL,2XL,Total Pcs,,,,,
black,4,57,114,57,57,285,,,,,
15%,4,24,48,24,24,120,,,,,
d.grey,4,25,50,25,25,125,,,,,
coffee,4,28,56,28,28,140,,,,,
olive,4,25,50,25,25,125,,,,,
BEIGE,4,24,48,24,24,120,,,,,
Total,,183,366,183,183,915,,,,,
,,,,,,,,,,,
,,,,,,,,,,,
Cutting Matrix — Lot 11065,,,,,,,,,,,
Lot Number:,11065,Style:,JOGGER,,,,,,,,
Fabric:,GERMAN FLEECE,Garment Type:,TRACK SUIT,,,,,,,,
Date of Issue:,2025-10-11,Supervisor:,Monu,,,,,,,,
,,,,,,,,,,,
Color,Cutting Table,M,L,XL,XXL,Total Pcs,,,,,
1%,1,20,40,20,20,100,,,,,
15%,1,20,40,20,20,100,,,,,
AIRFORCE,1,20,40,20,20,100,,,,,
D.COFEE,1,20,40,20,20,100,,,,,
NAVY,1,20,40,20,20,100,,,,,
OFFWHITE,1,20,40,20,20,100,,,,,
RED (NAVY LOWER),1,20,40,20,20,100,,,,,
Total,,120,240,120,120,600,,,,,
,,,,,,,,,,,
Cutting Matrix — Lot 11073,,,,,,,,,,,
Lot Number:,11073,Style:,FULL ZIPPER (MONKEY HOOD),,,,,,,,
Fabric:,ROCK WOOD KT4603,Garment Type:,SWEATSHIRT,,,,,,,,
,,,,,,,,,,,
Color,Cutting Table,M,L,XL,XXL,Total Pcs,,,,,
BLACK (BASE) (LEAF(MATCHING)),5,15,30,15,15,75,,,,,
D.GREY (BLACK),5,15,30,15,15,75,,,,,
FAWN (COFFEE),5,15,30,15,15,75,,,,,
GREEN (SILVER),5,15,30,15,15,75,,,,,
LEAF (FAWN),5,15,30,15,15,75,,,,,
Total,,75,150,75,75,375,,,,,
,,,,,,,,,,,
,,,,,,,,,,,
Cutting Matrix — Lot 11088,,,,,,,,,,,
Lot Number:,11088,Style:,HALF ZIPPER,,,,,,,,
Fabric:,MH GERMAN  FLEECE,Garment Type:,SWEATSHIRT,,,,,,,,
,,,,,,,,,,,
Color,Cutting Table,M,L,XL,XXL,Total Pcs,,,,,
15%,5,22,44,22,22,110,,,,,
AIR FORCE,5,26,52,26,26,130,,,,,
B.GREEN,0,0,0,0,0,0,,,,,
BLACK,5,23,46,23,23,115,,,,,
CAMEL,5,24,48,24,24,120,,,,,
COFFEE,5,24,48,24,24,120,,,,,
CREAM,5,22,44,22,22,110,,,,,
L.GREY,5,24,48,24,24,120,,,,,
LIGHT GREEN,0,0,0,0,0,0,,,,,
MEHROON,5,23,46,23,23,115,,,,,
OFF. WHITE,0,0,0,0,0,0,,,,,
RUST,0,0,0,0,0,0,,,,,
SKY,5,23,46,23,23,115,,,,,
Total,,211,422,211,211,1055,,,,,
,,,,,,,,,,,
,,,,,,,,,,,
Cutting Matrix — Lot 11087,,,,,,,,,,,
Lot Number:,11087,Style:,CROSS HODDIE,,,,,,,,
Fabric:,MH GERMAN  FLEECE,Garment Type:,SWEATSHIRT,,,,,,,,
,,,,,,,,,,,
Color,Cutting Table,M,L,XL,XXL,Total Pcs,,,,,
15%,5,25,50,25,25,125,,,,,
AIR FORCE,5,27,54,27,27,135,,,,,
B.GREEN,0,0,0,0,0,0,,,,,
BLACK,5,25,50,25,25,125,,,,,
CAMEL,5,25,50,25,25,125,,,,,
COFFEE,5,25,50,25,25,125,,,,,
CREAM,5,25,50,25,25,125,,,,,
L.GREY,5,24,48,24,24,120,,,,,
LIGHT GREEN,0,0,0,0,0,0,,,,,
MEHROON,5,25,50,25,25,125,,,,,
OFF. WHITE,0,0,0,0,0,0,,,,,
RUST,0,0,0,0,0,0,,,,,
SKY,5,25,50,25,25,125,,,,,
Total,,226,452,226,226,1130,,,,,
,,,,,,,,,,,
,,,,,,,,,,,
Cutting Matrix — Lot 64005,,,,,,,,,,,
Lot Number:,64005,Style:,,,,,,,,,
Fabric:,(SOUTH POLE),Garment Type:,SWEATSHIRT,,,,,,,,
,,,,,,,,,,,
Color,Cutting Table,L,XL,XXL,Total Pcs,,,,,,
CHOCOLATE,11,16,32,16,64,,,,,,
BOTTLE GREEN,0,0,0,0,0,,,,,,
SILVER,0,0,0,0,0,,,,,,
FAWN,11,18,36,18,72,,,,,,
GREY,0,0,0,0,0,,,,,,
BLACK,11,15,30,15,60,,,,,,
LEAF,11,15,30,15,60,,,,,,
D.GREEN,11,16,32,16,64,,,,,,
Total,,80,160,80,320,,,,,,
,,,,,,,,,,,
,,,,,,,,,,,
Cutting Matrix — Lot 11085,,,,,,,,,,,
Lot Number:,11085,Style:,FULL ZIPPER (MONKEY HOOD),,,,,,,,
Fabric:,BONDED FABRIC,Garment Type:,SWEATSHIRT,,,,,,,,
,,,,,,,,,,,
Color,Cutting Table,M,L,XL,XXL,Total Pcs,,,,,
BLACK,1,59,118,59,59,295,,,,,
COFFEE,1,30,60,30,30,150,,,,,
CREAM,1,59,118,59,59,295,,,,,
FAWN,1,30,60,30,30,150,,,,,
Total,,178,356,178,178,890,,,,,
,,,,,,,,,,,
,,,,,,,,,,,
Cutting Matrix — Lot 11031,,,,,,,,,,,
Lot Number:,11031,Style:,Lacoste ka logo lgega sticker,,,,,,,,
Fabric:,DESOWE KT,Garment Type:,TRACK SUIT,,,,,,,,
,,,,,,,,,,,
Color,Cutting Table,M,L,XL,XXL,Total Pcs,,,,,
Black,1,44,88,44,44,220,,,,,
butter,1,23,46,23,23,115,,,,,
Leaf,1,21,42,21,21,105,,,,,
mouse,1,23,46,23,23,115,,,,,
Total,,111,222,111,111,555,,,,,
,,,,,,,,,,,
,,,,,,,,,,,
Cutting Matrix — Lot 11032,,,,,,,,,,,
Lot Number:,11032,Style:,Lacoste ka logo lgega sticker ,,,,,,,,
Fabric:,DESOWE KT,Garment Type:,TRACK SUIT,,,,,,,,
,,,,,,,,,,,
Color,Cutting Table,M,L,XL,XXL,Total Pcs,,,,,
Black,1,44,88,44,44,220,,,,,
Leaf,1,21,42,21,21,105,,,,,
butter,1,23,46,23,23,115,,,,,
mouse,1,23,46,23,23,115,,,,,
Total,,111,222,111,111,555,,,,,
,,,,,,,,,,,
,,,,,,,,,,,
Cutting Matrix — Lot 11041,,,,,,,,,,,
Lot Number:,11041,Style:,FULL ZIPPER (MONKEY HOOD),,,,,,,,
Fabric:,FANCY CLOTH DIOR,Garment Type:,SWEATSHIRT,,,,,,,,
,,,,,,,,,,,
Color,Cutting Table,M,L,XL,2XL,Total Pcs,,,,,
COFFEE,1,18,36,18,18,90,,,,,
BLACK,1,46,92,46,46,230,,,,,
FAWN,0,0,0,0,0,0,,,,,
BEIGE,1,18,36,18,18,90,,,,,
Total,,82,164,82,82,410,,,,,
,,,,,,,,,,,
,,,,,,,,,,,
Cutting Matrix — Lot 11068,,,,,,,,,,,
Lot Number:,11068,Style:,CROSS HODDIE,,,,,,,,
Fabric:,GERMAN FLEECE +KEMO,Garment Type:,TRACK SUIT,,,,,,,,
Date of Issue:,2025-10-10,Supervisor:,Monu,,,,,,,,
,,,,,,,,,,,
Color,Cutting Table,M,L,XL,XXL,Total Pcs,,,,,
15% (BLACK (KEMO)),5,20,40,20,20,100,,,,,
B.GREEN (OLIVE (KEMO)),5,20,40,20,20,100,,,,,
BLACK (MOUSE (KEMO)),5,20,40,20,20,100,,,,,
BLACK (OLIVE (KEMO)),5,20,40,20,20,100,,,,,
CAMEL (MOUSE (KEMO)),5,20,40,20,20,100,,,,,
COFFEE (MOUSE (KEMO)),5,20,40,20,20,100,,,,,
OFF WHITE (GREY (KEMO)),5,20,40,20,20,100,,,,,
Total,,140,280,140,140,700,,,,,
,,,,,,,,,,,
Cutting Matrix — Lot 11082,,,,,,,,,,,
Lot Number:,11082,Style:,T.NECK HALF ZIPPER,,,,,,,,
Fabric:,GREAT STORY,Garment Type:,SWEATSHIRT,,,,,,,,
,,,,,,,,,,,
Color,Cutting Table,M,L,XL,XXL,Total Pcs,,,,,
BLACK (GREY),6,21,42,21,21,105,,,,,
BLACK (OLIVE),6,21,42,21,21,105,,,,,
BOTTLE GREEN (BLACK(MATCHING)),6,21,42,21,21,105,,,,,
GREY (BLACK),6,21,42,21,21,105,,,,,
NAVY (GREY),6,21,42,21,21,105,,,,,
OLIVE (BLACK),6,21,42,21,21,105,,,,,
Total,,126,252,126,126,630,,,,,
,,,,,,,,,,,
,,,,,,,,,,,
Cutting Matrix — Lot 11063,,,,,,,,,,,
Lot Number:,11063,Style:,JOGGER,,,,,,,,
Fabric:,GERMAN FLEECE,Garment Type:,TRACK SUIT,,,,,,,,
,,,,,,,,,,,
Color,Cutting Table,M,L,XL,XXL,Total Pcs,,,,,
15%,5,24,48,24,24,120,,,,,
AIRFORCE,5,24,48,24,24,120,,,,,
BEIGE,5,24,48,24,24,120,,,,,
BLACK,5,48,96,48,48,240,,,,,
D.COFFEE,1,24,48,24,24,120,,,,,
NAVY,5,24,48,24,24,120,,,,,
Total,,168,336,168,168,840,,,,,
,,,,,,,,,,,
,,,,,,,,,,,
Cutting Matrix — Lot 11089,,,,,,,,,,,
Lot Number:,11089,Style:,CROSS HODDIE,,,,,,,,
Fabric:,GERMAN FLEECE,Garment Type:,TRACK SUIT,,,,,,,,
,,,,,,,,,,,
Color,Cutting Table,M,L,XL,XXL,Total Pcs,,,,,
B.GREEN,1,20,40,20,20,100,,,,,
BEIGE,5,20,40,20,20,100,,,,,
BLACK,5,20,40,20,20,100,,,,,
CREAM,5,20,40,20,20,100,,,,,
D.COFFEE,1,20,40,20,20,100,,,,,
OLIVE,5,20,40,20,20,100,,,,,
Total,,120,240,120,120,600,,,,,
,,,,,,,,,,,
,,,,,,,,,,,
Cutting Matrix — Lot 11090,,,,,,,,,,,
Lot Number:,11090,Style:,CROSS HODDIE,,,,,,,,
Fabric:,GERMAN FLEECE,Garment Type:,TRACK SUIT,,,,,,,,
,,,,,,,,,,,
Color,Cutting Table,M,L,XL,XXL,Total Pcs,,,,,
B.GREEN,1,20,40,20,20,100,,,,,
BEIGE,5,20,40,20,20,100,,,,,
BLACK,5,20,40,20,20,100,,,,,
CREAM,5,20,40,20,20,100,,,,,
D.COFFEE,1,20,40,20,20,100,,,,,
OLIVE,5,20,40,20,20,100,,,,,
Total,,120,240,120,120,600,,,,,
,,,,,,,,,,,
,,,,,,,,,,,
Cutting Matrix — Lot 11092,,,,,,,,,,,
Lot Number:,11092,Style:,CROSS HODDIE (ROUND NECK),,,,,,,,
Fabric:,GERMAN FLEECE,Garment Type:,SWEATSHIRT  ,,,,,,,,
,,,,,,,,,,,
Color,Cutting Table,M,L,XL,XXL,Total Pcs,,,,,
BLACK,6,102,102,51,51,306,,,,,
ORANGE,6,52,52,26,26,156,,,,,
15%,6,52,52,26,26,156,,,,,
GOLD,6,50,50,25,25,150,,,,,
CREAM,6,50,50,25,25,150,,,,,
SURF,6,52,52,26,26,156,,,,,
MEHROON,6,50,50,25,25,150,,,,,
D.COFFEE,6,50,50,25,25,150,,,,,
1%,0,0,0,0,0,0,,,,,
ROYAL,6,50,50,25,25,150,,,,,
Color,0,0,0,0,0,0,,,,,
Total,,508,508,254,254,1524,,,,,
,,,,,,,,,,,
,,,,,,,,,,,
,,,,,,,,,,,
,,,,,,,,,,,
,,,,,,,,,,,
,,,,,,,,,,,
,,,,,,,,,,,
,,,,,,,,,,,
,,,,,,,,,,,
,,,,,,,,,,,
,,,,,,,,,,,
,,,,,,,,,,,
,,,,,,,,,,,
,,,,,,,,,,,
,,,,,,,,,,,
,,,,,,,,,,,
,,,,,,,,,,,
,,,,,,,,,,,
,,,,,,,,,,,
,,,,,,,,,,,
,,,,,,,,,,,
,,,,,,,,,,,
,,,,,,,,,,,
,,,,,,,,,,,
,,,,,,,,,,,
Cutting Matrix — Lot 11306,,,,,,,,,,,
Lot Number:,11306,Style:,COLLAR + THOKA,,,,,,,,
Fabric:,LYCRA MATTY,Garment Type:,T-SHIRT,,,,,,,,
,,,,,,,,,,,
Color,Cutting Table,M,L,XL,XXL,Total Pcs,,,,,
BLACK (L OLIVE),2,34,68,34,34,170,,,,,
BLACK (WHITE),0,0,0,0,0,0,,,,,
CREAM (L OLIVE),2,39,78,39,39,195,,,,,
D GREY (BLACK),2,35,70,35,35,175,,,,,
L OLIVE (WHITE),2,34,68,34,34,170,,,,,
OFF WHITE (BLACK),0,0,0,0,0,0,,,,,
RED (WHITE),2,35,70,35,35,175,,,,,
ROYAL(WHITE),0,0,0,0,0,0,,,,,
Total,,177,354,177,177,885,,,,,
,,,,,,,,,,,
,,,,,,,,,,,
,,,,,,,,,,,
,,,,,,,,,,,
,,,,,,,,,,,
,,,,,,,,,,,
,,,,,,,,,,,
,,,,,,,,,,,
,,,,,,,,,,,
,,,,,,,,,,,
,,,,,,,,,,,
,,,,,,,,,,,
,,,,,,,,,,,
,,,,,,,,,,,
Cutting Matrix — Lot 73020,,,,,,,,,,,
Lot Number:,73020,Style:,,,,,,,,,
Fabric:,LEATHER,Garment Type:,JACKET,,,,,,,,
,,,,,,,,,,,
Color,Cutting Table,M,L,XL,XXL,Total Pcs,,,,,
BLACK,8,40,40,22,22,124,,,,,
BROWN,8,40,40,22,22,124,,,,,
Total,,80,80,44,44,248,,,,,
,,,,,,,,,,,
,,,,,,,,,,,
Cutting Matrix — Lot 73023,,,,,,,,,,,
Lot Number:,73023,Style:,filling jacket,,,,,,,,
Fabric:,PRINTED COACH,Garment Type:,JACKET,,,,,,,,
,,,,,,,,,,,
Color,Cutting Table,M,L,XL,XXL,Total Pcs,,,,,
BLACK,9,25,50,25,25,125,,,,,
OLIVE,9,25,50,25,25,125,,,,,
Total,,50,100,50,50,250,,,,,
,,,,,,,,,,,
,,,,,,,,,,,
Cutting Matrix — Lot 73024,,,,,,,,,,,
Lot Number:,73024,Style:,FILING JACKET,,,,,,,,
Fabric:,Z -CIRE,Garment Type:,JACKET,,,,,,,,
,,,,,,,,,,,
Color,Cutting Table,M,L,XL,XXL,Total Pcs,,,,,
NAVY(BASE) (BLACK),9,17,34,17,17,85,,,,,
ROYAL (SILVER),9,13,26,13,13,65,,,,,
D.GREY (BLACK),9,17,34,17,17,85,,,,,
L.GREY (D.GREY),9,17,34,17,17,85,,,,,
PETROL (TAN),9,16,32,16,16,80,,,,,
Total,,80,160,80,80,400,,,,,
,,,,,,,,,,,
,,,,,,,,,,,
Cutting Matrix — Lot 73025,,,,,,,,,,,
Lot Number:,73025,Style:,COTTON JACKET,,,,,,,,
Fabric:,G STAR,Garment Type:,JACKET,,,,,,,,
,,,,,,,,,,,
Color,Cutting Table,M,L,XL,XXL,Total Pcs,,,,,
NAVY,8,22,44,22,22,110,,,,,
BLACK,8,22,44,22,22,110,,,,,
OLIVE,8,22,44,22,22,110,,,,,
TAN,8,23,46,23,23,115,,,,,
Total,,89,178,89,89,445,,,,,
,,,,,,,,,,,
,,,,,,,,,,,
Cutting Matrix — Lot 11062,,,,,,,,,,,
Lot Number:,11062,Style:,COLLAR + THOKA,,,,,,,,
Fabric:,GERMAN FLEECE,Garment Type:,TRACK SUIT,,,,,,,,
,,,,,,,,,,,
Color,Cutting Table,M,L,XL,XXL,Total Pcs,,,,,
15%,5,24,48,24,24,120,,,,,
AIRFORCE,5,24,48,24,24,120,,,,,
BEIGE,5,24,48,24,24,120,,,,r,
BLACK,5,48,96,48,48,240,,,,,
D.COFFEE,1,24,48,24,24,120,,,,,
RED,5,24,48,24,24,120,,,,,
Total,,168,336,168,168,840,,,,,
,,,,,,,,,,,
,,,,,,,,,,,
Cutting Matrix — Lot 11084,,,,,,,,,,,
Lot Number:,11084,Style:,T/NECK FULL ZIPPER,,,,,,,,
Fabric:,BONDED FABRIC,Garment Type:,SWEATSHIRT,,,,,,,,
,,,,,,,,,,,
Color,Cutting Table,M,L,XL,XXL,Total Pcs,,,,,
BLACK,1,63,126,63,63,315,,,,,
COFFEE,1,32,64,32,32,160,,,,,
Color,0,0,0,0,0,0,,,,,
CREAM,1,64,128,64,64,320,,,,,
FAWN,1,32,64,32,32,160,,,,,
Total,,191,382,191,191,955,,,,,
,,,,,,,,,,,
Cutting Matrix — Lot 11086,,,,,,,,,,,
Lot Number:,11086,Style:,HALF ZIPPER,,,,,,,,
Fabric:,GERMAN FLEECE,Garment Type:,SWEATSHIRT,,,,,,,,
,,,,,,,,,,,
Color,Cutting Table,M,L,XL,XXL,Total Pcs,,,,,
15% (NAVY (HOOD)),7,24,48,24,24,120,,,,,
BLACK (15%),7,24,48,24,24,120,,,,,
BLACK (CAMEL),7,24,48,24,24,120,,,,,
CAMEL (CREAM),2,28,56,28,28,140,,,,,
CREAM (CAMEL),2,24,48,24,24,120,,,,,
D.COFFEE (CREAM),7,24,48,24,24,120,,,,,
NAVY (15%),7,24,48,24,24,120,,,,,
RUST (CREAM),7,23,46,23,23,115,,,,,
SKY (NAVY),2,23,46,23,23,115,,,,,
Total,,218,436,218,218,1090,,,,,
,,,,,,,,,,,
,,,,,,,,,,,
Cutting Matrix — Lot 11093,,,,,,,,,,,
Lot Number:,11093,Style:,CROSS HODDIE,,,,,,,,
Fabric:,GERMAN FLEECE,Garment Type:,SWEATSHIRT  R/N,,,,,,,,
,,,,,,,,,,,
Color,Cutting Table,M,L,XL,XXL,Total Pcs,,,,,
BLACK,1,100,100,50,50,300,,,,,
ORANGE,1,50,50,25,25,150,,,,,
15%,1,48,48,24,24,144,,,,,
GOLD,1,50,50,25,25,150,,,,,
CREAM,1,52,52,26,26,156,,,,,
SURF,1,50,50,25,25,150,,,,,
MEHROON,1,50,50,25,25,150,,,,,
D.COFFEE,1,50,50,25,25,150,,,,,
1%,0,0,0,0,0,0,,,,,
ROYAL,1,50,50,25,25,150,,,,,
,,,,,,,,,,,
Total,,500,500,250,250,1500,,,,,
,,,,,,,,,,,
,,,,,,,,,,,
Cutting Matrix — Lot 64010,,,,,,,,,,,
Lot Number:,64010,Style:,,,,,,,,,
Fabric:,MICKEY FABRIC,Garment Type:,LOWER,,,,,,,,
,,,,,,,,,,,
Color,Cutting Table,M,L,XL,2XL,Total Pcs,,,,,
BLACK,1,12,12,12,12,48,,,,,
OLIVE,1,12,12,12,12,48,,,,,
DGREY,0,0,0,0,0,0,,,,,
FAWN,1,12,12,12,12,48,,,,,
COFFEE,1,12,12,12,12,48,,,,,
Color,0,0,0,0,0,0,,,,,
Total,,48,48,48,48,192,,,,,
,,,,,,,,,,,
,,,,,,,,,,,
,,,,,,,,,,,
,,,,,,,,,,,
,,,,,,,,,,,
Cutting Matrix — Lot 11067,,,,,,,,,,,
Lot Number:,11067,Style:,CROSS HODDIE,,,,,,,,
Fabric:,GERMAN FLEECE +KEMO,Garment Type:,TRACK SUIT,,,,,,,,
Date of Issue:,2025-10-10,Supervisor:,Rohit,,,,,,,,
,,,,,,,,,,,
Color,Cutting Table,M,L,XL,XXL,Total Pcs,,,,,
15% (BLACK (KEMO)),5,20,40,20,20,100,,,,,
B.GREEN (OLIVE (KEMO)),5,20,40,20,20,100,,,,,
BLACK (MOUSE (KEMO)),5,20,40,20,20,100,,,,,
BLACK (OLIVE (KEMO)),5,20,40,20,20,100,,,,,
CAMEL (MOUSE (KEMO)),5,20,40,20,20,100,,,,,
COFFEE (MOUSE (KEMO)),5,20,40,20,20,100,,,,,
OFF WHITE (GREY (KEMO)),5,20,40,20,20,100,,,,,
Total,,140,280,140,140,700,,,,,
,,,,,,,,,,,
Cutting Matrix — Lot 73008,,,,,,,,,,,
Lot Number:,73008,Style:,,,,,,,,,
Fabric:,LEADER KNIT,Garment Type:,JACKET(WIND CHEATER),,,,,,,,
,,,,,,,,,,,
Color,Cutting Table,M,L,XL,XXL,Total Pcs,,,,,
OLIVE,8,32,64,32,32,160,,,,,
MOUSE,8,31,62,31,31,155,,,,,
BROWN,8,32,64,32,32,160,,,,,
DEEP GREY,8,31,62,31,31,155,,,,,
COFFEE,8,31,62,31,31,155,,,,,
Total,,157,314,157,157,785,,,,,
,,,,,,,,,,,
,,,,,,,,,,,
Cutting Matrix — Lot 11091,,,,,,,,,,,
Lot Number:,11091,Style:,FULL ZIPPER (MONKEY HOOD),,,,,,,,
Fabric:,SOUTHPOLE,Garment Type:,SWEATSHIRT,,,,,,,,
,,,,,,,,,,,
Color,Cutting Table,M,L,XL,XXL,Total Pcs,,,,,
B.GREEN,6,22,44,22,22,110,,,,,
BLACK,6,22,44,22,22,110,,,,,
LEAF,6,22,44,22,22,110,,,,,
MOUSE,6,22,44,22,22,110,,,,,
SHADOW,6,22,44,22,22,110,,,,,
Total,,110,220,110,110,550,,,,,
,,,,,,,,,,,
,,,,,,,,,,,
,,,,,,,,,,,
Cutting Matrix — Lot 73026,,,,,,,,,,,
Lot Number:,73026,Style:,CHESTER,,,,,,,,
Fabric:,G STAR,Garment Type:,JACKET,,,,,,,,
,,,,,,,,,,,
Color,Cutting Table,M,L,XL,XXL,Total Pcs,,,,,
NAVY,8,17,34,17,17,85,,,,,
D.OLIVE,0,0,0,0,0,0,,,,,
KHAKHI,8,22,44,22,22,110,,,,,
BLACK,8,23,46,23,23,115,,,,,
TAN,8,23,46,23,23,115,,,,,
L.GREY,8,20,40,20,20,100,,,,,
Color,0,0,0,0,0,0,,,,,
OLIVE,8,22,44,22,22,110,,,,,
Total,,127,254,127,127,635,,,,,
,,,,,,,,,,,
,,,,,,,,,,,
Cutting Matrix — Lot 73021,,,,,,,,,,,
Lot Number:,73021,Style:,,,,,,,,,
Fabric:,LEATHER,Garment Type:,JACKET,,,,,,,,
,,,,,,,,,,,
Color,Cutting Table,M,L,XL,XXL,Total Pcs,,,,,
BLACK,8,40,40,20,20,120,,,,,
BROWN,8,40,40,20,20,120,,,,,
Total,,80,80,40,40,240,,,,,
,,,,,,,,,,,
,,,,,,,,,,,
Cutting Matrix — Lot 73010,,,,,,,,,,,
Lot Number:,73010,Style:,sandow jacket(sleveless),,,,,,,,
Fabric:,SUEDE QUILTED FABRIC,Garment Type:,JACKET,,,,,,,,
,,,,,,,,,,,
Color,Cutting Table,M,L,XL,XXL,Total Pcs,,,,,
COFFEE,9,20,40,20,20,100,,,,,
CAMEL,0,0,0,0,0,0,,,,,
BLACK,0,0,0,0,0,0,,,,,
OLIVE,0,0,0,0,0,0,,,,,
BROWN,9,20,40,20,20,100,,,,,
NAVY,0,0,0,0,0,0,,,,,
D.GREEN,0,0,0,0,0,0,,,,,
Total,,40,80,40,40,200,,,,,
,,,,,,,,,,,
,,,,,,,,,,,
Cutting Matrix — Lot 73012,,,,,,,,,,,
Lot Number:,73012,Style:,sandow jacket(sleveless),,,,,,,,
Fabric:,SUEDE QUILTED FABRIC,Garment Type:,JACKET,,,,,,,,
,,,,,,,,,,,
Color,Cutting Table,M,L,XL,XXL,Total Pcs,,,,,
COFFEE,9,12,24,12,12,60,,,,,
CAMEL,0,0,0,0,0,0,,,,,
BLACK,0,0,0,0,0,0,,,,,
OLIVE,0,0,0,0,0,0,,,,,
BROWN,9,24,48,24,24,120,,,,,
NAVY,0,0,0,0,0,0,,,,,
D.GREEN,0,0,0,0,0,0,,,,,
Total,,36,72,36,36,180,,,,,
,,,,,,,,,,,
,,,,,,,,,,,
Cutting Matrix — Lot 11083,,,,,,,,,,,
Lot Number:,11083,Style:,,,,,,,,,
Fabric:,GERMAN FLEECE,Garment Type:,SWEATSHIRT,,,,,,,,
,,,,,,,,,,,
Color,Cutting Table,M,L,XL,XXL,Total Pcs,,,,,
15%,5,28,56,28,28,140,,,,,
BEIGE,5,25,50,25,25,125,,,,,
BLACK,5,50,100,50,50,250,,,,,
CAMEL,5,25,50,25,25,125,,,,,
CREAM,0,0,0,0,0,0,,,,,
D.COFFEE,5,25,50,25,25,125,,,,,
L.PISTA,0,0,0,0,0,0,,,,,
MOUSE MILITARY,5,25,50,25,25,125,,,,,
OLIVE MILITARY,5,25,50,25,25,125,,,,,
Total,,203,406,203,203,1015,,,,,
,,,,,,,,,,,
,,,,,,,,,,,
Cutting Matrix — Lot 76003,,,,,,,,,,,
Lot Number:,76003,Style:,,,,,,,,,
Fabric:,PST PIN CHECK,Garment Type:,SHIRT,,,,,,,,
,,,,,,,,,,,
Color,Cutting Table,S,M,L,XL,XXL,Total Pcs,,,,
GREEN,11,10,20,20,20,10,80,,,,
R . BLUE,11,10,20,20,20,10,80,,,,
PASSAT,11,11,22,22,22,11,88,,,,
BROWN,11,10,20,20,20,10,80,,,,
ORANGE,11,10,20,20,20,10,80,,,,
L . LEMAN,11,11,22,22,22,11,88,,,,
FEROJI,11,11,22,22,22,11,88,,,,
RED,11,10,20,20,20,10,80,,,,
PINK,11,10,20,20,20,10,80,,,,
SKY,11,10,20,20,20,10,80,,,,
TAN,11,10,20,20,20,10,80,,,,
TEAL,11,10,20,20,20,10,80,,,,
PURPLE,11,10,20,20,20,10,80,,,,
D. LEMAN,11,11,22,22,22,11,88,,,,
CAMEL,11,11,22,22,22,11,88,,,,
BLUE,11,10,20,20,20,10,80,,,,
AIRFORCE,11,12,24,24,24,12,96,,,,
YELLOW,11,10,20,20,20,10,80,,,,
Total,,187,374,374,374,187,1496,,,,
,,,,,,,,,,,
,,,,,,,,,,,
Cutting Matrix — Lot 76004,,,,,,,,,,,
Lot Number:,76004,Style:,,,,,,,,,
Fabric:,PST PIN CHECK,Garment Type:,SHIRT,,,,,,,,
,,,,,,,,,,,
Color,Cutting Table,S,M,L,XL,XXL,Total Pcs,,,,
GREEN,11,12,24,24,24,12,96,,,,
R . BLUE,11,9,18,18,18,9,72,,,,
PASSAT,11,10,20,20,20,10,80,,,,
BROWN,11,9,18,18,18,9,72,,,,
ORANGE,11,11,22,22,22,11,88,,,,
L . LEMAN,11,10,20,20,20,10,80,,,,
FEROJI,11,9,18,18,18,9,72,,,,
RED,11,9,18,18,18,9,72,,,,
PINK,11,11,22,22,22,11,88,,,,
SKY,11,10,20,20,20,10,80,,,,
TAN,11,9,18,18,18,9,72,,,,
TEAL,11,9,18,18,18,9,72,,,,
PURPLE,11,9,18,18,18,9,72,,,,
D. LEMAN,11,10,20,20,20,10,80,,,,
CAMEL,11,10,20,20,20,10,80,,,,
BLUE,11,9,18,18,18,9,72,,,,
AIRFORCE,11,10,20,20,20,10,80,,,,
YELLOW,11,9,18,18,18,9,72,,,,
Total,,175,350,350,350,175,1400,,,,
,,,,,,,,,,,
,,,,,,,,,,,
Cutting Matrix — Lot 64009,,,,,,,,,,,
Lot Number:,64009,Style:,,,,,,,,,
Fabric:,MICKEY FABRIC,Garment Type:,LOWER,,,,,,,,
,,,,,,,,,,,
Color,Cutting Table,M,L,XL,2XL,Total Pcs,,,,,
BLACK,1,12,12,12,12,48,,,,,
COFFEE,1,12,12,12,12,48,,,,,
D.GREY,1,12,12,12,12,48,,,,,
FAWN,1,12,12,12,12,48,,,,,
OLIVE,1,12,12,12,12,48,,,,,
Total,,60,60,60,60,240,,,,,
,,,,,,,,,,,
,,,,,,,,,,,
,,,,,,,,,,,
,,,,,,,,,,,
,,,,,,,,,,,
,,,,,,,,,,,
,,,,,,,,,,,
,,,,,,,,,,,
,,,,,,,,,,,
,,,,,,,,,,,
,,,,,,,,,,,
,,,,,,,,,,,
,,,,,,,,,,,
,,,,,,,,,,,
Cutting Matrix — Lot 11096,,,,,,,,,,,
Lot Number:,11096,Style:,HALF ZIPPER,,,,,,,,
Fabric:,IMPORTED STRIPER,Garment Type:,SWEATSHIRT COLLAR,,,,,,,,
Date of Issue:,2025-10-13,Supervisor:,Sanjay,,,,,,,,
,,,,,,,,,,,
Color,Cutting Table,M,L,XL,XXL,Total Pcs,,,,,
BEIGE RED DORA,1,15,30,15,15,75,,,,,
GREEN YELLOW DORA,1,13,25,13,13,64,,,,,
OFFWHITE ORANGE DORA,1,15,29,15,15,74,,,,,
YELLOW GREEN DORA,1,13,25,13,13,64,,,,,
Total,,56,109,56,56,277,,,,,
,,,,,,,,,,,
Cutting Matrix — Lot 11081,,,,,,,,,,,
Lot Number:,11081,Style:,FULL ZIPPER (MONKEY HOOD),,,,,,,,
Fabric:,GREAT STORY+Q-20,Garment Type:,SWEATSHIRT,,,,,,,,
,,,,,,,,,,,
Color,Cutting Table,M,L,XL,XXL,Total Pcs,,,,,
B.GREEN (KHAKHI(Q-20)),5,10,20,10,10,50,,,,,
BLACK (COFFEE),5,10,20,10,10,50,,,,,
BLACK (KHAKHI),5,10,20,10,10,50,,,,,
GREY (COFFEE),5,10,20,10,10,50,,,,,
NAVY (OLIVE),5,10,20,10,10,50,,,,,
OLIVE (COFFEE),5,10,20,10,10,50,,,,,
Total,,60,120,60,60,300,,,,,
,,,,,,,,,,,
,,,,,,,,,,,
Cutting Matrix — Lot 11095,,,,,,,,,,,
Lot Number:,11095,Style:,HALF ZIPPER,,,,,,,,
Fabric:,IMPORTED STRIPER,Garment Type:,SWEATSHIRT,,,,,,,,
,,,,,,,,,,,
Color,Cutting Table,M,L,XL,XXL,Total Pcs,,,,,
BEIGE NAVY DORA,2,15,30,15,15,75,,,,,
GREEN YELLOW DORA,4,13,25,12,12,62,,,,,
OFFWHITE GREEN DORA,2,15,30,15,15,75,,,,,
RED YELLOW DORA,4,14,25,14,14,67,,,,,
Total,,57,110,56,56,279,,,,,
,,,,,,,,,,,
,,,,,,,,,,,
Cutting Matrix — Lot 11105,,,,,,,,,,,
Lot Number:,11105,Style:,,,,,,,,,
Fabric:,GERMAN FLEECE,Garment Type:,LOWER,,,,,,,,
,,,,,,,,,,,
Color,Cutting Table,M,L,XL,XXL,Total Pcs,,,,,
15%,5,28,56,28,28,140,,,,,
BLACK,5,50,100,50,50,250,,,,,
CREAM(12 SET),0,0,0,0,0,0,,,,,
CAMEL,1,25,50,25,25,125,,,,,
BEIGE,5,25,50,25,25,125,,,,,
D.COFFEE,5,25,50,25,25,125,,,,,
MOUSE MILITARY,5,25,50,25,25,125,,,,,
OLIVE MILITARY,5,25,50,25,25,125,,,,,
Total,,203,406,203,203,1015,,,,,
,,,,,,,,,,,
,,,,,,,,,,,
Cutting Matrix — Lot 73031,,,,,,,,,,,
Lot Number:,73031,Style:,FULL SLEEVE,,,,,,,,
Fabric:,20 D,Garment Type:,JACKET,,,,,,,,
,,,,,,,,,,,
Color,Cutting Table,M,L,XL,XXL,Total Pcs,,,,,
COFFEE,8,13,26,13,13,65,,,,,
FAWN,8,13,26,13,13,65,,,,,
OLIVE,8,13,26,13,13,65,,,,,
BLACK,8,13,26,13,13,65,,,,,
NAVY,8,13,26,13,13,65,,,,,
GREY,0,0,0,0,0,0,,,,,
D.GREY,0,0,0,0,0,0,,,,,
L.GREY,8,15,30,15,15,75,,,,,
Total,,80,160,80,80,400,,,,,
,,,,,,,,,,,
,,,,,,,,,,,
Cutting Matrix — Lot 76005,,,,,,,,,,,
Lot Number:,76005,Style:,,,,,,,,,
Fabric:,PST PIN CHECK,Garment Type:,SHIRT,,,,,,,,
,,,,,,,,,,,
Color,Cutting Table,S,M,L,XL,XXL,Total Pcs,,,,
AIRFORCE,11,9,16,16,16,9,66,,,,
BLUE,11,10,20,20,20,10,80,,,,
BROWN,11,11,22,22,22,11,88,,,,
CAMEL,11,10,20,20,20,10,80,,,,
D.LEMAN,11,10,20,20,20,10,80,,,,
FEROJI,11,9,18,18,18,9,72,,,,
GREEN,11,10,20,20,20,10,80,,,,
L.LEMAN,11,11,22,22,22,11,88,,,,
ORANGE,11,10,20,20,20,10,80,,,,
PASSAT,11,9,18,18,18,9,72,,,,
PINK,11,10,20,20,20,10,80,,,,
PURPLE,11,9,18,18,18,9,72,,,,
R.BLUE,11,10,17,17,17,10,71,,,,
RED,11,9,18,18,18,9,72,,,,
SKY,11,10,20,20,20,10,80,,,,
TAN,11,9,18,18,18,9,72,,,,
TEAL,11,9,18,18,18,9,72,,,,
YELLOW,11,10,20,20,20,10,80,,,,
Total,,175,345,345,345,175,1385,,,,
,,,,,,,,,,,
,,,,,,,,,,,
,,,,,,,,,,,
Cutting Matrix — Lot 73032,,,,,,,,,,,
Lot Number:,73032,Style:,FULL SLEEVE,,,,,,,,
Fabric:,20 D,Garment Type:,JACKET,,,,,,,,
,,,,,,,,,,,
Color,Cutting Table,M,L,XL,XXL,Total Pcs,,,,,
BLACK,8,13,26,13,13,65,,,,,
COFFEE,8,13,26,13,13,65,,,,,
DARK GREY,8,13,26,13,13,65,,,,,
KHAKHI,8,13,26,13,13,65,,,,,
NAVY,8,13,26,13,13,65,,,,,
OLIVE,8,14,28,14,14,70,,,,,
Total,,79,158,79,79,395,,,,,
,,,,,,,,,,,
,,,,,,,,,,,
Cutting Matrix — Lot 64011,,,,,,,,,,,
Lot Number:,64011,Style:,,,,,,,,,
Fabric:,MICKEY FABRIC,Garment Type:,LOWER,,,,,,,,
,,,,,,,,,,,
Color,Cutting Table,M,L,XL,2XL,Total Pcs,,,,,
L.GREY (BLACK),6,12,12,12,12,48,,,,,
COFFEE (KHAKHI),6,12,12,12,12,48,,,,,
BLACK (OLIVE),6,12,12,12,12,48,,,,,
KHAKI (BLACK),6,12,12,12,12,48,,,,,
OLIVE (BLACK),6,12,12,12,12,48,,,,,
Total,,60,60,60,60,240,,,,,
,,,,,,,,,,,
,,,,,,,,,,,
Cutting Matrix — Lot 11110,,,,,,,,,,,
Lot Number:,11110,Style:,FULL ZIPPER (MONKEY HOOD),,,,,,,,
Fabric:,MH IMPORTED,Garment Type:,SWEATSHIRT,,,,,,,,
Date of Issue:,2025-10-13,Supervisor:,Sanjay,,,,,,,,
,,,,,,,,,,,
Color,Cutting Table,M,L,XL,XXL,Total Pcs,,,,,
AIR FORCE,5,36,36,18,18,108,,,,,
B.GREEN,5,36,36,18,18,108,,,,,
CEMENT,5,34,34,17,17,102,,,,,
D.COFFEE,5,34,34,17,17,102,,,,,
MEHROON,5,32,32,16,16,96,,,,,
MOUSE,5,36,36,18,18,108,,,,,
OFF WHITE,5,36,36,18,18,108,,,,,
RANI,5,36,36,18,18,108,,,,,
ROYAL BLUE,5,36,36,18,18,108,,,,,
RUST,5,36,36,18,18,108,,,,,
Total,,352,352,176,176,1056,,,,,
,,,,,,,,,,,
Cutting Matrix — Lot 11029,,,,,,,,,,,
Lot Number:,11029,Style:,FULL ZIPPER (MONKEY HOOD),,,,,,,,
Fabric:,3553,Garment Type:,SWEATSHIRT,,,,,,,,
,,,,,,,,,,,
Color,Cutting Table,M,L,XL,XXL,Total Pcs,,,,,
BLACK,1,20,40,20,20,100,,,,,
OFFWHITE,1,20,40,20,20,100,,,,,
OLIVE,1,20,40,20,20,100,,,,,
Total,,60,120,60,60,300,,,,,
,,,,,,,,,,,
,,,,,,,,,,,
Cutting Matrix — Lot 11101,,,,,,,,,,,
Lot Number:,11101,Style:,CROSS HODDIE,,,,,,,,
Fabric:,3553,Garment Type:,TRACK SUIT,,,,,,,,
Date of Issue:,2025-10-11,Supervisor:,Rohit,,,,,,,,
,,,,,,,,,,,
Color,Cutting Table,M,L,XL,XXL,Total Pcs,,,,,
BLACK,4,19,38,19,19,95,,,,,
COFFEE,4,17,34,17,17,85,,,,,
OFF WHITE,4,19,38,19,19,95,,,,,
Total,,55,110,55,55,275,,,,,
,,,,,,,,,,,
Cutting Matrix — Lot 11106,,,,,,,,,,,
Lot Number:,11106,Style:,jogger,,,,,,,,
Fabric:,GERMAN FLEECE,Garment Type:,TRACK SUIT,,,,,,,,
,,,,,,,,,,,
Color,Cutting Table,M,L,XL,XXL,Total Pcs,,,,,
15%,1,30,60,30,30,150,,,,,
AIRFORCE,1,30,60,30,30,150,,,,,
NAVY,1,30,60,30,30,150,,,,,
OFF WHITE,1,30,60,30,30,150,,,,,
RED,1,30,60,30,30,150,,,,,
Total,,150,300,150,150,750,,,,,
,,,,,,,,,,,
,,,,,,,,,,,
Cutting Matrix — Lot 11107,,,,,,,,,,,
Lot Number:,11107,Style:,jogger,,,,,,,,
Fabric:,GERMAN FLEECE,Garment Type:,TRACK SUIT,,,,,,,,
,,,,,,,,,,,
Color,Cutting Table,M,L,XL,XXL,Total Pcs,,,,,
15%,1,30,60,30,30,150,,,,,
AIRFORCE,1,30,60,30,30,150,,,,,
NAVY,1,30,60,30,30,150,,,,,
OFF WHITE,1,30,60,30,30,150,,,,,
RED,1,30,60,30,30,150,,,,,
Total,,150,300,150,150,750,,,,,
,,,,,,,,,,,
,,,,,,,,,,,
Cutting Matrix — Lot 11108,,,,,,,,,,,
Lot Number:,11108,Style:,jogger,,,,,,,,
Fabric:,GERMAN FLEECE,Garment Type:,TRACK SUIT,,,,,,,,
,,,,,,,,,,,
Color,Cutting Table,M,L,XL,XXL,Total Pcs,,,,,
15%,6,30,60,30,30,150,,,,,
BLACK,6,30,60,30,30,150,,,,,
CAMEL,6,30,60,30,30,150,,,,,
D.COFFEE,6,30,60,30,30,150,,,,,
NAVY,6,30,60,30,30,150,,,,,
Total,,150,300,150,150,750,,,,,
,,,,,,,,,,,
,,,,,,,,,,,
Cutting Matrix — Lot 73029,,,,,,,,,,,
Lot Number:,73029,Style:,SLEEVE LESS,,,,,,,,
Fabric:,20 D,Garment Type:,JACKET,,,,,,,,
,,,,,,,,,,,
Color,Cutting Table,M,L,XL,XXL,Total Pcs,,,,,
BLACK,8,19,38,19,19,95,,,,,
COFFEE,8,19,38,19,19,95,,,,,
DARK GREY,8,19,38,19,19,95,,,,,
FAWN,8,18,36,18,18,90,,,,,
OLIVE,8,19,38,19,19,95,,,,,
Total,,94,188,94,94,470,,,,,
,,,,,,,,,,,
,,,,,,,,,,,
Cutting Matrix — Lot 73030,,,,,,,,,,,
Lot Number:,73030,Style:,SLEEVE LESS,,,,,,,,
Fabric:,20 D,Garment Type:,JACKET,,,,,,,,
,,,,,,,,,,,
Color,Cutting Table,M,L,XL,XXL,Total Pcs,,,,,
LIGHT GREY,8,19,38,19,19,95,,,,,
NAVY,8,19,38,19,19,95,,,,,
KHAKHI,8,19,38,19,19,95,,,,,
OLIVE,8,19,38,19,19,95,,,,,
BLACK,8,19,38,19,19,95,,,,,
Total,,95,190,95,95,475,,,,,
,,,,,,,,,,,
,,,,,,,,,,,
Cutting Matrix — Lot 11099,,,,,,,,,,,
Lot Number:,11099,Style:,CROSS HODDIE,,,,,,,,
Fabric:,GERMAN FLEECE,Garment Type:,SWEATSHIRT HOODIE,,,,,,,,
Date of Issue:,2025-10-14,Supervisor:,Rohit,,,,,,,,
,,,,,,,,,,,
Color,Cutting Table,M,L,XL,XXL,Total Pcs,,,,,
BLACK,5,20,40,20,20,100,,,,,
CREAM,5,20,40,20,20,100,,,,,
Total,,40,80,40,40,200,,,,,
,,,,,,,,,,,
Cutting Matrix — Lot 11098,,,,,,,,,,,
Lot Number:,11098,Style:,CROSS HODDIE,,,,,,,,
Fabric:,GERMAN FLEECE,Garment Type:,SWEATSHIRT HOODIE,,,,,,,,
Date of Issue:,2025-10-14,Supervisor:,Rohit,,,,,,,,
,,,,,,,,,,,
Color,Cutting Table,M,L,XL,XXL,Total Pcs,,,,,
BLACK,5,20,40,20,20,100,,,,,
CREAM,5,20,40,20,20,100,,,,,
Total,,40,80,40,40,200,,,,,
,,,,,,,,,,,
Cutting Matrix — Lot 11100,,,,,,,,,,,
Lot Number:,11100,Style:,CROSS HODDIE,,,,,,,,
Fabric:,GERMAN FLEECE,Garment Type:,SWEATSHIRT HOODIE,,,,,,,,
Date of Issue:,2025-10-14,Supervisor:,Rohit,,,,,,,,
,,,,,,,,,,,
Color,Cutting Table,M,L,XL,XXL,Total Pcs,,,,,
BLACK,5,20,40,20,20,100,,,,,
CREAM,5,20,40,20,20,100,,,,,
Total,,40,80,40,40,200,,,,,
,,,,,,,,,,,
Cutting Matrix — Lot 11109,,,,,,,,,,,
Lot Number:,11109,Style:,jogger,,,,,,,,
Fabric:,GERMAN FLEECE,Garment Type:,TRACK SUIT,,,,,,,,
,,,,,,,,,,,
Color,Cutting Table,M,L,XL,XXL,Total Pcs,,,,,
15%,6,30,60,30,30,150,,,,,
BLACK,6,30,60,30,30,150,,,,,
CAMEL,6,30,60,30,30,150,,,,,
D.COFFEE,6,30,60,30,30,150,,,,,
NAVY,6,30,60,30,30,150,,,,,
Total,,150,300,150,150,750,,,,,
,,,,,,,,,,,
,,,,,,,,,,,
Cutting Matrix — Lot 73027,,,,,,,,,,,
Lot Number:,73027,Style:,SLEEVE LESS,,,,,,,,
Fabric:,JKT-506,Garment Type:,JACKET,,,,,,,,
,,,,,,,,,,,
Color,Cutting Table,M,L,XL,XXL,Total Pcs,,,,,
BLACK,9,17,34,17,17,85,,,,,
D.TAN,9,17,34,17,17,85,,,,,
KHAKHI,9,17,34,17,17,85,,,,,
NAVY,9,17,34,17,17,85,,,,,
OLIVE,9,17,34,17,17,85,,,,,
STONE,9,17,34,17,17,85,,,,,
Total,,102,204,102,102,510,,,,,
,,,,,,,,,,,
,,,,,,,,,,,
Cutting Matrix — Lot 73028,,,,,,,,,,,
Lot Number:,73028,Style:,FULL SLEEVE JACKET,,,,,,,,
Fabric:,JKT-506,Garment Type:,JACKET,,,,,,,,
,,,,,,,,,,,
Color,Cutting Table,M,L,XL,XXL,Total Pcs,,,,,
BLACK,9,15,30,15,15,75,,,,,
D.TAN,9,15,30,15,15,75,,,,,
KHAKHI,9,15,30,15,15,75,,,,,
NAVY,9,15,30,15,15,75,,,,,
OLIVE,9,15,30,15,15,75,,,,,
STONE,9,15,30,15,15,75,,,,,
Total,,90,180,90,90,450,,,,,
,,,,,,,,,,,
,,,,,,,,,,,
Cutting Matrix — Lot 11097,,,,,,,,,,,
Lot Number:,11097,Style:,R/N SWEAT SHIRT,,,,,,,,
Fabric:,GERMAN FLEECE,Garment Type:,SWEATSHIRT  R/N,,,,,,,,
,,,,,,,,,,,
Color,Cutting Table,M,L,XL,XXL,Total Pcs,,,,,
BLACK (CREAM),5,24,48,24,24,120,,,,,
CREAM (BLACK),5,24,48,24,24,120,,,,,
Total,,48,96,48,48,240,,,,,
,,,,,,,,,,,
,,,,,,,,,,,
Cutting Matrix — Lot 11103,,,,,,,,,,,
Lot Number:,11103,Style:,CROSS HODDIE,,,,,,,,
Fabric:,KT3480(2),Garment Type:,TRACK SUIT,,,,,,,,
,,,,,,,,,,,
Color,Cutting Table,M,L,XL,XXL,Total Pcs,,,,,
BEIGE,1,20,40,20,20,100,,,,,
BLACK,1,20,40,20,20,100,,,,,
COFFEE,1,20,40,20,20,100,,,,,
OFF WHITE,1,20,40,20,20,100,,,,,
Total,,80,160,80,80,400,,,,,
,,,,,,,,,,,
,,,,,,,,,,,
Cutting Matrix — Lot 11113,,,,,,,,,,,
Lot Number:,11113,Style:,CROSS HODDIE,,,,,,,,
Fabric:,MH GERMAN  FLEECE,Garment Type:,TRACK SUIT,,,,,,,,
Date of Issue:,2025-10-15,Supervisor:,Rohit,,,,,,,,
,,,,,,,,,,,
Color,Cutting Table,M,L,XL,XXL,Total Pcs,,,,,
15%,5,25,50,25,25,125,,,,,
B.GREEN,5,25,50,25,25,125,,,,,
BLACK,5,50,100,50,50,250,,,,,
CAMEL,5,25,50,25,25,125,,,,,
LIGHT GREY,5,25,50,25,25,125,,,,,
OFF.WHITE,5,25,50,25,25,125,,,,,
RED,5,25,50,25,25,125,,,,,
ROYAL,5,25,50,25,25,125,,,,,
SKY,5,25,50,25,25,125,,,,,
TEAL,5,25,50,25,25,125,,,,,
Total,,275,550,275,275,1375,,,,,
,,,,,,,,,,,
Cutting Matrix — Lot 11114,,,,,,,,,,,
Lot Number:,11114,Style:,CROSS HODDIE,,,,,,,,
Fabric:,MH GERMAN  FLEECE,Garment Type:,TRACK SUIT,,,,,,,,
,,,,,,,,,,,
Color,Cutting Table,M,L,XL,XXL,Total Pcs,,,,,
15%,5,25,50,25,25,125,,,,,
B.GREEN,5,25,50,25,25,125,,,,,
BLACK,5,50,100,50,50,250,,,,,
CAMEL,5,25,50,25,25,125,,,,,
LIGHT GREY,5,25,50,25,25,125,,,,,
OFF.WHITE,5,25,50,25,25,125,,,,,
RED,5,25,50,25,25,125,,,,,
ROYAL,5,25,50,25,25,125,,,,,
SKY,5,25,50,25,25,125,,,,,
TEAL,5,25,50,25,25,125,,,,,
Total,,275,550,275,275,1375,,,,,
,,,,,,,,,,,
,,,,,,,,,,,
Cutting Matrix — Lot 11094,,,,,,,,,,,
Lot Number:,11094,Style:,CROSS HODDIE,,,,,,,,
Fabric:,GERMAN FLEECE,Garment Type:,SWEATSHIRT  R/N,,,,,,,,
Date of Issue:,2025-10-10,Supervisor:,Nethekedar,,,,,,,,
,,,,,,,,,,,
Color,Cutting Table,M,L,XL,XXL,Total Pcs,,,,,
15%,4,46,46,23,23,138,,,,,
BLACK,4,102,102,51,51,306,,,,,
CREAM,0,0,0,0,0,0,,,,,
OFF WHITE,1,52,52,26,26,156,,,,,
ORANGE,4,52,52,26,26,156,,,,,
R. GREEN,4,50,50,25,25,150,,,,,
RED,1,50,50,25,25,150,,,,,
ROYAL,4,50,50,25,25,150,,,,,
SKY,1,50,50,25,25,150,,,,,
SURF,1,50,50,25,25,150,,,,,
Total,,502,502,251,251,1506,,,,,
,,,,,,,,,,,
,,,,,,,,,,,
Cutting Matrix — Lot 11104,,,,,,,,,,,
Lot Number:,11104,Style:,CROSS HODDIE,,,,,,,,
Fabric:,KT3480(2),Garment Type:,TRACK SUIT,,,,,,,,
,,,,,,,,,,,
Color,Cutting Table,M,L,XL,XXL,Total Pcs,,,,,
BEIGE,1,20,40,20,20,100,,,,,
BLACK,1,20,40,20,20,100,,,,,
COFFEE,1,20,40,20,20,100,,,,,
OFF WHITE,1,20,40,20,20,100,,,,,
Total,,80,160,80,80,400,,,,,
,,,,,,,,,,,
,,,,,,,,,,,
Cutting Matrix — Lot 11111,,,,,,,,,,,
Lot Number:,11111,Style:,R/N SWEAT SHIRT,,,,,,,,
Fabric:,MH GERMAN  FLEECE,Garment Type:,TRACK SUIT,,,,,,,,
Date of Issue:,2025-10-17,Supervisor:,Rohit,,,,,,,,
,,,,,,,,,,,
Color,Cutting Table,M,L,XL,XXL,Total Pcs,,,,,
15%,2,25,50,25,25,125,,,,,
AIRFORCE,2,25,50,25,25,125,,,,,
B.GREEN,5,25,50,25,25,125,,,,,
BLACK,1,50,100,50,50,250,,,,,
CAMEL,2,25,50,25,25,125,,,,,
LIGHT GREY,5,25,50,25,25,125,,,,,
OFF.WHITE,0,0,0,0,0,0,,,,,
RED,2,25,50,25,25,125,,,,,
ROYAL,2,25,50,25,25,125,,,,,
SKY,0,0,0,0,0,0,,,,,
TEAL,0,0,0,0,0,0,,,,,
Total,,225,450,225,225,1125,,,,,
,,,,,,,,,,,
Cutting Matrix — Lot 11112,,,,,,,,,,,
Lot Number:,11112,Style:,R/N SWEAT SHIRT,,,,,,,,
Fabric:,MH GERMAN  FLEECE,Garment Type:,TRACK SUIT,,,,,,,,
Date of Issue:,2025-10-16,Supervisor:,Rohit,,,,,,,,
,,,,,,,,,,,
Color,Cutting Table,M,L,XL,XXL,Total Pcs,,,,,
15%,2,25,50,25,25,125,,,,,
AIRFORCE,2,25,50,25,25,125,,,,,
B.GREEN,5,25,50,25,25,125,,,,,
BLACK,1,50,100,50,50,250,,,,,
CAMEL,2,25,50,25,25,125,,,,,
LIGHT GREY,5,25,50,25,25,125,,,,,
OFF.WHITE,0,0,0,0,0,0,,,,,
RED,2,25,50,25,25,125,,,,,
ROYAL,2,25,50,25,25,125,,,,,
SKY,0,0,0,0,0,0,,,,,
TEAL,0,0,0,0,0,0,,,,,
Total,,225,450,225,225,1125,,,,,
,,,,,,,,,,,
Cutting Matrix — Lot 11115,,,,,,,,,,,
Lot Number:,11115,Style:,CROSS HODDIE,,,,,,,,
Fabric:,MH GERMAN  FLEECE,Garment Type:,SWEATSHIRT HOODIE,,,,,,,,
Date of Issue:,2025-10-16,Supervisor:,Rohit,,,,,,,,
,,,,,,,,,,,
Color,Cutting Table,M,L,XL,XXL,Total Pcs,,,,,
15% (BODY) (NAVY (HOOD)),4,38,38,19,19,114,,,,,
15% (ROYAL),4,36,36,18,18,108,,,,,
BLACK (15%),4,38,38,19,19,114,,,,,
COFFEE (D.GREEN),6,36,36,18,18,108,,,,,
CREAM (RUST),4,36,36,18,18,108,,,,,
GREY (BLACK),6,40,40,19,19,118,,,,,
NAVY (15%),4,40,40,20,20,120,,,,,
RED (15%),4,38,38,19,19,114,,,,,
ROYAL BLUE (CREAM),4,36,36,18,18,108,,,,,
Total,,338,338,168,168,1012,,,,,
,,,,,,,,,,,
,,,,,,,,,,,
Cutting Matrix — Lot 11116,,,,,,,,,,,
Lot Number:,11116,Style:,SANDOW,,,,,,,,
Fabric:,2 * 2 RIB,Garment Type:,SANDOW,,,,,,,,
Date of Issue:,2025-10-17,Supervisor:,Jainhosiery,,,,,,,,
,,,,,,,,,,,
Color,Cutting Table,S,M,L,XL,Total Pcs,,,,,
1%,6,50,50,50,50,200,,,,,
BLACK 50,1,100,100,100,100,400,,,,,
D.GREEN,4,52,52,52,52,208,,,,,
MEHROON,6,50,50,50,50,200,,,,,
RED,2,50,50,50,50,200,,,,,
WHITE 50,1,100,100,100,100,400,,,,,
Total,,402,402,402,402,1608,,,,,
,,,,,,,,,,,
,,,,,,,,,,,
,,,,,,,,,,,
,,,,,,,,,,,
,,,,,,,,,,,
,,,,,,,,,,,
,,,,,,,,,,,
,,,,,,,,,,,
,,,,,,,,,,,
,,,,,,,,,,,
,,,,,,,,,,,
,,,,,,,,,,,
,,,,,,,,,,,
,,,,,,,,,,,
,,,,,,,,,,,
,,,,,,,,,,,
,,,,,,,,,,,
,,,,,,,,,,,
,,,,,,,,,,,
,,,,,,,,,,,
,,,,,,,,,,,
Cutting Matrix — Lot 11126,,,,,,,,,,,
Lot Number:,11126,Style:,CROSS HODDIE,,,,,,,,
Fabric:,GERMAN FLEECE,Garment Type:,SWEATSHIRT,,,,,,,,
,,,,,,,,,,,
Color,Cutting Table,M,L,XL,XXL,Total Pcs,,,,,
15%,5,17,34,17,17,85,,,,,
BLACK,52,34,68,34,34,170,,,,,
COFFEE,5,17,34,17,17,85,,,,,
D.GREY,2,17,34,17,17,85,,,,,
GOLD,0,0,0,0,0,0,,,,,
MEHROON,5,17,34,17,17,85,,,,,
OFF WHITE,5,17,34,17,17,85,,,,,
R GREEN,5,16,32,16,16,80,,,,,
RED,5,17,34,17,17,85,,,,,
SKY,5,18,36,18,18,90,,,,,
SURF,5,17,34,17,17,85,,,,,
YELLOW,5,17,34,17,17,85,,,,,
Total,,204,408,204,204,1020,,,,,
,,,,,,,,,,,
,,,,,,,,,,,
,,,,,,,,,,,
,,,,,,,,,,,
,,,,,,,,,,,
,,,,,,,,,,,
,,,,,,,,,,,
,,,,,,,,,,,
,,,,,,,,,,,
,,,,,,,,,,,
,,,,,,,,,,,
,,,,,,,,,,,
Cutting Matrix — Lot 73034,,,,,,,,,,,
Lot Number:,73034,Style:,,,,,,,,,
Fabric:,SUEDE,Garment Type:,JACKET,,,,,,,,
,,,,,,,,,,,
Color,Cutting Table,M,L,XL,XXL,Total Pcs,,,,,
BLACK,8,40,40,20,20,120,,,,,
CAMEL,8,40,40,20,20,120,,,,,
OLIVE,8,40,40,20,20,120,,,,,
STONE,8,40,40,20,20,120,,,,,
TAN,8,40,40,20,20,120,,,,,
Total,,200,200,100,100,600,,,,,
,,,,,,,,,,,
,,,,,,,,,,,
Cutting Matrix — Lot 11123,,,,,,,,,,,
Lot Number:,11123,Style:,COLLAR + THOKA,,,,,,,,
Fabric:,GERMAN FLEECE,Garment Type:,TRACK SUIT,,,,,,,,
,,,,,,,,,,,
Color,Cutting Table,M,L,XL,XXL,Total Pcs,,,,,
15%,5,15,30,15,15,75,,,,,
BLACK,5,15,30,15,15,75,,,,,
OFFWHITE,5,15,30,15,15,75,,,,,
CAMEL,5,15,30,15,15,75,,,,,
NAVY,5,15,30,15,15,75,,,,,
RED,2,15,30,15,15,75,,,,,
DARK GREY,2,15,30,15,15,75,,,,,
Total,,105,210,105,105,525,,,,,
,,,,,,,,,,,
,,,,,,,,,,,
Cutting Matrix — Lot 11122,,,,,,,,,,,
Lot Number:,11122,Style:,COLLAR + THOKA,,,,,,,,
Fabric:,GERMAN FLEECE,Garment Type:,TRACK SUIT,,,,,,,,
,,,,,,,,,,,
Color,Cutting Table,M,L,XL,XXL,Total Pcs,,,,,
15%,5,15,30,15,15,75,,,,,
BLACK,5,15,30,15,15,75,,,,,
CAMEL,5,15,30,15,15,75,,,,,
DARK GREY,2,15,30,15,15,75,,,,,
NAVY,5,15,30,15,15,75,,,,,
OFFWHITE,5,15,30,15,15,75,,,,,
RED,2,15,30,15,15,75,,,,,
Total,,105,210,105,105,525,,,,,
,,,,,,,,,,,
,,,,,,,,,,,
Cutting Matrix — Lot 11118,,,,,,,,,,,
Lot Number:,11118,Style:,CROSS HODDIE,,,,,,,,
Fabric:,GERMAN FLEECE,Garment Type:,SWEATSHIRT,,,,,,,,
,,,,,,,,,,,
Color,Cutting Table,M,L,XL,XXL,Total Pcs,,,,,
RED,5,17,34,17,17,85,,,,,
SURF,5,17,34,17,17,85,,,,,
BLACK,5,16,32,16,16,80,,,,,
OFF WHITE,0,0,0,0,0,0,,,,,
15%,5,16,32,16,16,80,,,,,
R GREEN,5,16,32,16,16,80,,,,,
GOLD,5,17,34,17,17,85,,,,,
CREAM,5,16,32,16,16,80,,,,,
Total,,115,230,115,115,575,,,,,
,,,,,,,,,,,
,,,,,,,,,,,
Cutting Matrix — Lot 11119,,,,,,,,,,,
Lot Number:,11119,Style:,CROSS HODDIE,,,,,,,,
Fabric:,GERMAN FLEECE,Garment Type:,SWEATSHIRT,,,,,,,,
,,,,,,,,,,,
Color,Cutting Table,M,L,XL,XXL,Total Pcs,,,,,
BLACK,1,18,36,18,18,90,,,,,
OFF WHITE,1,16,32,16,16,80,,,,,
Total,,34,68,34,34,170,,,,,
,,,,,,,,,,,
,,,,,,,,,,,
Cutting Matrix — Lot 11121,,,,,,,,,,,
Lot Number:,11121,Style:,COLLAR + THOKA,,,,,,,,
Fabric:,GERMAN FLEECE,Garment Type:,SWEATSHIRT,,,,,,,,
,,,,,,,,,,,
Color,Cutting Table,M,L,XL,XXL,Total Pcs,,,,,
15%,6,16,32,16,16,80,,,,,
BLACK,6,33,66,33,33,165,,,,,
D.GREY,0,0,0,0,0,0,,,,,
GOLD,6,14,28,14,14,70,,,,,
ORANGE,6,15,30,15,15,75,,,,,
R.GREEN,6,17,34,17,17,85,,,,,
RED,0,0,0,0,0,0,,,,,
Total,,95,190,95,95,475,,,,,
,,,,,,,,,,,
,,,,,,,,,,,
Cutting Matrix — Lot 11124,,,,,,,,,,,
Lot Number:,11124,Style:,COLLAR + THOKA,,,,,,,,
Fabric:,GERMAN FLEECE,Garment Type:,TRACK SUIT,,,,,,,,
,,,,,,,,,,,
Color,Cutting Table,M,L,XL,XXL,Total Pcs,,,,,
15%,2,15,30,15,15,75,,,,,
B.GREEN,1,14,28,14,14,70,,,,,
BEIGEE,1,14,28,14,14,70,,,,,
BLACK,2,15,30,15,15,75,,,,,
CAMEL,1,14,28,14,14,70,,,,,
OFFWHITE,1,14,28,14,14,70,,,,,
Total,,86,172,86,86,430,,,,,
,,,,,,,,,,,
,,,,,,,,,,,
Cutting Matrix — Lot 11125,,,,,,,,,,,
Lot Number:,11125,Style:,COLLAR + THOKA,,,,,,,,
Fabric:,GERMAN FLEECE,Garment Type:,TRACK SUIT,,,,,,,,
,,,,,,,,,,,
Color,Cutting Table,M,L,XL,XXL,Total Pcs,,,,,
15%,2,15,30,15,15,75,,,,,
B.GREEN,1,14,28,14,14,70,,,,,
BEIGEE,1,14,28,14,14,70,,,,,
BLACK,2,15,30,15,15,75,,,,,
CAMEL,1,14,28,14,14,70,,,,,
OFFWHITE,1,14,28,14,14,70,,,,,
Total,,86,172,86,86,430,,,,,
,,,,,,,,,,,
,,,,,,,,,,,
Cutting Matrix — Lot 11132,,,,,,,,,,,
Lot Number:,11132,Style:,R/N SWEAT SHIRT,,,,,,,,
Fabric:,GERMAN FLEECE,Garment Type:,SWEATSHIRT  R/N,,,,,,,,
,,,,,,,,,,,
Color,Cutting Table,M,L,XL,XXL,Total Pcs,,,,,
BLACK (CREAM),5,25,50,25,25,125,,,,,
BLACK (RED  SLEEVES),5,25,50,25,25,125,,,,,
CREAM (BLACK),5,25,50,25,25,125,,,,,
Total,,75,150,75,75,375,,,,,
,,,,,,,,,,,
,,,,,,,,,,,
Cutting Matrix — Lot 73035,,,,,,,,,,,
Lot Number:,73035,Style:,SANDOW JACKET,,,,,,,,
Fabric:,QUILTED  FABRIC,Garment Type:,JACKET,,,,,,,,
,,,,,,,,,,,
Color,Cutting Table,M,L,XL,XXL,Total Pcs,,,,,
BLACK,8,40,40,20,20,120,,,,,
NAVY,8,40,40,20,20,120,,,,,
TAN,8,40,40,20,20,120,,,,,
OLIVE,8,40,40,20,20,120,,,,,
STON,8,40,40,20,20,120,,,,,
CAMEL,8,40,40,20,20,120,,,,,
Total,,240,240,120,120,720,,,,,
,,,,,,,,,,,
,,,,,,,,,,,
,,,,,,,,,,,
,,,,,,,,,,,
,,,,,,,,,,,
,,,,,,,,,,,
,,,,,,,,,,,
,,,,,,,,,,,
Cutting Matrix — Lot 11117,,,,,,,,,,,
Lot Number:,11117,Style:,SS REGULAR  PATTERN,,,,,,,,
Fabric:,SKD,Garment Type:,LOWER,,,,,,,,
,,,,,,,,,,,
Color,Cutting Table,M,L,XL,XXL,Total Pcs,,,,,
BLACK,5,12,24,12,12,60,,,,,
COFFEE,5,12,24,12,12,60,,,,,
D.GREY,5,12,24,12,12,60,,,,,
FAWN,5,12,24,12,12,60,,,,,
OLIVE,5,12,24,12,12,60,,,,,
Total,,60,120,60,60,300,,,,,
,,,,,,,,,,,
,,,,,,,,,,,
Cutting Matrix — Lot 11128,,,,,,,,,,,
Lot Number:,11128,Style:,,,,,,,,,
Fabric:,WONDER CHECK,Garment Type:,LOWER,,,,,,,,
,,,,,,,,,,,
Color,Cutting Table,M,L,XL,XXL,Total Pcs,,,,,
BLACK,1,15,30,15,15,75,,,,,
CREAM,1,14,28,14,14,70,,,,,
FAWN,1,15,30,15,15,75,,,,,
GREEN,1,7,14,7,7,35,,,,,
GREY,1,16,32,16,16,80,,,,,
TAN,1,14,28,14,14,70,,,,,
Total,,81,162,81,81,405,,,,,
,,,,,,,,,,,
,,,,,,,,,,,
Cutting Matrix — Lot 11133,,,,,,,,,,,
Lot Number:,11133,Style:,SANDOW,,,,,,,,
Fabric:,2 * 2 RIB,Garment Type:,SANDOW,,,,,,,,
,,,,,,,,,,,
Color,Cutting Table,S,M,L,XL,Total Pcs,,,,,
BLACK 50,1,100,100,100,100,400,,,,,
WHITE 50,2,100,100,100,100,400,,,,,
Total,,200,200,200,200,800,,,,,
,,,,,,,,,,,
,,,,,,,,,,,
Cutting Matrix — Lot 11131,,,,,,,,,,,
Lot Number:,11131,Style:,AS PER SAMPLE,,,,,,,,
Fabric:,TIE DIE PRINT,Garment Type:,TRACK SUIT,,,,,,,,
,,,,,,,,,,,
Color,Cutting Table,M,L,XL,XXL,Total Pcs,,,,,
BROWN,2,18,36,18,18,90,,,,,
CREAM,2,19,38,19,19,95,,,,,
GREY,2,18,36,18,18,90,,,,,
L.GREY,2,18,36,18,18,90,,,,,
OLIVE,2,18,36,18,18,90,,,,,
SKIN,2,18,36,18,18,90,,,,,
Total,,109,218,109,109,545,,,,,
,,,,,,,,,,,
,,,,,,,,,,,
Cutting Matrix — Lot 11127,,,,,,,,,,,
Lot Number:,11127,Style:,,,,,,,,,
Fabric:,SKD,Garment Type:,LOWER,,,,,,,,
,,,,,,,,,,,
Color,Cutting Table,M,L,XL,XXL,Total Pcs,,,,,
BEIGE,5,12,24,12,12,60,,,,,
BLACK,5,12,24,12,12,60,,,,,
BROWN,5,12,24,12,12,60,,,,,
FAWN,5,12,24,12,12,60,,,,,
GREY,5,12,24,12,12,60,,,,,
Total,,60,120,60,60,300,,,,,
,,,,,,,,,,,
,,,,,,,,,,,
Cutting Matrix — Lot 11129,,,,,,,,,,,
Lot Number:,11129,Style:,,,,,,,,,
Fabric:,COURDROUY,Garment Type:,LOWER,,,,,,,,
,,,,,,,,,,,
Color,Cutting Table,M,L,XL,XXL,Total Pcs,,,,,
AIRFORCE,5,15,33,15,15,78,,,,,
BLACK,5,30,66,30,30,156,,,,,
D.GREY,1,15,34,15,15,79,,,,,
FAWN,1,15,34,15,15,79,,,,,
KHAKHI,5,15,33,15,15,78,,,,,
OLIVE,1,15,34,15,15,79,,,,,
Total,,105,234,105,105,549,,,,,
,,,,,,,,,,,
,,,,,,,,,,,
Cutting Matrix — Lot 11130,,,,,,,,,,,
Lot Number:,11130,Style:,AS PER SAMPLE,,,,,,,,
Fabric:,TIE DIE PRINT,Garment Type:,TRACK SUIT,,,,,,,,
,,,,,,,,,,,
Color,Cutting Table,M,L,XL,XXL,Total Pcs,,,,,
BROWN,6,18,36,18,18,90,,,,,
CREAM,6,19,38,19,19,95,,,,,
GREY,6,18,36,18,18,90,,,,,
L.GREY,6,18,36,18,18,90,,,,,
OLIVE,6,18,36,18,18,90,,,,,
SKIN,6,18,36,18,18,90,,,,,
Total,,109,218,109,109,545,,,,,
,,,,,,,,,,,
,,,,,,,,,,,
Cutting Matrix — Lot 11140,,,,,,,,,,,
Lot Number:,11140,Style:,,,,,,,,,
Fabric:,GERMAN FLEECE,Garment Type:,LOWER,,,,,,,,
,,,,,,,,,,,
Color,Cutting Table,M,L,XL,XXL,Total Pcs,,,,,
BLACK,1,21,42,21,21,105,,,,,
15%,1,21,42,21,21,105,,,,,
RED,6,16,34,17,17,84,,,,,
COFFEE,6,16,34,17,17,84,,,,,
D.GREY,1,17,34,17,17,85,,,,,
CAMEL,6,16,34,17,17,84,,,,,
Total,,107,220,110,110,547,,,,,
,,,,,,,,,,,
,,,,,,,,,,,
Cutting Matrix — Lot 73037,,,,,,,,,,,
Lot Number:,73037,Style:,,,,,,,,,
Fabric:,SUEDE,Garment Type:,JACKET,,,,,,,,
,,,,,,,,,,,
Color,Cutting Table,M,L,XL,XXL,Total Pcs,,,,,
BLACK,9,40,40,20,20,120,,,,,
D.TAN,9,40,40,20,20,120,,,,,
STONE,0,0,0,0,0,0,,,,,
FAWN,0,0,0,0,0,0,,,,,
NAVY,9,40,40,20,20,120,,,,,
BROWN,0,0,0,0,0,0,,,,,
CAMEL,9,40,40,20,20,120,,,,,
COFFEE,9,40,40,20,20,120,,,,,
Total,,200,200,100,100,600,,,,,
,,,,,,,,,,,
,,,,,,,,,,,
Cutting Matrix — Lot 73038,,,,,,,,,,,
Lot Number:,73038,Style:,,,,,,,,,
Fabric:,SUEDE,Garment Type:,JACKET,,,,,,,,
,,,,,,,,,,,
Color,Cutting Table,M,L,XL,XXL,Total Pcs,,,,,
BROWN,8,40,40,20,20,120,,,,,
D.TAN,8,40,40,20,20,120,,,,,
FAWN,8,40,40,20,20,120,,,,,
OLIVE,8,41,41,21,21,124,,,,,
STONE,8,40,40,20,20,120,,,,,
Total,,201,201,101,101,604,,,,,
,,,,,,,,,,,
,,,,,,,,,,,
,,,,,,,,,,,
,,,,,,,,,,,
,,,,,,,,,,,
,,,,,,,,,,,
,,,,,,,,,,,
,,,,,,,,,,,
,,,,,,,,,,,
,,,,,,,,,,,
,,,,,,,,,,,
,,,,,,,,,,,
,,,,,,,,,,,
,,,,,,,,,,,
,,,,,,,,,,,
,,,,,,,,,,,
,,,,,,,,,,,
Cutting Matrix — Lot 11141,,,,,,,,,,,
Lot Number:,11141,Style:,CROSS HODDIE,,,,,,,,
Fabric:,GERMAN FLEECE,Garment Type:,SWEATSHIRT,,,,,,,,
,,,,,,,,,,,
Color,Cutting Table,M,L,XL,XXL,Total Pcs,,,,,
15%,5,30,60,30,30,150,,,,,
BLACK(50),5,50,100,50,50,250,,,,,
CREAM,5,30,60,30,30,150,,,,,
OFFWHITE(30),5,30,60,30,30,150,,,,,
Total,,140,280,140,140,700,,,,,
,,,,,,,,,,,
,,,,,,,,,,,
Cutting Matrix — Lot 11142,,,,,,,,,,,
Lot Number:,11142,Style:,FULL ZIPPER (MONKEY HOOD),,,,,,,,
Fabric:,GERMAN FLEECE,Garment Type:,SWEATSHIRT,,,,,,,,
,,,,,,,,,,,
Color,Cutting Table,M,L,XL,XXL,Total Pcs,,,,,
15%,6,30,60,30,30,150,,,,,
BLACK(50),6,50,100,50,50,250,,,,,
CREAM,6,30,60,30,30,150,,,,,
OFFWHITE(30),1,30,60,30,30,150,,,,,
Total,,140,280,140,140,700,,,,,
,,,,,,,,,,,
,,,,,,,,,,,
Cutting Matrix — Lot 11143,,,,,,,,,,,
Lot Number:,11143,Style:,T SHIRT ROUND NECK HALF SLEEVE,,,,,,,,
Fabric:,COTTON LYCRA,Garment Type:,T-SHIRT R/N,,,,,,,,
,,,,,,,,,,,
Color,Cutting Table,M,L,XL,XXL,Total Pcs,,,,,
BLACK,2,50,100,50,50,250,,,,,
OFF WHITE,2,50,100,50,50,250,,,,,
Total,,100,200,100,100,500,,,,,
,,,,,,,,,,,
,,,,,,,,,,,
Cutting Matrix — Lot 11144,,,,,,,,,,,
Lot Number:,11144,Style:,T SHIRT ROUND NECK HALF SLEEVE,,,,,,,,
Fabric:,COTTON LYCRA,Garment Type:,T-SHIRT R/N,,,,,,,,
,,,,,,,,,,,
Color,Cutting Table,M,L,XL,XXL,Total Pcs,,,,,
BLACK,2,50,100,50,50,250,,,,,
OFF WHITE,2,50,100,50,50,250,,,,,
Total,,100,200,100,100,500,,,,,
,,,,,,,,,,,
,,,,,,,,,,,
Cutting Matrix — Lot 11145,,,,,,,,,,,
Lot Number:,11145,Style:,T SHIRT ROUND NECK HALF SLEEVE,,,,,,,,
Fabric:,COTTON LYCRA,Garment Type:,T-SHIRT R/N,,,,,,,,
,,,,,,,,,,,
Color,Cutting Table,M,L,XL,XXL,Total Pcs,,,,,
BLACK,2,50,100,50,50,250,,,,,
OFF WHITE,2,50,100,50,50,250,,,,,
Total,,100,200,100,100,500,,,,,
,,,,,,,,,,,
,,,,,,,,,,,
Cutting Matrix — Lot 73039,,,,,,,,,,,
Lot Number:,73039,Style:,,,,,,,,,
Fabric:,PU LEATHER,Garment Type:,JACKET,,,,,,,,
,,,,,,,,,,,
Color,Cutting Table,S,M,L,XL,Total Pcs,,,,,
BLACK,8,22,44,44,22,132,,,,,
Total,,22,44,44,22,132,,,,,
,,,,,,,,,,,
,,,,,,,,,,,
Cutting Matrix — Lot 73033,,,,,,,,,,,
Lot Number:,73033,Style:,,,,,,,,,
Fabric:,SUEDE,Garment Type:,JACKET,,,,,,,,
,,,,,,,,,,,
Color,Cutting Table,M,L,XL,XXL,Total Pcs,,,,,
BLACK,9,40,40,20,20,120,,,,,
BROWN,9,40,40,20,20,120,,,,,
CAMEL,9,40,40,20,20,120,,,,,
COFFEE,9,40,40,20,20,120,,,,,
NAVY,9,40,40,20,20,120,,,,,
STONE,9,40,40,20,20,120,,,,,
Total,,240,240,120,120,720,,,,,
,,,,,,,,,,,
,,,,,,,,,,,
Cutting Matrix — Lot 11137,,,,,,,,,,,
Lot Number:,11137,Style:,,,,,,,,,
Fabric:,RFD FLEECE,Garment Type:,LOWER,,,,,,,,
,,,,,,,,,,,
Color,Cutting Table,M,L,XL,XXL,Total Pcs,,,,,
WHITE,5,45,90,45,45,225,,,,,
Total,,45,90,45,45,225,,,,,
,,,,,,,,,,,
,,,,,,,,,,,
Cutting Matrix — Lot 11146,,,,,,,,,,,
Lot Number:,11146,Style:,SANDOW,,,,,,,,
Fabric:,2 * 2 RIB,Garment Type:,SANDOW,,,,,,,,
,,,,,,,,,,,
COLOR,CUTTING TABLE,S,M,L,XL,Total Pcs,,,,,
BLACK,1,52,52,52,52,208,,,,,
NAVY,1,144,144,144,144,576,,,,,
OLIVE,1,82,82,82,82,328,,,,,
WINE,1,58,58,58,58,232,,,,,
RUST,1,8,8,8,8,32,,,,,
ONION,1,33,33,33,33,132,,,,,
GOLD,1,36,36,36,36,144,,,,,
D.GREY,1,30,30,30,30,120,,,,,
60%,1,26,26,26,26,104,,,,,
D.GREEN,1,59,59,59,59,236,,,,,
SURF,1,6,6,6,6,24,,,,,
PISTA,1,10,10,10,10,40,,,,,
CAMEL,1,3,3,3,3,12,,,,,
AIRFORCE,1,16,16,16,16,64,,,,,
WHITE,1,163,163,163,163,652,,,,,
D.RUST,1,14,14,14,14,56,,,,,
RED,1,4,4,4,4,16,,,,,
D.WINE,1,48,48,48,48,192,,,,,
B.GREEN,1,52,52,52,52,208,,,,,
COFFEE,1,6,6,6,6,24,,,,,
TAN,1,8,8,8,8,32,,,,,
D.ONION,1,12,12,12,12,48,,,,,
ORANGE,1,18,18,18,18,72,,,,,
YELLOW,1,4,4,4,4,16,,,,,
C.GREEN,1,22,22,22,22,88,,,,,
D.NAVY,1,53,53,53,53,212,,,,,
D.OLIVE,1,12,12,12,12,48,,,,,
D.BLACK,1,100,100,100,100,400,,,,,
LIGHT OLIVE,1,13,13,13,13,52,,,,,
L.GREY,1,10,10,10,10,40,,,,,
TOTAL,,1102,1102,1102,1102,4408,,,,,
,,,,,,,,,,,
,,,,,,,,,,,
,,,,,,,,,,,
,,,,,,,,,,,
,,,,,,,,,,,
,,,,,,,,,,,
,,,,,,,,,,,
,,,,,,,,,,,
,,,,,,,,,,,
,,,,,,,,,,,
,,,,,,,,,,,
,,,,,,,,,,,
,,,,,,,,,,,
,,,,,,,,,,,
,,,,,,,,,,,
,,,,,,,,,,,
,,,,,,,,,,,
,,,,,,,,,,,
,,,,,,,,,,,
,,,,,,,,,,,
Cutting Matrix — Lot 73041,,,,,,,,,,,
Lot Number:,73041,Style:,FILLING JACKET F/S,,,,,,,,
Fabric:,"E-10741,Q-20",Garment Type:,JACKET,,,,,,,,
,,,,,,,,,,,
Color,Cutting Table,M,L,XL,XXL,Total Pcs,,,,,
BLACK,0,0,0,0,0,0,,,,,
COFFEE,9,40,40,20,20,120,,,,,
D.GREY,9,40,40,20,20,120,,,,,
L.FAWN,0,0,0,0,0,0,,,,,
L.GREY,0,0,0,0,0,0,,,,,
MOUSE,0,0,0,0,0,0,,,,,
OLIVE,9,40,40,20,20,120,,,,,
TAN,0,0,0,0,0,0,,,,,
Total,,120,120,60,60,360,,,,,
,,,,,,,,,,,
,,,,,,,,,,,
Cutting Matrix — Lot 73042,,,,,,,,,,,
Lot Number:,73042,Style:,FILLING JACKET F/S,,,,,,,,
Fabric:,Q-17,Garment Type:,JACKET,,,,,,,,
,,,,,,,,,,,
Color,Cutting Table,M,L,XL,XXL,Total Pcs,,,,,
BEIGE,0,0,0,0,0,0,,,,,
BLACK,9,28,28,14,14,84,,,,,
COFFEE,9,28,28,14,14,84,,,,,
GREY,9,28,28,14,14,84,,,,,
KHAKHI,9,28,28,14,14,84,,,,,
L.GREY,9,28,28,14,14,84,,,,,
OLIVE,9,28,28,14,14,84,,,,,
Total,,168,168,84,84,504,,,,,
,,,,,,,,,,,
,,,,,,,,,,,
Cutting Matrix — Lot 73043,,,,,,,,,,,
Lot Number:,73043,Style:,FILLING JACKET F/S,,,,,,,,
Fabric:,Q-20,Garment Type:,JACKET,,,,,,,,
,,,,,,,,,,,
Color,Cutting Table,M,L,XL,XXL,Total Pcs,,,,,
COFFEE,8,40,40,20,20,120,,,,,
KHAKHI,8,40,40,20,20,120,,,,,
OLIVE,8,40,40,20,20,120,,,,,
Total,,120,120,60,60,360,,,,,
,,,,,,,,,,,
,,,,,,,,,,,
Cutting Matrix — Lot 11148,,,,,,,,,,,
Lot Number:,11148,Style:,SANDOW,,,,,,,,
Fabric:,2 * 2 RIB,Garment Type:,SANDOW,,,,,,,,
,,,,,,,,,,,
Color,Cutting Table,S,M,L,XL,Total Pcs,,,,,
AIRFORCE,2,32,32,32,32,128,,,,,
BLACK 50,2,157,157,157,157,628,,,,,
COFFEE,2,46,46,46,46,184,,,,,
D.GREY,2,2,2,2,2,8,,,,,
L.GREY,2,23,23,23,23,92,,,,,
M.GREY,2,21,21,21,21,84,,,,,
NAVY,2,43,43,43,43,172,,,,,
NEO GREEN,2,25,25,25,25,100,,,,,
OLIVE,2,72,72,72,72,288,,,,,
PISTA,2,16,16,16,16,64,,,,,
RUST,2,18,18,18,18,72,,,,,
SKY,2,6,6,6,6,24,,,,,
WHITE,2,160,160,160,160,640,,,,,
WINE,2,99,99,99,99,396,,,,,
Total,,720,720,720,720,2880,,,,,
,,,,,,,,,,,
,,,,,,,,,,,
Cutting Matrix — Lot 11149,,,,,,,,,,,
Lot Number:,11149,Style:,SANDOW,,,,,,,,
Fabric:,2 * 2 RIB,Garment Type:,SANDOW,,,,,,,,
,,,,,,,,,,,
Color,Cutting Table,S,M,L,XL,Total Pcs,,,,,
15%,5,14,14,14,14,56,,,,,
60%,5,13,13,13,13,52,,,,,
BLACK 50,5,126,126,126,126,504,,,,,
C.GREEN,5,1,1,1,1,4,,,,,
D.GREEN,5,75,75,75,75,300,,,,,
D.GREY,5,18,18,18,18,72,,,,,
D.ONION,5,13,13,13,13,52,,,,,
GOLD,5,1,1,1,1,4,,,,,
L.GREY,5,10,10,10,10,40,,,,,
NAVY,5,39,39,39,39,156,,,,,
OLIVE,5,36,36,36,36,144,,,,,
ONION,5,2,2,2,2,8,,,,,
ORANGE,5,2,2,2,2,8,,,,,
RANI,5,22,22,22,22,88,,,,,
ROYAL,5,8,8,8,8,32,,,,,
WHITE,5,156,156,156,156,624,,,,,
WINE,5,17,17,17,17,68,,,,,
Total,,553,553,553,553,2212,,,,,
,,,,,,,,,,,
,,,,,,,,,,,
Cutting Matrix — Lot 11150,,,,,,,,,,,
Lot Number:,11150,Style:,COLLAR + THOKA,,,,,,,,
Fabric:,K.O=3627/5/20,Garment Type:,SWEATSHIRT,,,,,,,,
,,,,,,,,,,,
Color,Cutting Table,M,L,XL,XXL,Total Pcs,,,,,
BLACK,5,16,32,16,16,80,,,,,
FAWN,5,16,32,16,16,80,,,,,
OFFWHITE,5,16,32,16,16,80,,,,,
Total,,48,96,48,48,240,,,,,
,,,,,,,,,,,
,,,,,,,,,,,
Cutting Matrix — Lot 11153,,,,,,,,,,,
Lot Number:,11153,Style:,COLLAR + THOKA,,,,,,,,
Fabric:,TOKYO STRIPE /2,Garment Type:,SWEATSHIRT,,,,,,,,
,,,,,,,,,,,
Color,Cutting Table,M,L,XL,XXL,Total Pcs,,,,,
BLACK,1,15,30,15,15,75,,,,,
BUTTER,1,15,30,15,15,75,,,,,
CEMENT,1,15,30,15,15,75,,,,,
FAWN,1,15,30,15,15,75,,,,,
TOBACCO,1,15,30,15,15,75,,,,,
Total,,75,150,75,75,375,,,,,
,,,,,,,,,,,
,,,,,,,,,,,
Cutting Matrix — Lot 11155,,,,,,,,,,,
Lot Number:,11155,Style:,JOGGER,,,,,,,,
Fabric:,GERMAN FLEECE,Garment Type:,LOWER,,,,,,,,
,,,,,,,,,,,
Color,Cutting Table,M,L,XL,XXL,Total Pcs,,,,,
15%,5,20,40,20,20,100,,,,,
BLACK,5,30,60,30,30,150,,,,,
Total,,50,100,50,50,250,,,,,
,,,,,,,,,,,
,,,,,,,,,,,
Cutting Matrix — Lot 11160,,,,,,,,,,,
Lot Number:,11160,Style:,JOGGER,,,,,,,,
Fabric:,GERMAN FLEECE,Garment Type:,LOWER,,,,,,,,
,,,,,,,,,,,
Color,Cutting Table,M,L,XL,XXL,Total Pcs,,,,,
15%,6,20,40,20,20,100,,,,,
BLACK,6,30,60,30,30,150,,,,,
Total,,50,100,50,50,250,,,,,
,,,,,,,,,,,
,,,,,,,,,,,
Cutting Matrix — Lot 11152,,,,,,,,,,,
Lot Number:,11152,Style:,COLLAR + THOKA,,,,,,,,
Fabric:,HILISTER KT 6206,Garment Type:,SWEATSHIRT,,,,,,,,
,,,,,,,,,,,
Color,Cutting Table,M,L,XL,XXL,Total Pcs,,,,,
BLACK,5,16,32,16,16,80,,,,,
CAMEL,5,16,32,16,16,80,,,,,
OLIVE,5,16,32,16,16,80,,,,,
Total,,48,96,48,48,240,,,,,
,,,,,,,,,,,
,,,,,,,,,,,
Cutting Matrix — Lot 11157,,,,,,,,,,,
Lot Number:,11157,Style:,JOGGER,,,,,,,,
Fabric:,GERMAN FLEECE,Garment Type:,LOWER,,,,,,,,
,,,,,,,,,,,
Color,Cutting Table,M,L,XL,XXL,Total Pcs,,,,,
15%,5,21,42,21,21,105,,,,,
BLACK,5,30,60,30,30,150,,,,,
Total,,51,102,51,51,255,,,,,
,,,,,,,,,,,
,,,,,,,,,,,
Cutting Matrix — Lot 11156,,,,,,,,,,,
Lot Number:,11156,Style:,JOGGER,,,,,,,,
Fabric:,GERMAN FLEECE,Garment Type:,LOWER,,,,,,,,
,,,,,,,,,,,
Color,Cutting Table,M,L,XL,XXL,Total Pcs,,,,,
15%,1,20,40,20,20,100,,,,,
BLACK,1,30,60,30,30,150,,,,,
Total,,50,100,50,50,250,,,,,
,,,,,,,,,,,
,,,,,,,,,,,
Cutting Matrix — Lot 11147,,,,,,,,,,,
Lot Number:,11147,Style:,SANDOW,,,,,,,,
Fabric:,2 * 2 RIB,Garment Type:,SANDOW,,,,,,,,
,,,,,,,,,,,
Color,Cutting Table,S,M,L,XL,Total Pcs,,,,,
BLACK 50,6,50,50,50,50,200,,,,,
NAVY,6,67,67,67,67,268,,,,,
OLIVE,6,45,45,45,45,180,,,,,
WINE,0,0,0,0,0,0,,,,,
B.GREEN,6,20,20,20,20,80,,,,,
D.GREEN,6,44,44,44,44,176,,,,,
D.GREY,6,45,45,45,45,180,,,,,
GREY,6,5,5,5,5,20,,,,,
L.GREY,6,12,12,12,12,48,,,,,
L.NAVY,6,4,4,4,4,16,,,,,
L.OLIVE,6,4,4,4,4,16,,,,,
L.RUST,6,5,5,5,5,20,,,,,
MEHROON,6,13,13,13,13,52,,,,,
ORANGE,6,2,2,2,2,8,,,,,
PINK,6,5,5,5,5,20,,,,,
RED,6,2,2,2,2,8,,,,,
SKY,6,15,15,15,15,60,,,,,
SURF,6,6,6,6,6,24,,,,,
WHITE,6,92,92,92,92,368,,,,,
Total,,436,436,436,436,1744,,,,,
,,,,,,,,,,,
,,,,,,,,,,,
Cutting Matrix — Lot 11154,,,,,,,,,,,
Lot Number:,11154,Style:,COLLAR + THOKA,,,,,,,,
Fabric:,T.T BLESS FULL,Garment Type:,SWEATSHIRT,,,,,,,,
,,,,,,,,,,,
Color,Cutting Table,M,L,XL,XXL,Total Pcs,,,,,
BLACK,1,15,30,15,15,75,,,,,
FAWN,1,15,30,15,15,75,,,,,
VANILLA,1,15,30,15,15,75,,,,,
Total,,45,90,45,45,225,,,,,
,,,,,,,,,,,
,,,,,,,,,,,
Cutting Matrix — Lot 11158,,,,,,,,,,,
Lot Number:,11158,Style:,JOGGER,,,,,,,,
Fabric:,GERMAN FLEECE,Garment Type:,LOWER,,,,,,,,
,,,,,,,,,,,
Color,Cutting Table,M,L,XL,XXL,Total Pcs,,,,,
15%,2,20,40,20,20,100,,,,,
BLACK,2,30,60,30,30,150,,,,,
Total,,50,100,50,50,250,,,,,
,,,,,,,,,,,
,,,,,,,,,,,
Cutting Matrix — Lot 11159,,,,,,,,,,,
Lot Number:,11159,Style:,JOGGER,,,,,,,,
Fabric:,GERMAN FLEECE,Garment Type:,LOWER,,,,,,,,
,,,,,,,,,,,
Color,Cutting Table,M,L,XL,XXL,Total Pcs,,,,,
15%,1,20,40,20,20,100,,,,,
BLACK,1,30,60,30,30,150,,,,,
Total,,50,100,50,50,250,,,,,
,,,,,,,,,,,
,,,,,,,,,,,
Cutting Matrix — Lot 11161,,,,,,,,,,,
Lot Number:,11161,Style:,JOGGER,,,,,,,,
Fabric:,GERMAN FLEECE,Garment Type:,LOWER,,,,,,,,
,,,,,,,,,,,
Color,Cutting Table,M,L,XL,XXL,Total Pcs,,,,,
15%,2,20,40,20,20,100,,,,,
BLACK,1,30,60,30,30,150,,,,,
Total,,50,100,50,50,250,,,,,
,,,,,,,,,,,
,,,,,,,,,,,
Cutting Matrix — Lot 11166,,,,,,,,,,,
Lot Number:,11166,Style:,JOGGER,,,,,,,,
Fabric:,TYE DIE FLEECE,Garment Type:,LOWER,,,,,,,,
,,,,,,,,,,,
Color,Cutting Table,M,L,XL,XXL,Total Pcs,,,,,
BEIGE (CEMO),6,15,30,15,15,75,,,,,
BROWN,1,15,30,15,15,75,,,,,
CAMEL (CEMO),6,15,30,15,15,75,,,,,
D.GREY,6,15,30,15,15,75,,,,,
GREY,0,0,0,0,0,0,,,,,
OLIVE,6,15,30,15,15,75,,,,,
SKIN,6,15,30,15,15,75,,,,,
Total,,90,180,90,90,450,,,,,
,,,,,,,,,,,
,,,,,,,,,,,
Cutting Matrix — Lot 11164,,,,,,,,,,,
Lot Number:,11164,Style:,FULL ZIPPER HOOD,,,,,,,,
Fabric:,GERMAN FLEECE,Garment Type:,TRACK SUIT,,,,,,,,
,,,,,,,,,,,
Color,Cutting Table,M,L,XL,XXL,Total Pcs,,,,,
15%,5,100,100,50,50,300,,,,,
BLACK,5,100,100,50,50,300,,,,,
Total,,200,200,100,100,600,,,,,
,,,,,,,,,,,
,,,,,,,,,,,
Cutting Matrix — Lot 11151,,,,,,,,,,,
Lot Number:,11151,Style:,COLLAR + THOKA,,,,,,,,
Fabric:,CORD TIE DIE,Garment Type:,SWEATSHIRT,,,,,,,,
,,,,,,,,,,,
Color,Cutting Table,M,L,XL,XXL,Total Pcs,,,,,
BROWN,5,15,30,15,15,75,,,,,
FAWN,5,15,30,15,15,75,,,,,
GREY,5,15,30,15,15,75,,,,,
Total,,45,90,45,45,225,,,,,
,,,,,,,,,,,
,,,,,,,,,,,
Cutting Matrix — Lot 11163,,,,,,,,,,,
Lot Number:,11163,Style:,jogger,,,,,,,,
Fabric:,GERMAN FLEECE,Garment Type:,TRACK SUIT,,,,,,,,
,,,,,,,,,,,
Color,Cutting Table,M,L,XL,XXL,Total Pcs,,,,,
15% (NAVY),2,30,60,30,30,150,,,,,
B GREEN (CREAM),1,30,60,30,30,150,,,,,
OFF WHITE (NAVY),2,30,60,30,30,150,,,,,
RED (NAVY),1,60,120,60,60,300,,,,,
Total,,150,300,150,150,750,,,,,
,,,,,,,,,,,
,,,,,,,,,,,
Cutting Matrix — Lot 11162,,,,,,,,,,,
Lot Number:,11162,Style:,HALF ZIPPER MONKEY HOOD,,,,,,,,
Fabric:,GERMAN FLEECE,Garment Type:,TRACK SUIT,,,,,,,,
,,,,,,,,,,,
Color,Cutting Table,M,L,XL,XXL,Total Pcs,,,,,
15% (NAVY),1,30,60,30,30,150,,,,,
B GREEN (CREAM),1,30,60,30,30,150,,,,,
NAVY(RED),1,30,60,30,30,150,,,,,
OFF WHITE (NAVY),1,30,60,30,30,150,,,,,
RED (NAVY),1,30,60,30,30,150,,,,,
Total,,150,300,150,150,750,,,,,
,,,,,,,,,,,
,,,,,,,,,,,
Cutting Matrix — Lot 11167,,,,,,,,,,,
Lot Number:,11167,Style:,JOGGER,,,,,,,,
Fabric:,TYE DIE FLEECE,Garment Type:,LOWER,,,,,,,,
,,,,,,,,,,,
Color,Cutting Table,M,L,XL,XXL,Total Pcs,,,,,
BEIGE (CEMO),2,15,30,15,15,75,,,,,
BLACK (CEMO),2,15,30,15,15,75,,,,,
CREAME (TYE DIE),6,15,30,15,15,75,,,,,
LGREY (TYE DIE),6,15,30,15,15,75,,,,,
MOUSE (CEMO),2,15,30,15,15,75,,,,,
Total,,75,150,75,75,375,,,,,
,,,,,,,,,,,
,,,,,,,,,,,
Cutting Matrix — Lot 11168,,,,,,,,,,,
Lot Number:,11168,Style:,full baju,,,,,,,,
Fabric:,THARMAL,Garment Type:,T-SHIRT R/N,,,,,,,,
,,,,,,,,,,,
Color,Cutting Table,S,M,L,XL,Total Pcs,,,,,
BLACK,1,34,34,34,34,136,,,,,
GREY,1,32,32,32,32,128,,,,,
NAVY,1,26,26,26,26,104,,,,,
OFF WHITE,1,32,32,32,32,128,,,,,
WHITE,0,0,0,0,0,0,,,,,
Total,,124,124,124,124,496,,,,,
,,,,,,,,,,,
,,,,,,,,,,,
Cutting Matrix — Lot 11165,,,,,,,,,,,
Lot Number:,11165,Style:,LOWER,,,,,,,,
Fabric:,GERMAN FLEECE,Garment Type:,TRACK SUIT,,,,,,,,
,,,,,,,,,,,
Color,Cutting Table,M,L,XL,XXL,Total Pcs,,,,,
15%,5,100,100,50,50,300,,,,,
BLACK,5,100,100,50,50,300,,,,,
Total,,200,200,100,100,600,,,,,
,,,,,,,,,,,
,,,,,,,,,,,
Cutting Matrix — Lot 11138,,,,,,,,,,,
Lot Number:,11138,Style:,,,,,,,,,
Fabric:,RFD FLEECE,Garment Type:,LOWER,,,,,,,,
,,,,,,,,,,,
Color,Cutting Table,M,L,XL,XXL,Total Pcs,,,,,
OFF WHITE,1,60,120,60,60,300,,,,,
WHITE,0,0,0,0,0,0,,,,,
Total,,60,120,60,60,300,,,,,
,,,,,,,,,,,
,,,,,,,,,,,
Cutting Matrix — Lot 11120,,,,,,,,,,,
Lot Number:,11120,Style:,COLLAR + THOKA,,,,,,,,
Fabric:,GERMAN FLEECE,Garment Type:,SWEATSHIRT,,,,,,,,
,,,,,,,,,,,
Color,Cutting Table,M,L,XL,XXL,Total Pcs,,,,,
15%,6,17,34,17,17,85,,,,,
B.GREEN,0,0,0,0,0,0,,,,,
BLACK,2,16,32,16,16,80,,,,,
DARK SKY,0,0,0,0,0,0,,,,,
GOLD,0,0,0,0,0,0,,,,,
OFFWHITE,4,14,28,14,14,70,,,,,
ORANGE,0,0,0,0,0,0,,,,,
R.GREEN,4,15,30,15,15,75,,,,,
RANI,2,15,30,15,15,75,,,,,
RUST,2,16,32,16,16,80,,,,,
SURF,0,0,0,0,0,0,,,,,
Total,,93,186,93,93,465,,,,,
,,,,,,,,,,,
,,,,,,,,,,,
Cutting Matrix — Lot 11136,,,,,,,,,,,
Lot Number:,11136,Style:,COLLAR + THOKA,,,,,,,,
Fabric:,GERMAN FLEECE,Garment Type:,SWEATSHIRT,,,,,,,,
,,,,,,,,,,,
Color,Cutting Table,M,L,XL,XXL,Total Pcs,,,,,
B.GREEN,1,17,34,17,17,85,,,,,
BLACK,5,16,32,16,16,80,,,,,
DARK SKY,1,17,34,17,17,85,,,,,
GOLD,6,17,34,17,17,85,,,,,
OFFWHITE,5,16,32,16,16,80,,,,,
ORANGE,6,17,34,17,17,85,,,,,
RANI,2,10,20,10,10,50,,,,,
SURF,4,15,30,15,15,75,,,,,
Total,,125,250,125,125,625,,,,,
,,,,,,,,,,,
Cutting Matrix — Lot 11170,,,,,,,,,,,
Lot Number:,11170,Style:,R/N SWEAT SHIRT,,,,,,,,
Fabric:,GERMAN FLEECE,Garment Type:,SWEATSHIRT,,,,,,,,
,,,,,,,,,,,
Color,Cutting Table,M,L,XL,XXL,Total Pcs,,,,,
BEIGE,2,15,30,15,15,75,,,,,
BEIGE (PRINT CLOTH),2,16,32,16,16,80,,,,,
BLACK,2,16,32,16,16,80,,,,,
COFFE,2,15,30,15,15,75,,,,,
D GREY (PRINT CLOTH),2,16,32,16,16,80,,,,,
OFF WHITE,2,16,32,16,16,80,,,,,
Total,,94,188,94,94,470,,,,,
,,,,,,,,,,,
,,,,,,,,,,,
Cutting Matrix — Lot 11172,,,,,,,,,,,
Lot Number:,11172,Style:,JOGGER,,,,,,,,
Fabric:,BABY FLEECE,Garment Type:,LOWER,,,,,,,,
,,,,,,,,,,,
Color,Cutting Table,M,L,XL,XXL,Total Pcs,,,,,
15%,1,20,40,20,20,100,,,,,
B GREEN,2,20,40,20,20,100,,,,,
BLACK,2,40,80,40,40,200,,,,,
NAVY,2,20,40,20,20,100,,,,,
Total,,100,200,100,100,500,,,,,
,,,,,,,,,,,
,,,,,,,,,,,
Cutting Matrix — Lot 11139,,,,,,,,,,,
Lot Number:,11139,Style:,CROSS HODDIE,,,,,,,,
Fabric:,RFD FLEECE,Garment Type:,SWEATSHIRT,,,,,,,,
,,,,,,,,,,,
Color,Cutting Table,M,L,XL,XXL,Total Pcs,,,,,
OFF WHITE,5,100,200,100,100,500,,,,,
WHITE,0,0,0,0,0,0,,,,,
Total,,100,200,100,100,500,,,,,
,,,,,,,,,,,
,,,,,,,,,,,
Cutting Matrix — Lot 11173,,,,,,,,,,,
Lot Number:,11173,Style:,JOGGER,,,,,,,,
Fabric:,BABY FLEECE,Garment Type:,LOWER,,,,,,,,
,,,,,,,,,,,
Color,Cutting Table,M,L,XL,XXL,Total Pcs,,,,,
15%,5,30,60,30,30,150,,,,,
B GREEN,5,30,60,30,30,150,,,,,
BEIGE,5,30,60,30,30,150,,,,,
BLACK,1,60,120,60,60,300,,,,,
COFFE,5,30,60,30,30,150,,,,,
D GREY,5,30,60,30,30,150,,,,,
NAVY,5,30,60,30,30,150,,,,,
Total,,240,480,240,240,1200,,,,,
,,,,,,,,,,,
,,,,,,,,,,,
Cutting Matrix — Lot 11171,,,,,,,,,,,
Lot Number:,11171,Style:,round neck contrast,,,,,,,,
Fabric:,MH IMPORTED STRIPE,Garment Type:,T-SHIRT,,,,,,,,
,,,,,,,,,,,
Color,Cutting Table,M,L,XL,XXL,Total Pcs,,,,,
GOLD (RED),1,15,30,15,15,75,,,,,
CREAM (ROYAL),1,16,32,16,16,80,,,,,
B GREEN (GOLD),0,0,0,0,0,0,,,,,
BEIGE (R GREEN),2,16,32,16,16,80,,,,,
RED (NAVY),2,16,32,16,16,80,,,,,
CREAM(B.GREEN),6,15,30,15,15,75,,,,,
BEIGE(R.GREEN(,6,13,26,13,13,65,,,,,
Total,,91,182,91,91,455,,,,,
Cutting Matrix — Lot 11169,,,,,,,,,,,
Lot Number:,11169,Style:,R/N SWEAT SHIRT,,,,,,,,
Fabric:,GERMAN FLEECE,Garment Type:,SWEATSHIRT,,,,,,,,
,,,,,,,,,,,
Color,Cutting Table,M,L,XL,XXL,Total Pcs,,,,,
15%,6,16,32,16,16,80,,,,,
NAVY,6,16,32,16,16,80,,,,,
OFF WHITE,6,17,34,17,16,84,,,,,
RED,6,17,34,17,16,84,,,,,
SKY NEW,6,17,34,17,17,85,,,,,
Total,,83,166,83,81,413,,,,,
,,,,,,,,,,,
,,,,,,,,,,,
Cutting Matrix — Lot 11174,,,,,,,,,,,
Lot Number:,11174,Style:,R/N SWEAT SHIRT + HOODIE,,,,,,,,
Fabric:,GERMAN FLEECE,Garment Type:,SWEATSHIRT,,,,,,,,
,,,,,,,,,,,
Color,Cutting Table,M,L,XL,XXL,Total Pcs,,,,,
BLACK,1,30,60,30,30,150,,,,,
CREAM,1,30,60,30,30,150,,,,,
Total,,60,120,60,60,300,,,,,
,,,,,,,,,,,
,,,,,,,,,,,
Cutting Matrix — Lot 11175,,,,,,,,,,,
Lot Number:,11175,Style:,R/N SWEAT SHIRT + HOODIE,,,,,,,,
Fabric:,GERMAN FLEECE,Garment Type:,SWEATSHIRT,,,,,,,,
,,,,,,,,,,,
Color,Cutting Table,M,L,XL,XXL,Total Pcs,,,,,
BLACK,1,30,60,30,30,150,,,,,
OFFWHITE,1,29,58,29,29,145,,,,,
Total,,59,118,59,59,295,,,,,
,,,,,,,,,,,
,,,,,,,,,,,
Cutting Matrix — Lot 73036,,,,,,,,,,,
Lot Number:,73036,Style:,SANDOW JACKET,,,,,,,,
Fabric:,QUILTED  FABRIC,Garment Type:,JACKET,,,,,,,,
,,,,,,,,,,,
Color,Cutting Table,M,L,XL,XXL,Total Pcs,,,,,
BLACK,9,40,40,20,20,120,,,,,
KHAKI,9,40,40,20,20,120,,,,,
NAVY,9,40,40,20,20,120,,,,,
OLIVE,9,40,40,20,20,120,,,,,
STON,9,40,40,20,20,120,,,,,
TAN,9,40,40,20,20,120,,,,,
Total,,240,240,120,120,720,,,,,
,,,,,,,,,,,
Cutting Matrix — Lot 73044,,,,,,,,,,,
Lot Number:,73044,Style:,SANDOW JACKET,,,,,,,,
Fabric:,QUILTED  FABRIC,Garment Type:,JACKET,,,,,,,,
,,,,,,,,,,,
Color,Cutting Table,M,L,XL,XXL,Total Pcs,,,,,
BLACK,9,40,40,20,20,120,,,,,
KHAKI,9,40,40,20,20,120,,,,,
NAVY,9,40,40,20,20,120,,,,,
OLIVE,9,40,40,20,20,120,,,,,
STONE,9,40,40,20,20,120,,,,,
TAN,9,40,40,20,20,120,,,,,
Total,,240,240,120,120,720,,,,,
Cutting Matrix — Lot 73045,,,,,,,,,,,
Lot Number:,73045,Style:,SANDOW JACKET,,,,,,,,
Fabric:,SWEAD,Garment Type:,JACKET,,,,,,,,
,,,,,,,,,,,
Color,Cutting Table,M,L,XL,XXL,Total Pcs,,,,,
CAMEL,8,20,40,20,20,100,,,,,
COFFE,8,20,40,20,20,100,,,,,
STONE,8,20,40,20,20,100,,,,,
TAN,8,20,40,20,20,100,,,,,
TAUPAL,8,20,40,20,20,100,,,,,
Total,,100,200,100,100,500,,,,,
Cutting Matrix — Lot 11176,,,,,,,,,,,
Lot Number:,11176,Style:,FULL ZIPPER HOODIE,,,,,,,,
Fabric:,GERMAN FLEECE,Garment Type:,SWEATSHIRT,,,,,,,,
,,,,,,,,,,,
Color,Cutting Table,M,L,XL,XXL,Total Pcs,,,,,
BLACK,5,29,58,29,29,145,,,,,
CREAM,5,30,60,30,30,150,,,,,
Total,,59,118,59,59,295,,,,,
,,,,,,,,,,,
,,,,,,,,,,,
Cutting Matrix — Lot 11181,,,,,,,,,,,
Lot Number:,11181,Style:,sandow,,,,,,,,
Fabric:,RIB,Garment Type:,T-SHIRT,,,,,,,,
,,,,,,,,,,,
Color,Cutting Table,S,M,L,XL,XXL,Total Pcs,,,,
BLACK,2,36,36,36,36,0,144,,,,
NAVY,2,27,27,27,27,0,108,,,,
WHITE,2,156,158,158,158,0,630,,,,
BLACK 3,6,18,18,18,18,0,72,,,,
BLACK 4,5,244,244,244,244,0,976,,,,
BLACK 5,10,20,20,20,20,0,80,,,,
D.GREY,5,16,16,16,16,0,64,,,,
NAVY 2,1,126,126,126,126,0,504,,,,
NAVY 3,6,108,108,108,108,0,432,,,,
NAVY 4,5,20,20,20,20,0,80,,,,
NAVY 5,10,41,41,41,41,0,164,,,,
RANI,5,5,5,5,5,0,20,,,,
RED,5,2,2,2,2,0,8,,,,
WHITE 2,1,284,284,284,284,168,1304,,,,
WHITE 3,6,89,89,89,89,0,356,,,,
WHITE 4,5,16,16,16,16,0,64,,,,
WHITE 5,10,62,62,62,62,0,248,,,,
Total,,1270,1272,1272,1272,168,5254,,,,
,,,,,,,,,,,
,,,,,,,,,,,
Cutting Matrix — Lot 11180,,,,,,,,,,,
Lot Number:,11180,Style:,17-18 MOHRI,,,,,,,,
Fabric:,SHAMBU,Garment Type:,LOWER,,,,,,,,
,,,,,,,,,,,
Color,Cutting Table,M,L,XL,XXL,Total Pcs,,,,,
BLACK1,6,56,56,28,28,168,,,,,
BLACK10,0,0,0,0,0,0,,,,,
BLACK2,2,37,37,18,19,111,,,,,
BLACK3,5,138,138,69,69,414,,,,,
BLACK4,1,56,56,28,28,168,,,,,
BLACK5,0,0,0,0,0,0,,,,,
BLACK6,0,0,0,0,0,0,,,,,
BLACK7,0,0,0,0,0,0,,,,,
BLACK8,0,0,0,0,0,0,,,,,
BLACK9,0,0,0,0,0,0,,,,,
Total,,287,287,143,144,861,,,,,
,,,,,,,,,,,
,,,,,,,,,,,
Cutting Matrix — Lot 11184,,,,,,,,,,,
Lot Number:,11184,Style:,T/NECK FULL ZIPPER,,,,,,,,
Fabric:,GERMAN FLEECE,Garment Type:,TRACK SUIT,,,,,,,,
,,,,,,,,,,,
Color,Cutting Table,M,L,XL,XXL,Total Pcs,,,,,
15%,5,30,60,30,30,150,,,,,
BLACK,5,30,60,30,30,150,,,,,
Total,,60,120,60,60,300,,,,,
,,,,,,,,,,,
,,,,,,,,,,,
Cutting Matrix — Lot 11188,,,,,,,,,,,
Lot Number:,11188,Style:,T/NECK FULL ZIPPER,,,,,,,,
Fabric:,GERMAN FLEECE,Garment Type:,TRACK SUIT,,,,,,,,
,,,,,,,,,,,
Color,Cutting Table,M,L,XL,XXL,Total Pcs,,,,,
15%,2,20,40,20,20,100,,,,,
BLACK,2,20,40,20,20,100,,,,,
Total,,40,80,40,40,200,,,,,
,,,,,,,,,,,
,,,,,,,,,,,
Cutting Matrix — Lot 11195,,,,,,,,,,,
Lot Number:,11195,Style:,HALF ZIPPER,,,,,,,,
Fabric:,MH IMPORTED STRIPE,Garment Type:,T-SHIRT COLLAR,,,,,,,,
,,,,,,,,,,,
Color,Cutting Table,M,L,XL,XXL,Total Pcs,,,,,
PURPEL (BLACK),0,0,0,0,0,0,,,,,
BEIGE (BLACK),1,5,10,5,5,25,,,,,
GOLD (RED),1,6,11,6,6,29,,,,,
BEIGE (RED),6,13,26,13,13,65,,,,,
CREAM (ROYAL),1,7,16,8,8,39,,,,,
ORANGE (WHITE),2,7,14,7,7,35,,,,,
CREAM (GOLD),0,0,0,0,0,0,,,,,
CREAM (LEVENDER),0,0,0,0,0,0,,,,,
B.GREEN (GOLD),6,8,16,8,8,40,,,,,
GOLD (B.GREEN),4,7,14,7,7,35,,,,,
BEIGE(BLACK),0,0,0,0,0,0,,,,,
CREAM(MOOV),2,8,16,8,8,40,,,,,
MOOV(NAVY),4,7,14,7,7,35,,,,,
Total,,68,137,69,69,343,,,,,
,,,,,,,,,,,
,,,,,,,,,,,
Cutting Matrix — Lot 11189,,,,,,,,,,,
Lot Number:,11189,Style:,T/NECK FULL ZIPPER,,,,,,,,
Fabric:,GERMAN FLEECE,Garment Type:,TRACK SUIT,,,,,,,,
,,,,,,,,,,,
Color,Cutting Table,M,L,XL,XXL,Total Pcs,,,,,
15%,2,20,40,20,20,100,,,,,
BLACK,2,20,40,20,20,100,,,,,
Total,,40,80,40,40,200,,,,,
,,,,,,,,,,,
,,,,,,,,,,,
Cutting Matrix — Lot 11186,,,,,,,,,,,
Lot Number:,11186,Style:,T/NECK FULL ZIPPER,,,,,,,,
Fabric:,GERMAN FLEECE,Garment Type:,TRACK SUIT,,,,,,,,
,,,,,,,,,,,
Color,Cutting Table,M,L,XL,XXL,Total Pcs,,,,,
15%,1,20,40,20,20,100,,,,,
BLACK,1,20,40,20,20,100,,,,,
Total,,40,80,40,40,200,,,,,
,,,,,,,,,,,
,,,,,,,,,,,
Cutting Matrix — Lot 11187,,,,,,,,,,,
Lot Number:,11187,Style:,T/NECK FULL ZIPPER,,,,,,,,
Fabric:,GERMAN FLEECE,Garment Type:,TRACK SUIT,,,,,,,,
,,,,,,,,,,,
Color,Cutting Table,M,L,XL,XXL,Total Pcs,,,,,
15%,1,20,40,20,20,100,,,,,
BLACK,1,20,40,20,20,100,,,,,
Total,,40,80,40,40,200,,,,,
,,,,,,,,,,,
,,,,,,,,,,,
Cutting Matrix — Lot 11177,,,,,,,,,,,
Lot Number:,11177,Style:,FULL ZIPPER HOOD,,,,,,,,
Fabric:,GERMAN FLEECE,Garment Type:,SWEATSHIRT,,,,,,,,
,,,,,,,,,,,
Color,Cutting Table,M,L,XL,XXL,Total Pcs,,,,,
BLACK,10,29,58,29,29,145,,,,,
OFFWHITE,10,30,60,30,30,150,,,,,
Total,,59,118,59,59,295,,,,,
,,,,,,,,,,,
,,,,,,,,,,,
Cutting Matrix — Lot 11179,,,,,,,,,,,
Lot Number:,11179,Style:,FULL ZIPPER COLLAR,,,,,,,,
Fabric:,TWEED,Garment Type:,SWEATSHIRT,,,,,,,,
,,,,,,,,,,,
Color,Cutting Table,M,L,XL,XXL,Total Pcs,,,,,
BLACK,8,24,48,24,24,120,,,,,
COFFEE,0,0,0,0,0,0,,,,,
KHAKI,8,24,48,24,24,120,,,,,
M.GREY,8,24,48,24,24,120,,,,,
NAVY,8,24,48,24,24,120,,,,,
OFFWHITE,8,24,48,24,24,120,,,,,
SUN TAN,8,24,48,24,24,120,,,,,
Total,,144,288,144,144,720,,,,,
,,,,,,,,,,,
Cutting Matrix — Lot 73046,,,,,,,,,,,
Lot Number:,73046,Style:,as per sample,,,,,,,,
Fabric:,SUEDE,Garment Type:,JACKET,,,,,,,,
,,,,,,,,,,,
Color,Cutting Table,M,L,XL,XXL,Total Pcs,,,,,
BLACK,8,50,50,25,25,150,,,,,
CAMEL,8,50,50,25,25,150,,,,,
COFFEE,8,50,50,25,25,150,,,,,
GREY,8,50,50,25,25,150,,,,,
OLIVE,8,50,50,25,25,150,,,,,
STONE,8,50,50,25,25,150,,,,,
TAN,8,50,50,25,25,150,,,,,
TAUPL,8,50,50,25,25,150,,,,,
Total,,400,400,200,200,1200,,,,,
,,,,,,,,,,,
,,,,,,,,,,,
Cutting Matrix — Lot 11196,,,,,,,,,,,
Lot Number:,11196,Style:,17-18 MOHRI,,,,,,,,
Fabric:,MICKEY,Garment Type:,LOWER,,,,,,,,
,,,,,,,,,,,
Color,Cutting Table,M,L,XL,XXL,Total Pcs,,,,,
BIACK,4,15,30,15,15,75,,,,,
BLACK,4,15,30,15,15,75,,,,,
FAWN,4,19,38,19,19,95,,,,,
GREY,10,17,34,17,17,85,,,,,
NAVY,4,19,38,19,19,95,,,,,
OFF WHITE,10,17,34,17,17,85,,,,,
OLIVE,10,18,36,18,18,90,,,,,
RUST,10,19,38,19,19,95,,,,,
Total,,139,278,139,139,695,,,,,
,,,,,,,,,,,
,,,,,,,,,,,
Cutting Matrix — Lot 11183,,,,,,,,,,,
Lot Number:,11183,Style:,T/NECK FULL ZIPPER,,,,,,,,
Fabric:,GERMAN FLEECE,Garment Type:,SWEATSHIRT,,,,,,,,
,,,,,,,,,,,
Color,Cutting Table,M,L,XL,XXL,Total Pcs,,,,,
ROYAL,6,21,42,21,21,105,,,,,
Total,,21,42,21,21,105,,,,,
,,,,,,,,,,,
,,,,,,,,,,,
Cutting Matrix — Lot 11182,,,,,,,,,,,
Lot Number:,11182,Style:,CROSS HODDIE,,,,,,,,
Fabric:,GERMAN FLEECE,Garment Type:,SWEATSHIRT,,,,,,,,
,,,,,,,,,,,
Color,Cutting Table,M,L,XL,XXL,Total Pcs,,,,,
BLACK (GREY),6,21,42,21,21,105,,,,,
CREAM (CREAM-COFFEE),6,21,42,21,21,105,,,,,
Total,,42,84,42,42,210,,,,,
,,,,,,,,,,,
,,,,,,,,,,,
Cutting Matrix — Lot 11197,,,,,,,,,,,
Lot Number:,11197,Style:,17-18 MOHRI,,,,,,,,
Fabric:,MICKEY,Garment Type:,LOWER,,,,,,,,
,,,,,,,,,,,
Color,Cutting Table,M,L,XL,XXL,Total Pcs,,,,,
BIACK,1,19,38,19,19,95,,,,,
BLACK,1,18,36,18,18,90,,,,,
FAWN,1,18,36,18,18,90,,,,,
GREY,2,19,38,19,19,95,,,,,
NAVY,1,18,36,18,18,90,,,,,
OFF WHITE,2,18,36,18,18,90,,,,,
OLIVE,2,19,38,19,19,95,,,,,
RUST,2,19,38,19,19,95,,,,,
Total,,148,296,148,148,740,,,,,
,,,,,,,,,,,
,,,,,,,,,,,
Cutting Matrix — Lot 11192,,,,,,,,,,,
Lot Number:,11192,Style:,T/NECK FULL ZIPPER,,,,,,,,
Fabric:,GERMAN FLEECE,Garment Type:,TRACK SUIT,,,,,,,,
,,,,,,,,,,,
Color,Cutting Table,M,L,XL,XXL,Total Pcs,,,,,
15%,5,20,40,20,20,100,,,,,
BLACK,5,20,40,20,20,100,,,,,
RED,5,20,40,20,20,100,,,,,
Total,,60,120,60,60,300,,,,,
,,,,,,,,,,,
,,,,,,,,,,,
Cutting Matrix — Lot 11191,,,,,,,,,,,
Lot Number:,11191,Style:,T/NECK FULL ZIPPER,,,,,,,,
Fabric:,GERMAN FLEECE,Garment Type:,TRACK SUIT,,,,,,,,
,,,,,,,,,,,
Color,Cutting Table,M,L,XL,XXL,Total Pcs,,,,,
15%,5,20,40,20,20,100,,,,,
BLACK,5,20,40,20,20,100,,,,,
RED,5,20,40,20,20,100,,,,,
Total,,60,120,60,60,300,,,,,
,,,,,,,,,,,
,,,,,,,,,,,
Cutting Matrix — Lot 11190,,,,,,,,,,,
Lot Number:,11190,Style:,COLLAR + THOKA,,,,,,,,
Fabric:,GERMAN FLEECE,Garment Type:,SWEATSHIRT,,,,,,,,
,,,,,,,,,,,
Color,Cutting Table,M,L,XL,XXL,Total Pcs,,,,,
15% (NAVY-RED-WHITE-NAVY),5,20,40,20,20,100,,,,,
BLACK (AUQA-WHITE-RED-AQUA),5,20,40,20,20,100,,,,,
NAVY (B.GREEN-WHITE-RED-B.GREEN),5,20,40,20,20,100,,,,,
Total,,60,120,60,60,300,,,,,
,,,,,,,,,,,
,,,,,,,,,,,
Cutting Matrix — Lot 11178,,,,,,,,,,,
Lot Number:,11178,Style:,FULL ZIPPER COLLAR,,,,,,,,
Fabric:,TWEED,Garment Type:,SWEATSHIRT,,,,,,,,
,,,,,,,,,,,
Color,Cutting Table,M,L,XL,XXL,Total Pcs,,,,,
BLACK,9,24,48,24,24,120,,,,,
COFFEE,9,24,48,24,24,120,,,,,
KHAKHI,9,24,48,24,24,120,,,,,
NAVY,9,24,48,24,24,120,,,,,
SUN TAN,9,24,48,24,24,120,,,,,
Total,,120,240,120,120,600,,,,,
,,,,,,,,,,,
,,,,,,,,,,,
Cutting Matrix — Lot 11198,,,,,,,,,,,
Lot Number:,11198,Style:,2 BON NIKKAR,,,,,,,,
Fabric:,Q20,Garment Type:,NIKKER,,,,,,,,
,,,,,,,,,,,
Color,Cutting Table,L,XL,XXL,XXXL,Total Pcs,,,,,
KHAKHI,2,30,30,30,30,120,,,,,
L.OLIVE,2,30,30,30,30,120,,,,,
OLIVE,2,30,30,30,30,120,,,,,
Total,,90,90,90,90,360,,,,,
,,,,,,,,,,,
,,,,,,,,,,,
Cutting Matrix — Lot 11206,,,,,,,,,,,
Lot Number:,11206,Style:,SANDOW,,,,,,,,
Fabric:,2/2 RIB,Garment Type:,T-SHIRT,,,,,,,,
,,,,,,,,,,,
Color,Cutting Table,S,M,L,XL,Total Pcs,,,,,
BLACK,6,0,0,8,8,16,,,,,
OFF WHITE,6,100,100,101,101,402,,,,,
NAVY,6,0,0,18,19,37,,,,,
BLACK1,6,98,98,98,98,392,,,,,
Total,,198,198,225,226,847,,,,,
,,,,,,,,,,,
Cutting Matrix — Lot 11207,,,,,,,,,,,
Lot Number:,11207,Style:,SANDOW,,,,,,,,
Fabric:,2/2 RIB,Garment Type:,T-SHIRT,,,,,,,,
,,,,,,,,,,,
Color,Cutting Table,S,M,L,XL,Total Pcs,,,,,
BLACK,0 ,0,0,0,0,0,,,,,
OFF WHITE,1,100,100,100,100,400,,,,,
Total,,100,100,100,100,400,,,,,
,,,,,,,,,,,
,,,,,,,,,,,
Cutting Matrix — Lot 11208,,,,,,,,,,,
Lot Number:,11208,Style:,SANDOW,,,,,,,,
Fabric:,2/2 RIB,Garment Type:,T-SHIRT,,,,,,,,
,,,,,,,,,,,
Color,Cutting Table,S,M,L,XL,Total Pcs,,,,,
BLACK,4,80,80,80,80,320,,,,,
OFF WHITE,2,156,156,156,156,624,,,,,
Total,,236,236,236,236,944,,,,,
,,,,,,,,,,,
,,,,,,,,,,,
Cutting Matrix — Lot 11209,,,,,,,,,,,
Lot Number:,11209,Style:,REGULAR BAJU  ROUND NECK,,,,,,,,
Fabric:,GERMAN FLEECE,Garment Type:,SWEATSHIRT  R/N,,,,,,,,
,,,,,,,,,,,
Color,Cutting Table,M,L,XL,XXL,Total Pcs,,,,,
BLACK (OFF WHITE),6,20,40,20,20,100,,,,,
OFF WHITE (BLACK),6,20,40,20,20,100,,,,,
OFF WHITE (SKY),6,20,40,20,20,100,,,,,
RED (NAVY),6,20,40,20,20,100,,,,,
Total,,80,160,80,80,400,,,,,
,,,,,,,,,,,
,,,,,,,,,,,
Cutting Matrix — Lot 11185,,,,,,,,,,,
Lot Number:,11185,Style:,T/NECK FULL ZIPPER,,,,,,,,
Fabric:,GERMAN FLEECE,Garment Type:,TRACK SUIT,,,,,,,,
,,,,,,,,,,,
Color,Cutting Table,M,L,XL,XXL,Total Pcs,,,,,
15%,5,30,60,30,30,150,,,,,
BLACK,5,30,60,30,30,150,,,,,
Total,,60,120,60,60,300,,,,,
,,,,,,,,,,,
,,,,,,,,,,,
Cutting Matrix — Lot 76006,,,,,,,,,,,
Lot Number:,76006,Style:,AS PR SAMPLE,,,,,,,,
Fabric:,MAXWELL,Garment Type:,SHIRT,,,,,,,,
,,,,,,,,,,,
Color,Cutting Table,S,M,L,XL,XXL,Total Pcs,,,,
B. GREEN,0,0,0,0,0,0,0,,,,
BANANA,5,7,14,14,14,7,56,,,,
BLACK,5,9,18,18,18,9,72,,,,
C. GREEN,0,0,0,0,0,0,0,,,,
CAMEL,5,8,16,16,16,8,64,,,,
COFFEE,0,0,0,0,0,0,0,,,,
FAWN,5,9,18,18,18,9,72,,,,
GREEN,5,9,18,18,18,9,72,,,,
KHAKI,5,9,18,18,18,9,72,,,,
L.GREEN,5,9,18,18,18,9,72,,,,
MEHROON,5,9,18,18,18,9,72,,,,
MUSTARD,5,8,16,16,16,8,64,,,,
NAVY,5,9,18,18,18,9,72,,,,
OLIVE,5,6,12,12,12,6,48,,,,
RED,0,0,0,0,0,,0,,,,
ROYAL,0,0,0,0,0,0,0,,,,
SKY,5,9,18,18,18,9,72,,,,
WHITE,5,7,14,14,14,7,56,,,,
WINE,0,0,0,0,0,0,0,,,,
Total,,108,216,216,216,108,864,,,,
,,,,,,,,,,,
,,,,,,,,,,,
Cutting Matrix — Lot 76007,,,,,,,,,,,
Lot Number:,76007,Style:,AS PR SAMPLE,,,,,,,,
Fabric:,MAXWELL,Garment Type:,SHIRT,,,,,,,,
,,,,,,,,,,,
Color,Cutting Table,S,M,L,XL,XXL,Total Pcs,,,,
B. GREEN,0,0,0,0,0,0,0,,,,
BANANA,5,9,18,18,18,9,72,,,,
BLACK,5,9,18,18,18,9,72,,,,
C. GREEN,0,0,0,0,0,0,0,,,,
CAMEL,5,10,20,20,20,10,80,,,,
COFFEE,0,0,0,0,0,0,0,,,,
FAWN,5,9,18,18,18,9,72,,,,
GREEN,5,9,18,18,18,9,72,,,,
KHAKI,5,9,18,18,18,9,72,,,,
L.GREEN,5,7,14,14,14,7,56,,,,
MEHROON,5,9,18,18,18,9,72,,,,
MUSTARD,5,9,18,18,18,9,72,,,,
NAVY,5,9,18,18,18,9,72,,,,
OLIVE,5,6,12,12,12,6,48,,,,
RED,0,0,0,0,0,0,0,,,,
ROYAL,0,0,0,0,0,0,0,,,,
SKY,5,9,18,18,18,9,72,,,,
WHITE,5,10,20,20,20,10,80,,,,
WINE,0,0,0,0,0,0,0,,,,
Total,,114,228,228,228,114,912,,,,
,,,,,,,,,,,
,,,,,,,,,,,
Cutting Matrix — Lot 76008,,,,,,,,,,,
Lot Number:,76008,Style:,AS PR SAMPLE,,,,,,,,
Fabric:,OXFORD,Garment Type:,SHIRT,,,,,,,,
,,,,,,,,,,,
Color,Cutting Table,S,M,L,XL,XXL,Total Pcs,,,,
B. GREEN,0,0,0,0,0,0,0,,,,
BANANA,5,10,20,20,20,10,80,,,,
BLACK,5,9,18,18,18,9,72,,,,
C. GREEN,0,0,0,0,0,0,0,,,,
CAMEL,5,10,20,20,20,10,80,,,,
COFFEE,0,0,0,0,0,0,0,,,,
FAWN,5,10,20,20,20,10,80,,,,
GREEN,5,10,20,20,20,10,80,,,,
KHAKI,5,10,20,20,20,10,80,,,,
MEHROON,5,10,20,20,20,10,80,,,,
MUSTARD,5,10,20,20,20,10,80,,,,
NAVY,5,10,20,20,20,10,80,,,,
OLIVE,5,10,20,20,20,10,80,,,,
RED,0,0,0,0,0,0,0,,,,
ROYAL,0,0,0,0,0,0,0,,,,
SKY,5,9,18,18,18,9,72,,,,
WHITE,5,10,20,20,20,10,80,,,,
WINE,0,0,0,0,0,0,0,,,,
Total,,118,236,236,236,118,944,,,,
,,,,,,,,,,,
,,,,,,,,,,,
Cutting Matrix — Lot 11193,,,,,,,,,,,
Lot Number:,11193,Style:,CROSS HODDIE,,,,,,,,
Fabric:,GERMAN FLEECE,Garment Type:,TRACK SUIT,,,,,,,,
,,,,,,,,,,,
Color,Cutting Table,M,L,XL,XXL,Total Pcs,,,,,
15%,5,20,40,20,20,100,,,,,
BLACK,5,20,40,20,20,100,,,,,
Total,,40,80,40,40,200,,,,,
,,,,,,,,,,,
,,,,,,,,,,,
Cutting Matrix — Lot 11194,,,,,,,,,,,
Lot Number:,11194,Style:,CROSS HODDIE,,,,,,,,
Fabric:,GERMAN FLEECE,Garment Type:,TRACK SUIT,,,,,,,,
,,,,,,,,,,,
Color,Cutting Table,M,L,XL,XXL,Total Pcs,,,,,
15%,5,20,40,20,20,100,,,,,
BLACK,5,20,40,20,20,100,,,,,
Total,,40,80,40,40,200,,,,,
,,,,,,,,,,,
,,,,,,,,,,,
Cutting Matrix — Lot 11199,,,,,,,,,,,
Lot Number:,11199,Style:,LOWER CARGO,,,,,,,,
Fabric:,U.K LYCRA,Garment Type:,NIKKER,,,,,,,,
,,,,,,,,,,,
Color,Cutting Table,L,XL,XXL,XXXL,Total Pcs,,,,,
B GREEN (OFF WHITE),1,30,30,30,30,120,,,,,
BLACK (M GRAY),1,30,30,30,30,120,,,,,
MOUSE (OLIVE),1,28,28,28,28,112,,,,,
OFF WHITE (B GREEN),1,30,30,30,30,120,,,,,
ORANGE (WHITE),1,30,30,30,30,120,,,,,
RED (NAVY),1,30,30,30,30,120,,,,,
ROYAL (WHITE),1,30,30,30,30,120,,,,,
WHITE (FAINTER),1,30,30,30,30,120,,,,,
YELLOW (D GREEN),1,30,30,30,30,120,,,,,
Total,,268,268,268,268,1072,,,,,
,,,,,,,,,,,
,,,,,,,,,,,
Cutting Matrix — Lot 11200,,,,,,,,,,,
Lot Number:,11200,Style:,CARGO NIKKER,,,,,,,,
Fabric:,CAMO D123,Garment Type:,NIKKER,,,,,,,,
,,,,,,,,,,,
Color,Cutting Table,L,XL,XXL,XXXL,Total Pcs,,,,,
COFFEE,10,30,30,30,30,120,,,,,
D.GREY,10,30,30,30,30,120,,,,,
GREY,10,30,30,30,30,120,,,,,
IVORY,0,0,0,0,0,0,,,,,
M GREY,0,0,0,0,0,0,,,,,
MILITARY,10,30,30,30,30,120,,,,,
OLIVE,10,30,30,30,30,120,,,,,
Total,,150,150,150,150,600,,,,,
,,,,,,,,,,,
,,,,,,,,,,,
Cutting Matrix — Lot 11201,,,,,,,,,,,
Lot Number:,11201,Style:,CARGO NIKKER,,,,,,,,
Fabric:,JORDAN RIB,Garment Type:,NIKKER,,,,,,,,
,,,,,,,,,,,
Color,Cutting Table,L,XL,XXL,XXXL,Total Pcs,,,,,
B GREEN,4,30,30,30,30,120,,,,,
BLACK,4,60,60,60,60,240,,,,,
FAWN,4,30,30,30,30,120,,,,,
RED,4,30,30,30,30,120,,,,,
ROYAL,4,30,30,30,30,120,,,,,
Total,,180,180,180,180,720,,,,,
,,,,,,,,,,,
,,,,,,,,,,,
Cutting Matrix — Lot 11202,,,,,,,,,,,
Lot Number:,11202,Style:,CARGO NIKKER,,,,,,,,
Fabric:,JORDAN RIB,Garment Type:,NIKKER,,,,,,,,
,,,,,,,,,,,
Color,Cutting Table,L,XL,XXL,XXXL,Total Pcs,,,,,
BLACK,6,15,15,15,15,60,,,,,
CAMEL,6,15,15,15,15,60,,,,,
NAVY,6,15,15,15,15,60,,,,,
RED,6,15,15,15,15,60,,,,,
ROYAL,6,15,15,15,15,60,,,,,
Total,,75,75,75,75,300,,,,,
,,,,,,,,,,,
,,,,,,,,,,,
Cutting Matrix — Lot 11203,,,,,,,,,,,
Lot Number:,11203,Style:,LOWER,,,,,,,,
Fabric:,HARISH PRINT CAMO,Garment Type:,LOWER,,,,,,,,
,,,,,,,,,,,
Color,Cutting Table,M,L,XL,XXL,Total Pcs,,,,,
D GREY,1,30,60,30,30,150,,,,,
GREY,1,30,60,30,30,150,,,,,
MILITARY,1,30,60,30,30,150,,,,,
OLIVE,1,30,60,30,30,150,,,,,
Total,,120,240,120,120,600,,,,,
,,,,,,,,,,,
,,,,,,,,,,,
Cutting Matrix — Lot 11205,,,,,,,,,,,
Lot Number:,11205,Style:,DOUBLE PHUCHI,,,,,,,,
Fabric:,HARIS PRINT D123,Garment Type:,LOWER,,,,,,,,
,,,,,,,,,,,
Color,Cutting Table,M,L,XL,XXL,Total Pcs,,,,,
COFFEE,2,30,60,30,30,150,,,,,
D GREY,2,30,60,30,30,150,,,,,
GREY,2,30,60,30,30,150,,,,,
MILTARY,2,30,60,30,30,150,,,,,
OLIVE,2,30,60,30,30,150,,,,,
Total,,150,300,150,150,750,,,,,
,,,,,,,,,,,
,,,,,,,,,,,
Cutting Matrix — Lot 11220,,,,,,,,,,,
Lot Number:,11220,Style:,JOGGER,,,,,,,,
Fabric:,GERMAN FLEECE,Garment Type:,LOWER,,,,,,,,
,,,,,,,,,,,
Color,Cutting Table,M,L,XL,XXL,Total Pcs,,,,,
15%,1,20,40,20,20,100,,,,,
BLACK,1,40,80,40,40,200,,,,,
CREAM,1,20,40,20,20,100,,,,,
Total,,80,160,80,80,400,,,,,
,,,,,,,,,,,
,,,,,,,,,,,
Cutting Matrix — Lot 11219,,,,,,,,,,,
Lot Number:,11219,Style:,3 BON,,,,,,,,
Fabric:,GERMAN FLEECE,Garment Type:,LOWER,,,,,,,,
,,,,,,,,,,,
Color,Cutting Table,M,L,XL,XXL,Total Pcs,,,,,
BLACK,6,41,82,41,41,205,,,,,
15%,6,20,40,20,20,100,,,,,
WHITE,6,22,44,22,22,110,,,,,
Total,,83,166,83,83,415,,,,,
,,,,,,,,,,,
,,,,,,,,,,,
Cutting Matrix — Lot 11212,,,,,,,,,,,
Lot Number:,11212,Style:,COLLAR + THOKA,,,,,,,,
Fabric:,MATTY LYCRA,Garment Type:,T-SHIRT COLLAR,,,,,,,,
,,,,,,,,,,,
Color,Cutting Table,24,26,28,30,32,34,36,Total Pcs,,
FANTIER,1,14,14,14,14,14,14,14,98,,
BLACK,1,14,14,14,14,14,14,14,98,,
WHITE,1,14,14,14,14,14,14,14,98,,
COFFEE,5,14,14,14,14,14,14,14,98,,
NAVY,4,14,14,14,14,14,14,14,98,,
Total,,70,70,70,70,70,70,70,490,,
,,,,,,,,,,,
,,,,,,,,,,,
Cutting Matrix — Lot 11211,,,,,,,,,,,
Lot Number:,11211,Style:,COLLAR + THOKA,,,,,,,,
Fabric:,MATTY LYCRA,Garment Type:,T-SHIRT COLLAR,,,,,,,,
,,,,,,,,,,,
Color,Cutting Table,24,26,28,30,32,34,36,Total Pcs,,
NAVY,2,14,14,14,14,14,14,14,98,,
B GREEN,0,0,0,0,0,0,0,0,0,,
AQUA,2,14,14,14,14,14,14,14,98,,
COFFEE,5,14,14,14,14,14,14,14,98,,
OFF WHITE,4,14,14,14,14,14,14,14,98,,
BLACK,2,14,14,14,14,14,14,14,98,,
WHITE,2,14,14,14,14,14,14,14,98,,
Total,,84,84,84,84,84,84,84,588,,
,,,,,,,,,,,
,,,,,,,,,,,
Cutting Matrix — Lot 11204,,,,,,,,,,,
Lot Number:,11204,Style:,LOWER,,,,,,,,
Fabric:,UK LYCRA,Garment Type:,LOWER,,,,,,,,
,,,,,,,,,,,
Color,Cutting Table,M,L,XL,XXL,Total Pcs,,,,,
B GREEN (30 SET),4,30,60,30,30,150,,,,,
BLACK (40 SET),10,40,80,40,40,200,,,,,
M GREY (30 SET),4,30,60,30,30,150,,,,,
MOUSE (30 SET),4,30,60,30,30,150,,,,,
OFF WHITE (30 SET),10,30,60,30,30,150,,,,,
PISTA (30 SET),10,30,60,30,30,150,,,,,
RED (15 SET),10,15,30,15,15,75,,,,,
ROYAL (15 SET),4,15,30,15,15,75,,,,,
Total,,220,440,220,220,1100,,,,,
,,,,,,,,,,,
,,,,,,,,,,,
Cutting Matrix — Lot 64013,,,,,,,,,,,
Lot Number:,64013,Style:,CROSS HODDIE,,,,,,,,
Fabric:,GERMAN FLEECE,Garment Type:,SWEATSHIRT,,,,,,,,
,,,,,,,,,,,
Color,Cutting Table,M,L,XL,XXL,Total Pcs,,,,,
BLACK,4,25,25,25,25,100,,,,,
Total,,25,25,25,25,100,,,,,
,,,,,,,,,,,
,,,,,,,,,,,
Cutting Matrix — Lot 64012,,,,,,,,,,,
Lot Number:,64012,Style:,FULL ZIPPER (MONKEY HOOD),,,,,,,,
Fabric:,GERMAN FLEECE,Garment Type:,SWEATSHIRT,,,,,,,,
,,,,,,,,,,,
Color,Cutting Table,M,L,XL,XXL,Total Pcs,,,,,
BLACK,1,39,39,39,39,156,,,,,
Total,,39,39,39,39,156,,,,,
,,,,,,,,,,,
,,,,,,,,,,,
Cutting Matrix — Lot 11210,,,,,,,,,,,
Lot Number:,11210,Style:,COLLAR + THOKA,,,,,,,,
Fabric:,MATTY LYCRA,Garment Type:,T-SHIRT COLLAR,,,,,,,,
,,,,,,,,,,,
Color,Cutting Table,24,26,28,30,32,34,36,Total Pcs,,
AQUA,6,14,14,14,14,14,14,14,98,,
BLACK,6,14,14,14,14,14,14,14,98,,
COFFEE,6,14,14,14,14,14,14,14,98,,
B GREEN,4,14,14,14,14,14,14,14,98,,
S GREY,6,14,14,14,14,14,14,14,98,,
CREAM,6,14,14,14,14,14,14,14,98,,
Total,,84,84,84,84,84,84,84,588,,
,,,,,,,,,,,
,,,,,,,,,,,
Cutting Matrix — Lot 11222,,,,,,,,,,,
Lot Number:,11222,Style:,SEF CUT SIDE GULLA,,,,,,,,
Fabric:,GERMAN FLEECE,Garment Type:,LOWER,,,,,,,,
,,,,,,,,,,,
Color,Cutting Table,M,L,XL,XXL,Total Pcs,,,,,
15%,2,30,30,15,15,90,,,,,
BLACK,2,60,60,30,30,180,,,,,
CREAM,2,30,30,15,15,90,,,,,
RUST,2,30,30,15,15,90,,,,,
Total,,150,150,75,75,450,,,,,
,,,,,,,,,,,
,,,,,,,,,,,
Cutting Matrix — Lot 11224,,,,,,,,,,,
Lot Number:,11224,Style:,R/N TSHIRT,,,,,,,,
Fabric:,COTTON LYCRA,Garment Type:,T-SHIRT,,,,,,,,
,,,,,,,,,,,
Color,Cutting Table,M,L,XL,XXL,Total Pcs,,,,,
15%,1,34,68,34,34,170,,,,,
AQUA,1,34,68,34,34,170,,,,,
BLACK,1,35,70,35,35,175,,,,,
PINK,1,39,78,39,39,195,,,,,
WHITE,1,34,68,34,34,170,,,,,
Total,,176,352,176,176,880,,,,,
,,,,,,,,,,,
,,,,,,,,,,,
Cutting Matrix — Lot 11225,,,,,,,,,,,
Lot Number:,11225,Style:,R/N TSHIRT,,,,,,,,
Fabric:,COTTON LYCRA,Garment Type:,T-SHIRT,,,,,,,,
,,,,,,,,,,,
Color,Cutting Table,M,L,XL,XXL,Total Pcs,,,,,
BLACK,1,35,70,35,35,175,,,,,
WHITE,1,33,66,33,33,165,,,,,
Total,,68,136,68,68,340,,,,,
,,,,,,,,,,,
,,,,,,,,,,,
Cutting Matrix — Lot 11226,,,,,,,,,,,
Lot Number:,11226,Style:,R/N TSHIRT,,,,,,,,
Fabric:,COTTON LYCRA,Garment Type:,T-SHIRT,,,,,,,,
,,,,,,,,,,,
Color,Cutting Table,M,L,XL,XXL,Total Pcs,,,,,
15%,0,0,0,0,0,0,,,,,
BLACK,6,36,72,36,36,180,,,,,
WHITE,6,31,62,31,31,155,,,,,
Total,,67,134,67,67,335,,,,,
,,,,,,,,,,,
,,,,,,,,,,,
Cutting Matrix — Lot 11227,,,,,,,,,,,
Lot Number:,11227,Style:,R/N TSHIRT,,,,,,,,
Fabric:,COTTON LYCRA,Garment Type:,T-SHIRT,,,,,,,,
,,,,,,,,,,,
Color,Cutting Table,M,L,XL,XXL,Total Pcs,,,,,
15%,4,34,68,34,34,170,,,,,
BLACK,4,30,60,30,30,150,,,,,
WHITE,4,29,58,29,29,145,,,,,
Total,,93,186,93,93,465,,,,,
,,,,,,,,,,,
,,,,,,,,,,,
Cutting Matrix — Lot 11229,,,,,,,,,,,
Lot Number:,11229,Style:,CROSS HODDIE,,,,,,,,
Fabric:,GERMAN FLEECE,Garment Type:,SWEATSHIRT,,,,,,,,
,,,,,,,,,,,
Color,Cutting Table,M,L,XL,XXL,Total Pcs,,,,,
15%,6,22,44,22,22,110,,,,,
BLACK,6,22,44,22,22,110,,,,,
Total,,44,88,44,44,220,,,,,
,,,,,,,,,,,
,,,,,,,,,,,
Cutting Matrix — Lot 11213,,,,,,,,,,,
Lot Number:,11213,Style:,COLLAR + THOKA,,,,,,,,
Fabric:,MATTY LYCRA,Garment Type:,T-SHIRT COLLAR,,,,,,,,
,,,,,,,,,,,
Color,Cutting Table,24,26,28,30,32,34,36,Total Pcs,,
WHITE,10,14,14,14,14,14,14,14,98,,
NAVY,10,10,10,10,10,10,10,10,70,,
GREY,10,14,14,14,14,14,14,14,98,,
BLACK,10,14,14,14,14,14,14,14,98,,
S GREY,10,14,14,14,14,14,14,14,98,,
Total,,66,66,66,66,66,66,66,462,,
,,,,,,,,,,,
,,,,,,,,,,,
Cutting Matrix — Lot 11223,,,,,,,,,,,
Lot Number:,11223,Style:,R/N TSHIRT,,,,,,,,
Fabric:,COTTON LYCRA,Garment Type:,T-SHIRT,,,,,,,,
,,,,,,,,,,,
Color,Cutting Table,M,L,XL,XXL,Total Pcs,,,,,
15%,10,31,62,31,31,155,,,,,
BLACK,10,37,74,37,37,185,,,,,
WHITE,10,34,68,34,34,170,,,,,
Total,,102,204,102,102,510,,,,,
,,,,,,,,,,,
,,,,,,,,,,,
Cutting Matrix — Lot 11228,,,,,,,,,,,
Lot Number:,11228,Style:,R/N TSHIRT,,,,,,,,
Fabric:,COTTON LYCRA,Garment Type:,T-SHIRT,,,,,,,,
,,,,,,,,,,,
Color,Cutting Table,M,L,XL,XXL,Total Pcs,,,,,
BLACK,2,33,66,33,33,165,,,,,
WHITE,2,36,72,36,36,180,,,,,
15%,2,35,70,35,35,175,,,,,
RED,2,36,72,36,36,180,,,,,
Total,,140,280,140,140,700,,,,,
,,,,,,,,,,,
,,,,,,,,,,,
Cutting Matrix — Lot 11230,,,,,,,,,,,
Lot Number:,11230,Style:,r/n hoodie,,,,,,,,
Fabric:,TOKYO STRIPE,Garment Type:,TRACK SUIT,,,,,,,,
,,,,,,,,,,,
Color,Cutting Table,M,L,XL,XXL,Total Pcs,,,,,
BLACK,1,19,38,19,19,95,,,,,
BULLER,1,18,36,18,18,90,,,,,
CEMENT,1,19,38,19,19,95,,,,,
FAWN,1,19,38,19,19,95,,,,,
TAMBACO,1,18,36,18,18,90,,,,,
Total,,93,186,93,93,465,,,,,
,,,,,,,,,,,
,,,,,,,,,,,
Cutting Matrix — Lot 11231,,,,,,,,,,,
Lot Number:,11231,Style:,17-18 Mohri,,,,,,,,
Fabric:,TOKYO STRIPE,Garment Type:,TRACK SUIT,,,,,,,,
,,,,,,,,,,,
Color,Cutting Table,M,L,XL,XXL,Total Pcs,,,,,
BLACK,1,19,38,19,19,95,,,,,
BULLER,1,18,36,18,18,90,,,,,
CEMENT,1,19,38,19,19,95,,,,,
FAWN,1,19,38,19,19,95,,,,,
TAMBACO,1,18,36,18,18,90,,,,,
Total,,93,186,93,93,465,,,,,
,,,,,,,,,,,
,,,,,,,,,,,
Cutting Matrix — Lot 11234,,,,,,,,,,,
Lot Number:,11234,Style:,jogger,,,,,,,,
Fabric:,GERMAN FLEECE,Garment Type:,JOGGER,,,,,,,,
,,,,,,,,,,,
Color,Cutting Table,M,L,XL,XXL,Total Pcs,,,,,
15%,2,25,50,25,25,125,,,,,
B GREEN,2,23,46,23,23,115,,,,,
BEIGE,2,25,50,25,25,125,,,,,
BLACK,2,48,96,48,48,240,,,,,
MOUSE,0,0,0,0,0,0,,,,,
NAVY,2,24,48,24,24,120,,,,,
WHITE,2,25,50,25,25,125,,,,,
Total,,170,340,170,170,850,,,,,
,,,,,,,,,,,
,,,,,,,,,,,
Cutting Matrix — Lot 11236,,,,,,,,,,,
Lot Number:,11236,Style:,JOGGER,,,,,,,,
Fabric:,MICKEY,Garment Type:,LOWER,,,,,,,,
,,,,,,,,,,,
Color,Cutting Table,L,XL,XXL,Total Pcs,,,,,,
BLACK,10,50,25,25,100,,,,,,
FAWN,1,50,25,25,100,,,,,,
RUST,6,56,28,28,112,,,,,,
NAVY,1,56,28,28,112,,,,,,
OLIVE,6,56,28,28,112,,,,,,
LGREY,0,0,0,0,0,,,,,,
BGREEN,10,54,27,27,108,,,,,,
GREY,2,54,27,27,108,,,,,,
Total,,376,188,188,752,,,,,,
,,,,,,,,,,,
,,,,,,,,,,,
,,,,,,,,,,,
Cutting Matrix — Lot 11235,,,,,,,,,,,
Lot Number:,11235,Style:,JOGGER,,,,,,,,
Fabric:,MICKEY,Garment Type:,LOWER,,,,,,,,
,,,,,,,,,,,
Color,Cutting Table,L,XL,XXL,Total Pcs,,,,,,
BLACK,10,50,25,25,100,,,,,,
FAWN,1,54,27,27,108,,,,,,
RUST,6,54,27,27,108,,,,,,
NAVY,1,56,28,28,112,,,,,,
OLIVE,6,56,28,28,112,,,,,,
LGREY,0,0,0,0,0,,,,,,
BGREEN,0,0,0,0,0,,,,,,
GREY,2,60,30,30,120,,,,,,
Total,,330,165,165,660,,,,,,
,,,,,,,,,,,
,,,,,,,,,,,
,,,,,,,,,,,
Cutting Matrix — Lot 11217,,,,,,,,,,,
Lot Number:,11217,Style:,JOGGER,,,,,,,,
Fabric:,CAMO 123,Garment Type:,LOWER,,,,,,,,
,,,,,,,,,,,
Color,Cutting Table,M,L,XL,XXL,Total Pcs,,,,,
COFFEE,5,30,60,30,30,150,,,,,
D GREY,5,30,60,30,30,150,,,,,
GREY,5,30,60,30,30,150,,,,,
MILTARY,5,30,60,30,30,150,,,,,
OLIVE,5,30,60,30,30,150,,,,,
Total,,150,300,150,150,750,,,,,
,,,,,,,,,,,
,,,,,,,,,,,
Cutting Matrix — Lot 11214,,,,,,,,,,,
Lot Number:,11214,Style:,COLLAR + THOKA,,,,,,,,
Fabric:,MATTY LYCRA,Garment Type:,T-SHIRT COLLAR,,,,,,,,
,,,,,,,,,,,
Color,Cutting Table,24,26,28,30,32,34,36,Total Pcs,,
COFFEE,5,14,14,14,14,14,14,14,98,,
WHITE,5,14,14,14,14,14,14,14,98,,
BLACK,5,14,14,14,14,14,14,14,98,,
BEIGE,4,14,14,14,14,14,14,14,98,,
Total,,56,56,56,56,56,56,56,392,,
,,,,,,,,,,,
,,,,,,,,,,,
Cutting Matrix — Lot 11215,,,,,,,,,,,
Lot Number:,11215,Style:,COLLAR + THOKA,,,,,,,,
Fabric:,MATTY LYCRA,Garment Type:,T-SHIRT COLLAR,,,,,,,,
,,,,,,,,,,,
Color,Cutting Table,24,26,28,30,32,34,36,Total Pcs,,
CREAM,5,14,14,14,14,14,14,14,98,,
BLACK,5,14,14,14,14,14,14,14,98,,
COFFEE,5,14,14,14,14,14,14,14,98,,
BEIGE,4,14,14,14,14,14,14,14,98,,
Total,,56,56,56,56,56,56,56,392,,
,,,,,,,,,,,
,,,,,,,,,,,
Cutting Matrix — Lot 11216,,,,,,,,,,,
Lot Number:,11216,Style:,COLLAR + THOKA,,,,,,,,
Fabric:,MATTY LYCRA,Garment Type:,T-SHIRT COLLAR,,,,,,,,
,,,,,,,,,,,
Color,Cutting Table,24,26,28,30,32,34,36,Total Pcs,,
CREAM,5,14,14,14,14,14,14,14,98,,
SGREY,5,14,14,14,14,14,14,14,98,,
COFFEE,5,14,14,14,14,14,14,14,98,,
BLACK,5,14,14,14,14,14,14,14,98,,
Total,,56,56,56,56,56,56,56,392,,
,,,,,,,,,,,
,,,,,,,,,,,
Cutting Matrix — Lot 11218,,,,,,,,,,,
Lot Number:,11218,Style:,NIKKER,,,,,,,,
Fabric:,JORDAN RIB,Garment Type:,NIKKER,,,,,,,,
,,,,,,,,,,,
Color,Cutting Table,L,XL,XXL,XXXL,Total Pcs,,,,,
BLACK,5,25,25,25,25,100,,,,,
RED,5,25,25,25,25,100,,,,,
ROYAL,5,25,25,25,25,100,,,,,
SAGE,5,25,25,25,25,100,,,,,
WHITE,5,25,25,25,25,100,,,,,
Total,,125,125,125,125,500,,,,,
,,,,,,,,,,,
,,,,,,,,,,,
Cutting Matrix — Lot 11232,,,,,,,,,,,
Lot Number:,11232,Style:,jogger,,,,,,,,
Fabric:,GERMAN FLEECE,Garment Type:,JOGGER,,,,,,,,
,,,,,,,,,,,
Color,Cutting Table,M,L,XL,XXL,Total Pcs,,,,,
15%,5,24,48,24,24,120,,,,,
BLACK,5,50,100,50,50,250,,,,,
C. GREEN,5,26,52,26,26,130,,,,,
CAMEL,5,25,50,25,25,125,,,,,
GREY,5,24,48,24,24,120,,,,,
L. RUST,5,23,46,23,23,115,,,,,
OFF WHITE,5,25,50,25,25,125,,,,,
Total,,197,394,197,197,985,,,,,
,,,,,,,,,,,
,,,,,,,,,,,
Cutting Matrix — Lot 11233,,,,,,,,,,,
Lot Number:,11233,Style:,jogger,,,,,,,,
Fabric:,GERMAN FLEECE,Garment Type:,JOGGER,,,,,,,,
,,,,,,,,,,,
Color,Cutting Table,M,L,XL,XXL,Total Pcs,,,,,
15%,5,24,48,24,24,120,,,,,
B GREEN,5,23,46,23,23,115,,,,,
BLACK,5,50,100,50,50,250,,,,,
C GREEN,5,25,50,25,25,125,,,,,
CAMEL,5,25,50,25,25,125,,,,,
D GREY,5,24,48,24,24,120,,,,,
OFF WHITE,5,25,50,25,25,125,,,,,
WHITE,0,0,0,0,0,0,,,,,
Total,,196,392,196,196,980,,,,,
,,,,,,,,,,,
,,,,,,,,,,,
Cutting Matrix — Lot 11237,,,,,,,,,,,
Lot Number:,11237,Style:,ROUND NECK,,,,,,,,
Fabric:,30,Garment Type:,T-SHIRT,,,,,,,,
,,,,,,,,,,,
Color,Cutting Table,M,L,XL,Total Pcs,,,,,,
BLACK (M.L(100 SET)),2,500,500,0,1000,,,,,,
WHITE (M.XL(100 SET)),1,510,0,510,1020,,,,,,
Total,,1010,500,510,2020,,,,,,
,,,,,,,,,,,
,,,,,,,,,,,
Cutting Matrix — Lot 11241,,,,,,,,,,,
Lot Number:,11241,Style:,NIKKAR,,,,,,,,
Fabric:,D 2 CEMO,Garment Type:,NIKKER,,,,,,,,
,,,,,,,,,,,
Color,Cutting Table,L,XL,XXL,XXXL,4XL,5XL,Total Pcs,,,
D GREY,1,30,30,30,40,10,10,150,,,
GREY,1,30,30,30,40,10,10,150,,,
MILITRY,1,30,30,30,40,10,10,150,,,
OLIVE,1,30,30,30,40,10,10,150,,,
Total,,120,120,120,160,40,40,600,,,
,,,,,,,,,,,
,,,,,,,,,,,
Cutting Matrix — Lot 11239,,,,,,,,,,,
Lot Number:,11239,Style:,NIKKAR,,,,,,,,
Fabric:,U.K LYCRA,Garment Type:,NIKKER,,,,,,,,
,,,,,,,,,,,
Color,Cutting Table,L,XL,XXL,XXXL,4XL,5XL,Total Pcs,,,
BLACK,4,50,50,50,70,20,20,260,,,
OFF WHITE,4,25,25,25,35,10,10,130,,,
ORANGE (10 SET),4,10,10,10,10,20,10,70,,,
RED,4,25,25,25,35,10,10,130,,,
ROYAL (10 SET),4,25,25,25,35,10,10,130,,,
WHITE,4,25,25,25,35,10,10,130,,,
YELLO,0,0,0,0,0,0,0,0,,,
YELLOW,4,10,10,10,10,20,10,70,,,
Total,,170,170,170,230,100,80,920,,,
Cutting Matrix — Lot 11240,,,,,,,,,,,
Lot Number:,11240,Style:,NIKKAR,,,,,,,,
Fabric:,U.K LYCRA,Garment Type:,NIKKER,,,,,,,,
,,,,,,,,,,,
Color,Cutting Table,L,XL,XXL,XXXL,Total Pcs,,,,,
BLACK,5,15,15,15,15,60,,,,,
OFF WHITE,5,10,10,10,10,40,,,,,
RED,5,10,10,10,10,40,,,,,
ROYAL,5,10,10,10,10,40,,,,,
Total,,45,45,45,45,180,,,,,
,,,,,,,,,,,
,,,,,,,,,,,
Cutting Matrix — Lot 11242,,,,,,,,,,,
Lot Number:,11242,Style:,LOWER CARGO,,,,,,,,
Fabric:,GERMAN FLEECE,Garment Type:,LOWER,,,,,,,,
,,,,,,,,,,,
Color,Cutting Table,M,L,XL,XXL,Total Pcs,,,,,
15% (20),6,22,44,44,22,132,,,,,
BLACK (30),4,22,44,44,21,131,,,,,
Total,,44,88,88,43,263,,,,,
,,,,,,,,,,,
,,,,,,,,,,,
Cutting Matrix — Lot 11243,,,,,,,,,,,
Lot Number:,11243,Style:,LOWER CARGO,,,,,,,,
Fabric:,GERMAN FLEECE,Garment Type:,LOWER,,,,,,,,
,,,,,,,,,,,
Color,Cutting Table,M,L,XL,XXL,XXXL,Total Pcs,,,,
BLACK (30),5,25,50,25,25,25,150,,,,
15% (20),5,20,40,20,20,20,120,,,,
Total,,45,90,45,45,45,270,,,,
,,,,,,,,,,,
,,,,,,,,,,,
Cutting Matrix — Lot 11244,,,,,,,,,,,
Lot Number:,11244,Style:,LOWER CARGO,,,,,,,,
Fabric:,GERMAN FLEECE,Garment Type:,LOWER,,,,,,,,
,,,,,,,,,,,
Color,Cutting Table,M,L,XL,XXL,Total Pcs,,,,,
15% (20),2,23,46,46,23,138,,,,,
BLACK (30),1,21,42,42,21,126,,,,,
Total,,44,88,88,44,264,,,,,
,,,,,,,,,,,
,,,,,,,,,,,
Cutting Matrix — Lot 11245,,,,,,,,,,,
Lot Number:,11245,Style:,CROSS HODDIE,,,,,,,,
Fabric:,GERMAN FLEECE,Garment Type:,SWEATSHIRT,,,,,,,,
,,,,,,,,,,,
Color,Cutting Table,M,L,XL,XXL,Total Pcs,,,,,
BLACK,6,30,60,60,30,180,,,,,
15%,1,30,60,60,30,180,,,,,
CREAM,0,0,0,0,0,0,,,,,
BLACK 1,2,25,50,50,25,150,,,,,
OFF WHITE,2,0,56,0,28,84,,,,,
OFF WHITE 2,1,28,0,56,0,84,,,,,
Total,,113,226,226,113,678,,,,,
Cutting Matrix — Lot 11221,,,,,,,,,,,
Lot Number:,11221,Style:,ROUND NECK T SHIRT,,,,,,,,
Fabric:,COTTON LYCRA,Garment Type:,T-SHIRT,,,,,,,,
,,,,,,,,,,,
Color,Cutting Table,M,L,XL,XXL,Total Pcs,,,,,
BLACK,5,53,106,53,53,265,,,,,
CREAM,5,43,86,43,43,215,,,,,
FANTIER,5,45,90,45,45,225,,,,,
SKY,5,50,100,50,50,250,,,,,
Total,,191,382,191,191,955,,,,,
,,,,,,,,,,,
,,,,,,,,,,,
Cutting Matrix — Lot 73047,,,,,,,,,,,
Lot Number:,73047,Style:,sando,,,,,,,,
Fabric:,COACH PRINT,Garment Type:,JACKET,,,,,,,,
,,,,,,,,,,,
Color,Cutting Table,S,M,L,XL,Total Pcs,,,,,
BLACK,8,25,50,50,25,150,,,,,
Total,,25,50,50,25,150,,,,,
,,,,,,,,,,,
,,,,,,,,,,,
Cutting Matrix — Lot 73048,,,,,,,,,,,
Lot Number:,73048,Style:,SANDO,,,,,,,,
Fabric:,SWEAD,Garment Type:,JACKET,,,,,,,,
,,,,,,,,,,,
Color,Cutting Table,M,L,XL,XXL,Total Pcs,,,,,
BLACK (25),8,25,50,25,25,125,,,,,
CAMEL (25),8,25,50,25,25,125,,,,,
COFFEE (50),8,50,100,50,50,250,,,,,
TAN (25),8,25,50,25,25,125,,,,,
TOUPE (25),8,25,50,25,25,125,,,,,
Total,,150,300,150,150,750,,,,,
,,,,,,,,,,,
,,,,,,,,,,,
Cutting Matrix — Lot 11262,,,,,,,,,,,
Lot Number:,11262,Style:,SANDO,,,,,,,,
Fabric:,2/2 RIB RFD,Garment Type:,SANDOW,,,,,,,,
,,,,,,,,,,,
Color,Cutting Table,S,M,L,XL,Total Pcs,,,,,
,,,,,,,,,,,
OFF WHITE,1,200,200,200,200,800,,,,,
OFF WHITE 2,2,50,50,50,50,200,,,,,
Total,,250,250,250,250,1000,,,,,
,,,,,,,,,,,
Cutting Matrix — Lot 11238,,,,,,,,,,,
Lot Number:,11238,Style:,NIKKAR,,,,,,,,
Fabric:,U.K LYCRA,Garment Type:,NIKKER,,,,,,,,
,,,,,,,,,,,
Color,Cutting Table,L,XL,XXL,XXXL,4XL,5XL,Total Pcs,,,
RED,5,26,26,26,36,10,10,134,,,
BLACK,5,52,52,52,72,20,20,268,,,
YELLOW (15 SET),5,16,16,16,26,10,10,94,,,
ORANGE (15 SET),0,0,0,0,0,0,0,0,,,
OFF WHITE,5,16,16,16,26,10,10,94,,,
D GREY,5,26,26,26,36,10,10,134,,,
L GREY,5,26,26,26,36,10,10,134,,,
WHITE (15 SET),5,16,16,16,26,10,10,94,,,
ROYAL,5,26,26,26,36,10,10,134,,,
CAMEL,5,26,26,26,36,10,10,134,,,
FAINTER,5,26,26,26,36,10,10,134,,,
Total,,256,256,256,366,110,110,1354,,,
,,,,,,,,,,,
,,,,,,,,,,,
Cutting Matrix — Lot 11246,,,,,,,,,,,
Lot Number:,11246,Style:,CROSS HODDIE,,,,,,,,
Fabric:,GERMAN FLEECE,Garment Type:,SWEATSHIRT,,,,,,,,
,,,,,,,,,,,
Color,Cutting Table,M,L,XL,XXL,Total Pcs,,,,,
BLACK,5,12,24,12,12,60,,,,,
RUST,5,11,22,11,11,55,,,,,
15%,5,11,22,11,11,55,,,,,
CREAM,0,0,0,0,0,0,,,,,
OFF WHITE 2,5,12,24,12,12,60,,,,,
Total,,46,92,46,46,230,,,,,
,,,,,,,,,,,
,,,,,,,,,,,
Cutting Matrix — Lot 11247,,,,,,,,,,,
Lot Number:,11247,Style:,ROUND NECK,,,,,,,,
Fabric:,SINKAR LYCRA,Garment Type:,T-SHIRT,,,,,,,,
,,,,,,,,,,,
Color,Cutting Table,M,L,XL,XXL,Total Pcs,,,,,
15%,5,35,70,35,35,175,,,,,
B GREEN,5,34,68,34,34,170,,,,,
BLACK,5,34,68,34,34,170,,,,,
OFF WHITE,5,35,70,35,35,175,,,,,
Total,,138,276,138,138,690,,,,,
,,,,,,,,,,,
,,,,,,,,,,,
Cutting Matrix — Lot 11255,,,,,,,,,,,
Lot Number:,11255,Style:,round neck,,,,,,,,
Fabric:,SINKAR LYCRA,Garment Type:,T-SHIRT R/N,,,,,,,,
,,,,,,,,,,,
Color,Cutting Table,M,L,XL,XXL,Total Pcs,,,,,
15%,2,33,66,33,33,165,,,,,
BEIGE,2,30,60,30,30,150,,,,,
BLACK,2,107,214,107,107,535,,,,,
D COFFEE,2,35,70,35,35,175,,,,,
WHITE,2,38,76,38,38,190,,,,,
Total,,243,486,243,243,1215,,,,,
,,,,,,,,,,,
,,,,,,,,,,,
Cutting Matrix — Lot 11261,,,,,,,,,,,
Lot Number:,11261,Style:,SANDO,,,,,,,,
Fabric:,2/2 RIB,Garment Type:,T-SHIRT R/N,,,,,,,,
,,,,,,,,,,,
Color,Cutting Table,M,L,XL,Total Pcs,,,,,,
BLACK,1,0,23,23,46,,,,,,
MIX COLOUR,1,158,116,0,274,,,,,,
WHITE,1,0,50,50,100,,,,,,
Total,,158,189,73,420,,,,,,
,,,,,,,,,,,
,,,,,,,,,,,
Cutting Matrix — Lot 62007,,,,,,,,,,,
Lot Number:,62007,Style:,T/NECK FULL ZIPPER,,,,,,,,
Fabric:,JORDAN RIB,Garment Type:,JACKET,,,,,,,,
,,,,,,,,,,,
Color,Cutting Table,M,L,XL,XXL,Total Pcs,,,,,
BLACK1,8,24,48,24,24,120,,,,,
BLACK2,8,24,48,24,24,120,,,,,
BLACK3,8,24,48,24,24,120,,,,,
BLACK4,8,24,48,24,24,120,,,,,
BLACK5,8,24,48,24,24,120,,,,,
Total,,120,240,120,120,600,,,,,
,,,,,,,,,,,
,,,,,,,,,,,
Cutting Matrix — Lot 11259,,,,,,,,,,,
Lot Number:,11259,Style:,drop shoulder,,,,,,,,
Fabric:,SINKAR LYCRA,Garment Type:,T-SHIRT,,,,,,,,
,,,,,,,,,,,
Color,Cutting Table,M,L,XL,XXL,Total Pcs,,,,,
15%,4,30,60,30,30,150,,,,,
BLACK,4,28,56,28,28,140,,,,,
GOLD,4,30,60,30,30,150,,,,,
NEO GREEN,4,32,64,32,32,160,,,,,
OFF WHITE,4,31,62,31,31,155,,,,,
RED,4,33,66,33,33,165,,,,,
ROYAL,4,36,72,36,36,180,,,,,
Total,,220,440,220,220,1100,,,,,
,,,,,,,,,,,
,,,,,,,,,,,
Cutting Matrix — Lot 11250,,,,,,,,,,,
Lot Number:,11250,Style:,DROP SHOULDER,,,,,,,,
Fabric:,SINKAR LYCRA,Garment Type:,T-SHIRT,,,,,,,,
,,,,,,,,,,,
Color,Cutting Table,M,L,XL,XXL,Total Pcs,,,,,
15%,5,20,40,20,20,100,,,,,
BLACK,5,20,40,20,20,100,,,,,
OFF WHITE,5,20,40,20,20,100,,,,,
Total,,60,120,60,60,300,,,,,
,,,,,,,,,,,
,,,,,,,,,,,
Cutting Matrix — Lot 11253,,,,,,,,,,,
Lot Number:,11253,Style:,drop shoulder,,,,,,,,
Fabric:,SINKAR LYCRA,Garment Type:,T-SHIRT R/N,,,,,,,,
,,,,,,,,,,,
Color,Cutting Table,M,L,XL,XXL,Total Pcs,,,,,
BEIGE (20),5,20,40,20,20,100,,,,,
BLACK (30),5,30,60,30,30,150,,,,,
RED (20),5,20,40,20,20,100,,,,,
WHITE (30),5,30,60,30,30,150,,,,,
Total,,100,200,100,100,500,,,,,
,,,,,,,,,,,
,,,,,,,,,,,
Cutting Matrix — Lot 11254,,,,,,,,,,,
Lot Number:,11254,Style:,drop shoulder,,,,,,,,
Fabric:,SINKAR LYCRA,Garment Type:,T-SHIRT R/N,,,,,,,,
,,,,,,,,,,,
Color,Cutting Table,M,L,XL,XXL,Total Pcs,,,,,
BLACK (40),4,40,80,40,40,200,,,,,
WHITE (40),4,40,80,40,40,200,,,,,
ROYAL (20),4,20,40,20,20,100,,,,,
R GREEN (20),4,20,40,20,20,100,,,,,
15% (40),4,40,80,40,40,200,,,,,
SURF (20),4,20,40,20,20,100,,,,,
GOLD (20),4,20,40,20,20,100,,,,,
RED (20),4,20,40,20,20,100,,,,,
Total,,220,440,220,220,1100,,,,,
,,,,,,,,,,,
,,,,,,,,,,,
Cutting Matrix — Lot 11257,,,,,,,,,,,
Lot Number:,11257,Style:,coller thoka,,,,,,,,
Fabric:,SINKAR LYCRA,Garment Type:,T-SHIRT,,,,,,,,
,,,,,,,,,,,
Color,Cutting Table,M,L,XL,XXL,Total Pcs,,,,,
NAVY (OFF WHITE),2,30,60,30,30,150,,,,,
OFF WHITE (NAVY),0,0,0,0,0,0,,,,,
RED (NAVY),2,36,72,36,36,180,,,,,
D GREEN (OFF WHITE),2,34,68,34,34,170,,,,,
R GREEN (OFF WHITE),2,33,66,33,33,165,,,,,
GOLD (NAVY),2,32,64,32,32,160,,,,,
COFFEE (NAVY),2,33,66,33,33,165,,,,,
OFF WHITE,5,35,70,35,35,175,,,,,
Total,,233,466,233,233,1165,,,,,
,,,,,,,,,,,
Cutting Matrix — Lot 62009,,,,,,,,,,,
Lot Number:,62009,Style:,FULL ZIPPER COLLAR,,,,,,,,
Fabric:,LETHAR,Garment Type:,JACKET,,,,,,,,
,,,,,,,,,,,
Color,Cutting Table,M,L,XL,XXL,Total Pcs,,,,,
BLACK,9,23,23,11,11,68,,,,,
Total,,23,23,11,11,68,,,,,
,,,,,,,,,,,
,,,,,,,,,,,
Cutting Matrix — Lot 62010,,,,,,,,,,,
Lot Number:,62010,Style:,FULL ZIPPER COLLAR,,,,,,,,
Fabric:,LETHAR,Garment Type:,JACKET,,,,,,,,
,,,,,,,,,,,
Color,Cutting Table,M,L,XL,XXL,Total Pcs,,,,,
BLACK,9,26,26,13,13,78,,,,,
COFFEE,9,12,12,6,6,36,,,,,
Total,,38,38,19,19,114,,,,,
,,,,,,,,,,,
,,,,,,,,,,,
Cutting Matrix — Lot 61008,,,,,,,,,,,
Lot Number:,61008,Style:,LOWER CARGO,,,,,,,,
Fabric:,Q20,Garment Type:,LOWER,,,,,,,,
,,,,,,,,,,,
Color,Cutting Table,M,L,XL,XXL,Total Pcs,,,,,
D COFFEE,2,5,10,10,5,30,,,,,
D OLIVE,2,32,64,64,32,192,,,,,
OLIVE,2,20,40,40,20,120,,,,,
Total,,57,114,114,57,342,,,,,
,,,,,,,,,,,
,,,,,,,,,,,
Cutting Matrix — Lot 11256,,,,,,,,,,,
Lot Number:,11256,Style:,coller thoka,,,,,,,,
Fabric:,SINKAR LYCRA,Garment Type:,T-SHIRT,,,,,,,,
,,,,,,,,,,,
Color,Cutting Table,M,L,XL,XXL,Total Pcs,,,,,
NAVY (OFF WHITE),4,30,60,30,30,150,,,,,
OFF WHITE (NAVY),5,40,80,40,40,200,,,,,
RED (NAVY),4,34,68,34,34,170,,,,,
ROYAL (OFF WHITE),4,30,60,30,30,150,,,,,
15% (NAVY),4,30,60,30,30,150,,,,,
SURF (OFF WHITE),4,35,70,35,35,175,,,,,
D BEIGE (NAVY),4,34,68,34,34,170,,,,,
Total,,233,466,233,233,1165,,,,,
,,,,,,,,,,,
,,,,,,,,,,,
Cutting Matrix — Lot 11265,,,,,,,,,,,
Lot Number:,11265,Style:,LOWER,,,,,,,,
Fabric:,U.K LYCRA,Garment Type:,LOWER,,,,,,,,
,,,,,,,,,,,
Color,Cutting Table,M,L,XL,XXL,Total Pcs,,,,,
BLACK,2,50,100,50,50,250,,,,,
GREY,2,25,50,25,25,125,,,,,
OFF WHITE,2,25,50,25,25,125,,,,,
PISTA,2,25,50,25,25,125,,,,,
RED,2,25,50,25,25,125,,,,,
ROYAL,2,25,50,25,25,125,,,,,
Total,,175,350,175,175,875,,,,,
,,,,,,,,,,,
,,,,,,,,,,,
Cutting Matrix — Lot 11249,,,,,,,,,,,
Lot Number:,11249,Style:,DROP SHOULDER,,,,,,,,
Fabric:,SINKAR LYCRA,Garment Type:,T-SHIRT,,,,,,,,
,,,,,,,,,,,
Color,Cutting Table,M,L,XL,XXL,Total Pcs,,,,,
BLACK,5,30,60,30,30,150,,,,,
OFF WHITE,5,30,60,30,30,150,,,,,
ORANGE,5,30,60,30,30,150,,,,,
R GREEN,5,28,56,28,28,140,,,,,
Total,,118,236,118,118,590,,,,,
,,,,,,,,,,,
,,,,,,,,,,,
Cutting Matrix — Lot 62008,,,,,,,,,,,
Lot Number:,62008,Style:,CROSS HODDIE,,,,,,,,
Fabric:,GERMAN FLEECE,Garment Type:,SWEATSHIRT HOODIE,,,,,,,,
,,,,,,,,,,,
Color,Cutting Table,M,L,XL,XXL,Total Pcs,,,,,
BLACK,5,22,44,22,22,110,,,,,
Total,,22,44,22,22,110,,,,,
,,,,,,,,,,,
,,,,,,,,,,,
Cutting Matrix — Lot 11264,,,,,,,,,,,
Lot Number:,11264,Style:,LOWER,,,,,,,,
Fabric:,U.K LYCRA,Garment Type:,LOWER,,,,,,,,
,,,,,,,,,,,
Color,Cutting Table,M,L,XL,XXL,Total Pcs,,,,,
BLACK (SKY),4,25,50,25,25,125,,,,,
M GREY (BLACK),4,25,50,25,25,125,,,,,
MOUSE (MEHNDI),4,25,50,25,25,125,,,,,
NAVY (FAINTER),4,25,50,25,25,125,,,,,
OFF WHITE (MEHNDHI),4,25,50,25,25,125,,,,,
Total,,125,250,125,125,625,,,,,
,,,,,,,,,,,
,,,,,,,,,,,
Cutting Matrix — Lot 11252,,,,,,,,,,,
Lot Number:,11252,Style:,regular baju,,,,,,,,
Fabric:,SINKAR LYCRA,Garment Type:,T-SHIRT R/N,,,,,,,,
,,,,,,,,,,,
Color,Cutting Table,M,L,XL,XXL,Total Pcs,,,,,
BLACK,4,33,66,33,33,165,,,,,
WHITE,0,0,0,0,0,0,,,,,
15%,4,30,60,30,30,150,,,,,
RED,4,24,48,24,24,120,,,,,
SURF,4,36,72,36,36,180,,,,,
OFF-WHITE,3,36,72,36,36,180,,,,,
Total,,159,318,159,159,795,,,,,
,,,,,,,,,,,
Cutting Matrix — Lot 61009,,,,,,,,,,,
Lot Number:,61009,Style:,S.S REGULAR PATTERN,,,,,,,,
Fabric:,CEMO,Garment Type:,LOWER,,,,,,,,
,,,,,,,,,,,
Color,Cutting Table,M,L,XL,XXL,Total Pcs,,,,,
BLACK,5,9,18,18,9,54,,,,,
CAMEL,5,9,18,18,9,54,,,,,
MOUSE,5,6,12,12,6,36,,,,,
OLIVE,5,8,16,16,8,48,,,,,
Total,,32,64,64,32,192,,,,,
,,,,,,,,,,,
,,,,,,,,,,,
Cutting Matrix — Lot 11266,,,,,,,,,,,
Lot Number:,11266,Style:,LOWER,,,,,,,,
Fabric:,U.K LYCRA,Garment Type:,LOWER,,,,,,,,
,,,,,,,,,,,
Color,Cutting Table,M,L,XL,XXL,Total Pcs,,,,,
B GREEN (25),2,25,50,25,25,125,,,,,
BLACK (25),2,50,100,50,50,250,,,,,
NEW GREY (25),2,25,50,25,25,125,,,,,
OFF WHITE (25),2,25,50,25,25,125,,,,,
SURF (10),2,10,20,10,10,50,,,,,
Total,,135,270,135,135,675,,,,,
,,,,,,,,,,,
,,,,,,,,,,,
Cutting Matrix — Lot 11263,,,,,,,,,,,
Lot Number:,11263,Style:,LOWER,,,,,,,,
Fabric:,U.K LYCRA,Garment Type:,LOWER,,,,,,,,
,,,,,,,,,,,
Color,Cutting Table,M,L,XL,XXL,Total Pcs,,,,,
BLACK (D GREY(25)),5,25,50,25,25,125,,,,,
BLACK (WHITE(25)),5,25,50,25,25,125,,,,,
OFF WHITE (D GREY(25)),5,25,50,25,25,125,,,,,
OLIVE (PISTA(25)),5,25,50,25,25,125,,,,,
RED (WHITE(12)),5,12,24,12,12,60,,,,,
ROYAL (WHTE(12)),5,12,24,12,12,60,,,,,
Total,,124,248,124,124,620,,,,,
,,,,,,,,,,,
,,,,,,,,,,,
Cutting Matrix — Lot 11269,,,,,,,,,,,
Lot Number:,11269,Style:,LOWER,,,,,,,,
Fabric:,U.K LYCRA,Garment Type:,LOWER,,,,,,,,
,,,,,,,,,,,
Color,Cutting Table,M,L,XL,XXL,Total Pcs,,,,,
BLACK (30 SET),4,60,120,60,60,300,,,,,
FAWN (40 SET),4,40,80,40,40,200,,,,,
M SKY (30 SET),4,30,60,30,30,150,,,,,
RED (15 SET),4,15,30,15,15,75,,,,,
ROYAL (15 SET),4,15,30,15,15,75,,,,,
Total,,160,320,160,160,800,,,,,
,,,,,,,,,,,
,,,,,,,,,,,
Cutting Matrix — Lot 11273,,,,,,,,,,,
Lot Number:,11273,Style:,DROPSHOULDER ROUND NECK,,,,,,,,
Fabric:,LYCRA,Garment Type:,SWEATSHIRT,,,,,,,,
,,,,,,,,,,,
Color,Cutting Table,M,L,XL,XXL,Total Pcs,,,,,
BLACK,2,69,138,69,69,345,,,,,
OFF WHITE,2,62,124,62,62,310,,,,,
R GREEN,2,33,66,33,33,165,,,,,
SURF,2,36,72,36,36,180,,,,,
Total,,200,400,200,200,1000,,,,,
,,,,,,,,,,,
,,,,,,,,,,,
Cutting Matrix — Lot 11274,,,,,,,,,,,
Lot Number:,11274,Style:,DROPSHOULDER ROUND NECK,,,,,,,,
Fabric:,LYCRA,Garment Type:,T-SHIRT,,,,,,,,
,,,,,,,,,,,
Color,Cutting Table,M,L,XL,XXL,Total Pcs,,,,,
TEAL (WHITE),0,0,0,0,0,0,,,,,
NAVY (WHITE),2,28,56,28,28,140,,,,,
OFF WHITE (NAVY),2,31,62,31,31,155,,,,,
RED (WHITE),2,33,66,33,33,165,,,,,
15% (NAVY),2,32,64,32,32,160,,,,,
AIRFORCE,2,35,70,35,34,174,,,,,
Total,,159,318,159,158,794,,,,,
,,,,,,,,,,,
Cutting Matrix — Lot 62012,,,,,,,,,,,
Lot Number:,62012,Style:,FULL ZIPPER COLLAR,,,,,,,,
Fabric:,LETHER,Garment Type:,JACKET,,,,,,,,
,,,,,,,,,,,
Color,Cutting Table,M,L,XL,XXL,Total Pcs,,,,,
BLACK,8,22,22,11,11,66,,,,,
Total,,22,22,11,11,66,,,,,
,,,,,,,,,,,
,,,,,,,,,,,
Cutting Matrix — Lot 11275,,,,,,,,,,,
Lot Number:,11275,Style:,ROUNDNECK,,,,,,,,
Fabric:,SINKAR,Garment Type:,T-SHIRT,,,,,,,,
,,,,,,,,,,,
Color,Cutting Table,M,L,XL,XXL,Total Pcs,,,,,
BLACK (25),2,57,114,57,57,285,,,,,
NEO YELLOW (30),0,0,0,0,0,0,,,,,
OFF WHITE (25),2,53,106,53,53,265,,,,,
RED (30),2,25,50,25,25,125,,,,,
RUST (30),0,0,0,0,0,0,,,,,
Total,,135,270,135,135,675,,,,,
,,,,,,,,,,,
,,,,,,,,,,,
Cutting Matrix — Lot 11272,,,,,,,,,,,
Lot Number:,11272,Style:,DROPSHOULDER ROUND NECK,,,,,,,,
Fabric:,LYCRA,Garment Type:,T-SHIRT,,,,,,,,
,,,,,,,,,,,
Color,Cutting Table,M,L,XL,XXL,Total Pcs,,,,,
BLACK (ARMY),4,34,68,34,34,170,,,,,
BLACK (D BEIGE),4,35,70,35,35,175,,,,,
D BEIGE (COFFEE),4,31,62,31,31,155,,,,,
D GREEN (WHITE),4,33,66,33,33,165,,,,,
OFF WHITE (ARMY),4,33,66,33,33,165,,,,,
OFF WHITE (D BEIGE),4,34,68,34,34,170,,,,,
Total,,200,400,200,200,1000,,,,,
,,,,,,,,,,,
,,,,,,,,,,,
Cutting Matrix — Lot 11267,,,,,,,,,,,
Lot Number:,11267,Style:,LOWER,,,,,,,,
Fabric:,U.K LYCRA,Garment Type:,LOWER,,,,,,,,
,,,,,,,,,,,
Color,Cutting Table,M,L,XL,XXL,Total Pcs,,,,,
2),0,0,0,0,0,0,,,,,
ANTHRA,5,24,48,24,24,120,,,,,
BLACK,5,50,100,50,50,250,,,,,
M GREY,5,25,50,25,25,125,,,,,
MEHNDI,5,25,50,25,25,125,,,,,
OFF WHITE,5,25,50,25,25,125,,,,,
RED (1,5,12,24,12,12,60,,,,,
ROYAL (1,5,12,24,12,12,60,,,,,
Total,,173,346,173,173,865,,,,,
,,,,,,,,,,,
,,,,,,,,,,,
Cutting Matrix — Lot 11260,,,,,,,,,,,
Lot Number:,11260,Style:,regular baju,,,,,,,,
Fabric:,SINKAR LYCRA,Garment Type:,T-SHIRT,,,,,,,,
,,,,,,,,,,,
Color,Cutting Table,M,L,XL,XXL,Total Pcs,,,,,
BLACK,5,99,198,99,99,495,,,,,
CREAM,5,74,148,74,74,370,,,,,
CREAM  BLACK,5,46,92,46,46,230,,,,,
WHITE (BLACK),5,36,72,36,36,180,,,,,
Total,,255,510,255,255,1275,,,,,
,,,,,,,,,,,
Cutting Matrix — Lot 11276,,,,,,,,,,,
Lot Number:,11276,Style:,ROUNDNECK,,,,,,,,
Fabric:,LYCRA,Garment Type:,T-SHIRT R/N,,,,,,,,
,,,,,,,,,,,
Color,Cutting Table,M,L,XL,XXL,Total Pcs,,,,,
BEIGE,2,40,80,40,40,200,,,,,
BLACK 2,2,68,136,68,68,340,,,,,
CAMEL,2,37,74,37,37,185,,,,,
CERAM,4,74,148,74,74,370,,,,,
COFFEE,4,39,78,39,39,195,,,,,
FIROJI,4,30,60,30,30,150,,,,,
L GREY,4,34,68,34,34,170,,,,,
NAVY,4,33,66,33,33,165,,,,,
NEO GREEN,2,34,68,34,34,170,,,,,
OFF WHITE 2,4,30,60,30,30,150,,,,,
ORANGE,2,34,68,34,34,170,,,,,
R GREEN,2,34,68,34,34,170,,,,,
RED,0,0,0,0,0,0,,,,,
ROYAL,2,34,68,34,34,170,,,,,
SKY,2,31,62,31,31,155,,,,,
Total,,552,1104,552,552,2760,,,,,
,,,,,,,,,,,
,,,,,,,,,,,
Cutting Matrix — Lot 61012,,,,,,,,,,,
Lot Number:,61012,Style:,nikker,,,,,,,,
Fabric:,U K LYCRA,Garment Type:,NIKKER,,,,,,,,
,,,,,,,,,,,
Color,Cutting Table,M,L,XL,XXL,XXXL,Total Pcs,,,,
BLACK,1,28,28,56,28,28,168,,,,
BLACK(1.5 ROLL),1,27,27,54,27,27,162,,,,
NAVY,1,27,27,54,27,27,162,,,,
RED,1,21,21,42,21,21,126,,,,
ROYAL,1,19,19,38,19,19,114,,,,
WHITE,1,26,26,52,26,26,156,,,,
Total,,148,148,296,148,148,888,,,,
,,,,,,,,,,,
Cutting Matrix — Lot 61010,,,,,,,,,,,
Lot Number:,61010,Style:,LOWER,,,,,,,,
Fabric:,H N M LYCRA,Garment Type:,LOWER,,,,,,,,
,,,,,,,,,,,
Color,Cutting Table,M,L,XL,XXL,Total Pcs,,,,,
BLACK,8,28,28,14,14,84,,,,,
BROWN,8,14,14,7,7,42,,,,,
COFFEE,8,32,32,16,16,96,,,,,
CREAM,8,32,32,16,16,96,,,,,
GREEN,8,24,24,12,12,72,,,,,
KHAKI,8,22,22,11,11,66,,,,,
NAVY,8,24,24,12,12,72,,,,,
Total,,176,176,88,88,528,,,,,
,,,,,,,,,,,
,,,,,,,,,,,
Cutting Matrix — Lot 61015,,,,,,,,,,,
Lot Number:,61015,Style:,LOWER,,,,,,,,
Fabric:,U K LYCRA,Garment Type:,LOWER,,,,,,,,
,,,,,,,,,,,
Color,Cutting Table,M,L,XL,XXL,Total Pcs,,,,,
BLACK,9,102,102,51,51,306,,,,,
COFFEE,9,34,34,17,17,102,,,,,
MEHNDI,9,34,34,17,17,102,,,,,
PEACOCK,9,36,36,18,18,108,,,,,
RED (HALF),9,18,18,9,9,54,,,,,
ROYAL (HALF),9,18,18,9,9,54,,,,,
SILVAR,9,32,32,16,16,96,,,,,
STON,9,34,34,17,17,102,,,,,
Z GREY,9,32,32,16,16,96,,,,,
Total,,340,340,170,170,1020,,,,,
,,,,,,,,,,,
,,,,,,,,,,,
Cutting Matrix — Lot 61016,,,,,,,,,,,
Lot Number:,61016,Style:,LOWER,,,,,,,,
Fabric:,U K LYCRA,Garment Type:,LOWER,,,,,,,,
,,,,,,,,,,,
Color,Cutting Table,M,L,XL,XXL,Total Pcs,,,,,
BLACK,8,98,98,49,49,294,,,,,
CARG OLIVE,8,30,30,15,15,90,,,,,
FAWN,8,34,34,17,17,102,,,,,
M GREY,8,34,34,17,17,102,,,,,
RED (HALF),8,16,16,8,8,48,,,,,
ROYAL (HALF),8,18,18,9,9,54,,,,,
STON,8,34,34,17,17,102,,,,,
TOM GREEN,8,32,32,16,16,96,,,,,
Z GREY,8,30,30,15,15,90,,,,,
Total,,326,326,163,163,978,,,,,
,,,,,,,,,,,
,,,,,,,,,,,
Cutting Matrix — Lot 62011,,,,,,,,,,,
Lot Number:,62011,Style:,FULL ZIPPER COLLAR,,,,,,,,
Fabric:,LETHER,Garment Type:,JACKET,,,,,,,,
,,,,,,,,,,,
Color,Cutting Table,M,L,XL,XXL,Total Pcs,,,,,
BLACK,8,23,23,12,12,70,,,,,
Total,,23,23,12,12,70,,,,,
,,,,,,,,,,,
,,,,,,,,,,,
Cutting Matrix — Lot 11268,,,,,,,,,,,
Lot Number:,11268,Style:,NIKKER,,,,,,,,
Fabric:,U.K LYCRA,Garment Type:,NIKKER,,,,,,,,
,,,,,,,,,,,
Color,Cutting Table,L,XL,XXL,XXXL,Total Pcs,,,,,
BLACK,2,15,15,15,15,60,,,,,
OFF WHITE,2,15,15,15,15,60,,,,,
RED,2,15,15,15,15,60,,,,,
ROYAL,2,15,15,15,15,60,,,,,
Total,,60,60,60,60,240,,,,,
,,,,,,,,,,,
,,,,,,,,,,,
Cutting Matrix — Lot 11279,,,,,,,,,,,
Lot Number:,11279,Style:,DROPSHOULDER ROUND NECK,,,,,,,,
Fabric:,LYCRA,Garment Type:,T-SHIRT,,,,,,,,
,,,,,,,,,,,
Color,Cutting Table,M,L,XL,XXL,Total Pcs,,,,,
BLACK,2,35,70,35,35,175,,,,,
RUST,2,15,30,15,15,75,,,,,
OFF WHITE,2,15,30,15,15,75,,,,,
SKY,2,16,32,16,16,80,,,,,
15%,2,14,28,14,14,70,,,,,
Total,,95,190,95,95,475,,,,,
,,,,,,,,,,,
,,,,,,,,,,,
Cutting Matrix — Lot 11287,,,,,,,,,,,
Lot Number:,11287,Style:,sandow,,,,,,,,
Fabric:,2/2 RIB,Garment Type:,SWEATSHIRT,,,,,,,,
,,,,,,,,,,,
Color,Cutting Table,S,M,L,XL,Total Pcs,,,,,
15%,1,28,26,2,2,58,,,,,
60%,1,10,10,0,0,20,,,,,
aque,1,12,10,10,10,42,,,,,
BLACK,1,7,7,7,6,27,,,,,
CAMLE,1,12,12,0,0,24,,,,,
CARROT,1,4,4,0,0,8,,,,,
d.neavy,1,7,6,6,6,25,,,,,
d/grey,1,8,8,8,6,30,,,,,
l/grey,1,14,14,14,14,56,,,,,
m.grey,1,6,6,6,6,24,,,,,
olive,1,12,12,12,12,48,,,,,
orange,1,15,15,15,15,60,,,,,
parrot,1,16,16,16,16,64,,,,,
RED,1,20,16,16,16,68,,,,,
RUST,1,6,6,6,6,24,,,,,
sky,1,4,4,4,4,16,,,,,
WHITE,1,12,12,12,12,48,,,,,
YELLOW,1,17,15,11,10,53,,,,,
Total,,210,199,145,141,695,,,,,
,,,,,,,,,,,
,,,,,,,,,,,
Cutting Matrix — Lot 11277,,,,,,,,,,,
Lot Number:,11277,Style:,ROUNDNECK,,,,,,,,
Fabric:,SINKAR FINE COTTON,Garment Type:,T-SHIRT,,,,,,,,
,,,,,,,,,,,
Color,Cutting Table,M,L,XL,XXL,Total Pcs,,,,,
BLACK,4,13,26,13,13,65,,,,,
WHITE,4,14,28,14,14,70,,,,,
GREY,4,14,28,14,14,70,,,,,
15%,4,24,48,24,24,120,,,,,
C GREEN,4,14,28,14,14,70,,,,,
BLACK 1,4,12,24,12,12,60,,,,,
WHITE 1,4,14,28,14,14,70,,,,,
Total,,105,210,105,105,525,,,,,
,,,,,,,,,,,
,,,,,,,,,,,
Cutting Matrix — Lot 11290,,,,,,,,,,,
Lot Number:,11290,Style:,DROPSHOULDER ROUND NECK,,,,,,,,
Fabric:,LYCRA,Garment Type:,T-SHIRT,,,,,,,,
,,,,,,,,,,,
Color,Cutting Table,M,L,XL,XXL,Total Pcs,,,,,
BLACK,2,34,68,34,34,170,,,,,
15%,7,15,30,15,14,74,,,,,
SURF,2,28,56,28,28,140,,,,,
PARROT,0,0,0,0,0,0,,,,,
GOLD,2,15,30,15,15,75,,,,,
OFF WHITE,0,0,0,0,0,0,,,,,
CREAM,2,37,74,37,37,185,,,,,
SKY,11,15,30,15,15,75,,,,,
R.GREEN,11,18,34,17,17,86,,,,,
Total,,162,322,161,160,805,,,,,
,,,,,,,,,,,
Cutting Matrix — Lot 11286,,,,,,,,,,,
Lot Number:,11286,Style:,LOWER,,,,,,,,
Fabric:,HAMMER,Garment Type:,LOWER,,,,,,,,
,,,,,,,,,,,
Color,Cutting Table,M,L,XL,XXL,Total Pcs,,,,,
L GREY (D GREY),10,16,32,16,16,80,,,,,
M GREY (BLACK),10,16,32,16,16,80,,,,,
FAWN (BLACK),10,16,32,16,16,80,,,,,
BLACK (FAWN),,0,0,0,0,0,,,,,
BLACK (L GREY),10,16,32,16,16,80,,,,,
NAVY (L GREY),10,16,32,16,16,80,,,,,
camle,10,16,32,16,16,80,,,,,
D.GREY,10,16,32,16,16,80,,,,,
Total,,112,224,112,112,560,,,,,
,,,,,,,,,,,
Cutting Matrix — Lot 11288,,,,,,,,,,,
Lot Number:,11288,Style:,DROPSHOULDER ROUND NECK,,,,,,,,
Fabric:,LYCRA,Garment Type:,T-SHIRT,,,,,,,,
,,,,,,,,,,,
Color,Cutting Table,M,L,XL,XXL,Total Pcs,,,,,
15%,3,17,34,17,17,85,,,,,
B GREEN,3,15,30,15,15,75,,,,,
BLACK,3,34,68,34,34,170,,,,,
OFF WHITE,3,39,78,39,39,195,,,,,
OFFWHITE,,,,,,0,,,,,
ROYAL,3,23,46,23,23,115,,,,,
Total,,128,256,128,128,640,,,,,
,,,,,,,,,,,
,,,,,,,,,,,
Cutting Matrix — Lot 11248,,,,,,,,,,,
Lot Number:,11248,Style:,DROP SHOULDER,,,,,,,,
Fabric:,SINKAR LYCRA,Garment Type:,T-SHIRT,,,,,,,,
,,,,,,,,,,,
Color,Cutting Table,M,L,XL,XXL,Total Pcs,,,,,
OFF WHITE,5,30,60,30,30,150,,,,,
BLACK,5,30,60,30,30,150,,,,,
ROYAL,5,30,60,30,30,150,,,,,
D RUST,5,32,68,32,34,166,,,,,
15%,6,30,60,30,30,150,,,,,
Total,,152,308,152,154,766,,,,,
,,,,,,,,,,,
Cutting Matrix — Lot 11251,,,,,,,,,,,
Lot Number:,11251,Style:,round neck,,,,,,,,
Fabric:,SINKAR LYCRA,Garment Type:,T-SHIRT,,,,,,,,
,,,,,,,,,,,
Color,Cutting Table,M,L,XL,XXL,Total Pcs,,,,,
BLACK,5,20,40,20,20,100,,,,,
WHITE,5,17,34,17,17,85,,,,,
Total,,37,74,37,37,185,,,,,
,,,,,,,,,,,
,,,,,,,,,,,
Cutting Matrix — Lot 11281,,,,,,,,,,,
Lot Number:,11281,Style:,LOWER,,,,,,,,
Fabric:,U.K LYCRA,Garment Type:,LOWER,,,,,,,,
,,,,,,,,,,,
Color,Cutting Table,M,L,XL,XXL,Total Pcs,,,,,
BLACK(2) (FAWN),8,71,142,71,71,355,,,,,
BLACK(2) (WHITE),0,0,0,0,0,0,,,,,
FIROZY(1) (WHITE),8,18,36,18,18,90,,,,,
INVORY(2) (SAGA),8,36,72,36,36,180,,,,,
LEMON(1) (GREY),8,19,38,19,19,95,,,,,
MID GREY(2) (SILVAR),8,36,72,36,36,180,,,,,
OLIVE(2) (PISTA),8,37,74,37,37,185,,,,,
RED(1) (WHITE),8,17,34,17,17,85,,,,,
Total,,234,468,234,234,1170,,,,,
,,,,,,,,,,,
,,,,,,,,,,,
Cutting Matrix — Lot 11289,,,,,,,,,,,
Lot Number:,11289,Style:,DROPSHOULDER ROUND NECK,,,,,,,,
Fabric:,LYCRA,Garment Type:,T-SHIRT,,,,,,,,
,,,,,,,,,,,
Color,Cutting Table,M,L,XL,XXL,Total Pcs,,,,,
BLACK,1,34,68,34,34,170,,,,,
RED,7,16,32,16,16,80,,,,,
SURF,1,23,46,23,23,115,,,,,
NEW SKY,11,15,30,15,15,75,,,,,
OFF WHITE,0,0,0,0,0,0,,,,,
OFFWHITE,0,0,0,0,0,0,,,,,
CREAM,1,36,72,36,36,180,,,,,
Total,,124,248,124,124,620,,,,,
,,,,,,,,,,,
,,,,,,,,,,,
Cutting Matrix — Lot 61017,,,,,,,,,,,
Lot Number:,61017,Style:,nikkar,,,,,,,,
Fabric:,CEMO D123,Garment Type:,NIKKER,,,,,,,,
,,,,,,,,,,,
Color,Cutting Table,M,L,XL,XXL,XXXL,Total Pcs,,,,
COFFEE,7,14,14,28,14,14,84,,,,
D GREY,0,0,0,0,0,0,0,,,,
GREY,7,14,14,28,14,14,84,,,,
INVORY,7,14,14,28,14,14,84,,,,
MILETRY,7,14,14,28,14,14,84,,,,
OLIVE,7,14,14,28,14,14,84,,,,
Total,,70,70,140,70,70,420,,,,
,,,,,,,,,,,
,,,,,,,,,,,
Cutting Matrix — Lot 11300,,,,,,,,,,,
Lot Number:,11300,Style:,LOWER,,,,,,,,
Fabric:,TWILL TERRY,Garment Type:,LOWER,,,,,,,,
,,,,,,,,,,,
Color,Cutting Table,M,L,XL,XXL,Total Pcs,,,,,
BLACK (20),9,20,40,20,20,100,,,,,
D GREY (20),9,20,40,20,20,100,,,,,
L GREY (10),9,10,20,10,10,50,,,,,
STONE (20),9,20,40,20,20,100,,,,,
Total,,70,140,70,70,350,,,,,
,,,,,,,,,,,
,,,,,,,,,,,
Cutting Matrix — Lot 11298,,,,,,,,,,,
Lot Number:,11298,Style:,COLLAR + THOKA,,,,,,,,
Fabric:,LYCRA MATTY,Garment Type:,T-SHIRT,,,,,,,,
,,,,,,,,,,,
Color,Cutting Table,M,L,XL,XXL,4XL,XXXL,Total Pcs,,,
BLACK,2,49,98,49,49,49,49,343,,,
COFFEE,2,49,98,49,49,49,49,343,,,
CREAM,2,49,98,49,49,49,49,343,,,
GREY,2,49,98,49,49,49,49,343,,,
PEACOCK,2,49,98,49,49,49,49,343,,,
Total,,245,490,245,245,245,245,1715,,,
,,,,,,,,,,,
,,,,,,,,,,,
Cutting Matrix — Lot 11270,,,,,,,,,,,
Lot Number:,11270,Style:,NIKKER,,,,,,,,
Fabric:,U.K LYCRA,Garment Type:,NIKKER,,,,,,,,
,,,,,,,,,,,
Color,Cutting Table,L,XL,XXL,XXXL,4XL,5XL,Total Pcs,,,
BLACK (MID GREY),4,25,25,25,25,0,0,100,,,
FIROZY (WHITE),4,25,25,25,25,0,0,100,,,
GREY (SAGGA),4,25,25,25,25,0,0,100,,,
PISTA (MOUSE),4,25,25,25,25,0,0,100,,,
Q17(CREAM) (OLIVE),4,25,25,25,25,0,0,100,,,
Q17(DKHAKHI) (COFFEE),4,26,26,26,26,0,0,104,,,
Total,,151,151,151,151,0,0,604,,,
,,,,,,,,,,,
,,,,,,,,,,,
,,,,,,,,,,,
,,,,,,,,,,,
,,,,,,,,,,,
,,,,,,,,,,,
,,,,,,,,,,,
,,,,,,,,,,,
,,,,,,,,,,,
,,,,,,,,,,,
,,,,,,,,,,,
,,,,,,,,,,,
,,,,,,,,,,,
,,,,,,,,,,,
,,,,,,,,,,,
,,,,,,,,,,,
,,,,,,,,,,,
Cutting Matrix — Lot 11294,,,,,,,,,,,
Lot Number:,11294,Style:,COLLAR + THOKA,,,,,,,,
Fabric:,LYCRA MATTY,Garment Type:,T-SHIRT,,,,,,,,
,,,,,,,,,,,
Color,Cutting Table,M,L,XL,XXL,4XL,XXXL,Total Pcs,,,
RED,1,49,98,49,49,49,49,343,,,
BLACK,1,49,98,49,49,49,49,343,,,
FANTIER,0,0,0,0,0,0,0,0,,,
GREY,1,49,98,49,49,49,49,343,,,
OLIVE,1,49,98,49,49,49,49,343,,,
Total,,196,392,196,196,196,196,1372,,,
,,,,,,,,,,,
,,,,,,,,,,,
Cutting Matrix — Lot 11299,,,,,,,,,,,
Lot Number:,11299,Style:,LOWER,,,,,,,,
Fabric:,CEMO D2,Garment Type:,LOWER,,,,,,,,
,,,,,,,,,,,
Color,Cutting Table,M,L,XL,XXL,Total Pcs,,,,,
GREY,8,30,60,30,30,150,,,,,
IVORY,8,30,60,30,30,150,,,,,
MILTARY,8,30,60,30,30,150,,,,,
OLIVE,8,30,60,30,30,150,,,,,
Total,,120,240,120,120,600,,,,,
,,,,,,,,,,,
,,,,,,,,,,,
Cutting Matrix — Lot 11271,,,,,,,,,,,
Lot Number:,11271,Style:,NIKKER,,,,,,,,
Fabric:,U.K LYCRA,Garment Type:,NIKKER,,,,,,,,
,,,,,,,,,,,
Color,Cutting Table,3XL,4XL,5XL,Total Pcs,,,,,,
BLACK (MID GREY),4,10,10,10,30,,,,,,
FIROZY (WHITE),4,10,10,10,30,,,,,,
GREY (SAGGA),4,10,10,10,30,,,,,,
PISTA (MOUSE),4,10,10,10,30,,,,,,
Q17(CREAM) (OLIVE),4,10,10,10,30,,,,,,
Q17(DKHAKHI) (COFFEE),4,10,10,10,30,,,,,,
Total,,60,60,60,180,,,,,,
,,,,,,,,,,,
,,,,,,,,,,,
Cutting Matrix — Lot 11293,,,,,,,,,,,
Lot Number:,11293,Style:,COLLAR + THOKA,,,,,,,,
Fabric:,LYCRA MATTY,Garment Type:,T-SHIRT,,,,,,,,
,,,,,,,,,,,
Color,Cutting Table,M,L,XL,XXL,4XL,XXXL,Total Pcs,,,
CK TONE (NAVY-WHITE),1,49,98,49,49,49,49,343,,,
ROYAL (WHITE-NAVY),1,49,98,49,49,49,49,343,,,
KHAKHI (BLACK-D GREY),1,49,98,49,49,49,49,343,,,
B GREEN (WHITE-BLACK),1,49,98,49,49,49,49,343,,,
NAVY (B GREEN-WHITE),1,49,98,49,49,49,49,343,,,
BLACK (WHITE BGREEN),1,49,98,49,49,49,49,343,,,
NAVY,0,0,0,0,0,0,0,0,,,
Total,,294,588,294,294,294,294,2058,,,
,,,,,,,,,,,
Cutting Matrix — Lot 11301,,,,,,,,,,,
Lot Number:,11301,Style:,LOWER,,,,,,,,
Fabric:,TWILL TERRY,Garment Type:,LOWER,,,,,,,,
,,,,,,,,,,,
Color,Cutting Table,M,L,XL,XXL,Total Pcs,,,,,
BLACK (20),11,20,40,20,20,100,,,,,
L GREY (20),11,20,40,20,20,100,,,,,
BEIGE (20),11,20,40,20,20,100,,,,,
L BROWN (10),11,10,20,10,10,50,,,,,
Total,,70,140,70,70,350,,,,,
,,,,,,,,,,,
,,,,,,,,,,,
Cutting Matrix — Lot 73040,,,,,,,,,,,
Lot Number:,73040,Style:,FILLING JACKET F/S,,,,,,,,
Fabric:,HARIS PRINT,Garment Type:,JACKET,,,,,,,,
,,,,,,,,,,,
Color,Cutting Table,M,L,XL,XXL,Total Pcs,,,,,
OLIVE,8,40,40,20,20,120,,,,,
BEIGE,0,0,0,0,0,0,,,,,
D.GREY,8,40,40,20,20,120,,,,,
CAMEL,0,0,0,0,0,0,,,,,
L.OLIVE,8,40,40,20,20,120,,,,,
Total,,120,120,60,60,360,,,,,
,,,,,,,,,,,
,,,,,,,,,,,
Cutting Matrix — Lot 11295,,,,,,,,,,,
Lot Number:,11295,Style:,COLLER+ THOKA+ ZIP,,,,,,,,
Fabric:,LYCRA MATTY,Garment Type:,T-SHIRT,,,,,,,,
,,,,,,,,,,,
Color,Cutting Table,M,L,XL,XXL,4XL,XXXL,Total Pcs,,,
BLACK (WHITE),3,49,98,49,49,49,49,343,,,
SKY (WHITE),3,49,98,49,49,49,49,343,,,
PEACOCK (CREAM),3,49,98,49,49,49,49,343,,,
RED (NAVY),3,49,98,49,49,49,49,343,,,
Total,,196,392,196,196,196,196,1372,,,
,,,,,,,,,,,
,,,,,,,,,,,
Cutting Matrix — Lot 11296,,,,,,,,,,,
Lot Number:,11296,Style:,COLLAR + THOKA,,,,,,,,
Fabric:,LYCRA MATTY,Garment Type:,T-SHIRT,,,,,,,,
,,,,,,,,,,,
Color,Cutting Table,M,L,XL,XXL,4XL,XXXL,Total Pcs,,,
BLACK,3,49,98,49,49,49,49,343,,,
D GREY,3,49,98,49,49,49,49,343,,,
ROYAL,3,49,98,49,49,49,49,343,,,
WHITE,3,49,98,49,49,49,49,343,,,
Total,,196,392,196,196,196,196,1372,,,
,,,,,,,,,,,
,,,,,,,,,,,
Cutting Matrix — Lot 11258,,,,,,,,,,,
Lot Number:,11258,Style:,round neck,,,,,,,,
Fabric:,COTTON LYCRA,Garment Type:,T-SHIRT,,,,,,,,
,,,,,,,,,,,
Color,Cutting Table,M,L,XL,XXL,Total Pcs,,,,,
FIROZI,5,30,60,30,30,150,,,,,
NAVY,5,30,60,30,30,150,,,,,
OFF WHITE,5,30,60,30,30,150,,,,,
RED,5,27,54,27,27,135,,,,,
Total,,117,234,117,117,585,,,,,
,,,,,,,,,,,
,,,,,,,,,,,
Cutting Matrix — Lot 11297,,,,,,,,,,,
Lot Number:,11297,Style:,COLLAR + THOKA,,,,,,,,
Fabric:,LYCRA MATTY,Garment Type:,T-SHIRT,,,,,,,,
,,,,,,,,,,,
Color,Cutting Table,M,L,XL,XXL,4XL,XXXL,Total Pcs,,,
BLACK (WHITE-KHAKHI),2,49,98,49,49,49,49,343,,,
WHITE (NAVY-KHAKHI),2,49,98,49,49,49,49,343,,,
OLIVE (WHITE-NAVY),,0,0,0,0,0,0,0,,,
L KHAKHI,2,49,98,49,49,49,49,343,,,
RED (NAVY-WHITE),2,49,98,49,49,49,49,343,,,
BEIGE,2,49,98,49,49,49,49,343,,,
Total,,245,490,245,245,245,245,1715,,,
,,,,,,,,,,,
Cutting Matrix — Lot 61021,,,,,,,,,,,
Lot Number:,61021,Style:,ROUNDNECK,,,,,,,,
Fabric:,LYCRA,Garment Type:,T-SHIRT,,,,,,,,
,,,,,,,,,,,
Color,Cutting Table,M,L,XL,XXL,Total Pcs,,,,,
BLACK,1,64,64,32,32,192,,,,,
OFF WHITE,3,32,32,16,16,96,,,,,
15%,1,28,28,14,14,84,,,,,
RED,1,26,26,13,13,78,,,,,
COFFEE,1,32,32,16,16,96,,,,,
D GREY,1,28,28,14,14,84,,,,,
CREAM,1,62,62,31,31,186,,,,,
NEO YELLOW (HALF),1,28,28,14,14,84,,,,,
NEO GREEN (HALF),1,28,28,14,14,84,,,,,
FANTA,1,30,30,15,15,90,,,,,
Total,,358,358,179,179,1074,,,,,
,,,,,,,,,,,
,,,,,,,,,,,
,,,,,,,,,,,
Cutting Matrix — Lot 11302,,,,,,,,,,,
Lot Number:,11302,Style:,LOWER,,,,,,,,
Fabric:,UK LYCRA,Garment Type:,LOWER,,,,,,,,
,,,,,,,,,,,
Color,Cutting Table,M,L,XL,XXL,Total Pcs,,,,,
BLACK,9,35,70,35,35,175,,,,,
IVORY,9,16,32,16,16,80,,,,,
MID GREY,9,17,34,17,17,85,,,,,
B GREEN,9,17,34,17,17,85,,,,,
Total,,85,170,85,85,425,,,,,
,,,,,,,,,,,
,,,,,,,,,,,
Cutting Matrix — Lot 11278,,,,,,,,,,,
Lot Number:,11278,Style:,ROUNDNECK,,,,,,,,
Fabric:,SINKAR FINE COTTON,Garment Type:,T-SHIRT,,,,,,,,
,,,,,,,,,,,
Color,Cutting Table,M,L,XL,XXL,Total Pcs,,,,,
BLACK,5,26,52,26,26,130,,,,,
15%,4,14,29,14,15,72,,,,,
RUST,5,14,28,14,14,70,,,,,
SKY,4,14,29,14,15,72,,,,,
Total,,68,138,68,70,344,,,,,
,,,,,,,,,,,
,,,,,,,,,,,
Cutting Matrix — Lot 11307,,,,,,,,,,,
Lot Number:,11307,Style:,COLLAR + THOKA,,,,,,,,
Fabric:,LYCRA MATTY,Garment Type:,T-SHIRT,,,,,,,,
,,,,,,,,,,,
Color,Cutting Table,M,L,XL,XXL,Total Pcs,,,,,
BLACK (FRONT(WHITE)-BAJU(RED)),1,39,78,39,39,195,,,,,
RED (FRONT(NAVY)BAJU(WHITE)),1,39,78,39,39,195,,,,,
NAVY (FRONT(WHITE) BAJU(RED)),0,0,0,0,0,0,,,,,
OFF WHITE (FRONT(NAVY)BAJU(RED)),1,37,74,37,37,185,,,,,
B GREEN (FRONT(WHITE)BAJU(NAVY)),1,37,74,37,37,185,,,,,
CAMEL (FRONT(RED)BAJU(NAVY)),0,0,0,0,0,0,,,,,
BEIGE (RED-NAVY),1,38,76,38,38,190,,,,,
BLUE (OFF WHITE-RED),0,0,0,0,0,0,,,,,
Total,,190,380,190,190,950,,,,,
,,,,,,,,,,,
,,,,,,,,,,,
Cutting Matrix — Lot 61018,,,,,,,,,,,
Lot Number:,61018,Style:,ROUNDNECK,,,,,,,,
Fabric:,LYCRA,Garment Type:,T-SHIRT,,,,,,,,
,,,,,,,,,,,
Color,Cutting Table,M,L,XL,XXL,Total Pcs,,,,,
OFF WHITE,0,0,0,0,0,0,,,,,
OFFWHITE,3,30,30,15,15,90,,,,,
BLACK,3,34,34,17,17,102,,,,,
15%,1,28,28,14,14,84,,,,,
NEO GREEN,5,26,26,13,13,78,,,,,
CREAM,5,30,30,15,15,90,,,,,
NAVY,5,30,30,15,15,90,,,,,
FANTIER,5,30,30,15,15,90,,,,,
RED,1,27,26,13,13,79,,,,,
GREEN,5,30,30,15,15,90,,,,,
NEO YELLOW,5,26,26,13,13,78,,,,,
Total,,291,290,145,145,871,,,,,
,,,,,,,,,,,
,,,,,,,,,,,
Cutting Matrix — Lot 61014,,,,,,,,,,,
Lot Number:,61014,Style:,NIKKER,,,,,,,,
Fabric:,U K LYCRA,Garment Type:,NIKKER,,,,,,,,
,,,,,,,,,,,
Color,Cutting Table,M,L,XL,XXL,XXXL,Total Pcs,,,,
BLACK,9,27,27,54,27,27,162,,,,
WHITE,9,26,26,52,26,26,156,,,,
L GREY,9,26,26,52,26,26,156,,,,
RED,9,25,25,50,25,25,150,,,,
FIROJI,9,24,24,48,24,24,144,,,,
ROYAL,9,26,26,52,26,26,156,,,,
BLACK 1,9,27,27,54,27,27,162,,,,
Total,,181,181,362,181,181,1086,,,,
,,,,,,,,,,,
Cutting Matrix — Lot 11305,,,,,,,,,,,
Lot Number:,11305,Style:,COLLAR + THOKA,,,,,,,,
Fabric:,LYCRA MATTY,Garment Type:,T-SHIRT,,,,,,,,
,,,,,,,,,,,
Color,Cutting Table,M,L,XL,XXL,Total Pcs,,,,,
BLACK (RED-OFFWHITE),1,35,70,35,35,175,,,,,
RED (NAVY-OFF WHITE),1,37,74,37,37,185,,,,,
OFF WHITE (NAVY- RED),1,36,72,36,36,180,,,,,
D GREEN (WHITE -NAVY),1,36,72,36,36,180,,,,,
CREAM (RED-NAVY),1,35,70,35,35,175,,,,,
D GREY (WHITE-NAVY),1,36,72,36,36,180,,,,,
Total,,215,430,215,215,1075,,,,,
,,,,,,,,,,,
,,,,,,,,,,,
Cutting Matrix — Lot 11292,,,,,,,,,,,
Lot Number:,11292,Style:,COLLAR + THOKA,,,,,,,,
Fabric:,LYCRA MATTY,Garment Type:,T-SHIRT,,,,,,,,
,,,,,,,,,,,
Color,Cutting Table,M,L,XL,XXL,4XL,XXXL,Total Pcs,,,
ROYAL,1,49,98,49,49,49,49,343,,,
B GREEN,4,49,98,49,49,,,245,,,
KHAKHI,1,37,74,37,37,37,37,259,,,
BLACK,4,49,98,49,49,,,245,,,
NAVY,4,37,74,37,37,,,185,,,
BLACK2,1,,,,,49,49,98,,,
B.GREEN2,1,,,,,49,49,98,,,
NAVY 2,1,12,24,12,12,49,49,158,,,
KHAKHI 2,1,13,26,13,13,13,13,91,,,
Total,,246,492,246,246,246,246,1722,,,
,,,,,,,,,,,
Cutting Matrix — Lot 62043,,,,,,,,,,,
Lot Number:,62043,Style:,DROPSHOULDER ROUND NECK,,,,,,,,
Fabric:,LYCRA SINKER,Garment Type:,T-SHIRT R/N,,,,,,,,
,,,,,,,,,,,
Color,Cutting Table,S,M,L,XL,Total Pcs,,,,,
BLACK,1,33,66,33,33,165,,,,,
WHITE,14,28,56,28,28,140,,,,,
RANI,1,17,34,17,17,85,,,,,
SURF,1,13,26,13,13,65,,,,,
15%,1,14,28,14,14,70,,,,,
Total,,105,210,105,105,525,,,,,
,,,,,,,,,,,
Cutting Matrix — Lot 61020,,,,,,,,,,,
Lot Number:,61020,Style:,ROUNDNECK,,,,,,,,
Fabric:,LYCRA,Garment Type:,T-SHIRT,,,,,,,,
,,,,,,,,,,,
Color,Cutting Table,M,L,XL,XXL,Total Pcs,,,,,
BLACK,5,55,52,27,27,161,,,,,
OFF WHITE,5,26,26,13,13,78,,,,,
15%,1,26,26,13,13,78,,,,,
RED,0,0,0,0,0,0,,,,,
COFFEE,5,27,27,13,13,80,,,,,
D GREY,3,64,64,32,32,192,,,,,
CREAM,3,32,32,16,16,96,,,,,
NEO YELLOW (1,5,28,28,14,14,84,,,,,
2),0,0,0,0,0,0,,,,,
NEO GREEN (1,5,28,28,14,14,84,,,,,
GREEN,3,32,32,16,16,96,,,,,
Total,,318,315,158,158,949,,,,,
,,,,,,,,,,,
Cutting Matrix — Lot 11283,,,,,,,,,,,
Lot Number:,11283,Style:,COLLAR + THOKA,,,,,,,,
Fabric:,LCRA MATTY,Garment Type:,T-SHIRT,,,,,,,,
,,,,,,,,,,,
Color,Cutting Table,M,L,XL,XXL,Total Pcs,,,,,
NAVY (RED),4,49,98,49,49,245,,,,,
BLACK (RED),4,23,46,23,23,115,,,,,
B GREEN (BLACK),4,49,98,49,49,245,,,,,
GREY (BLACK),5,49,98,49,49,245,,,,,
M GREY (BLACK),5,49,98,49,29,225,,,,,
BLACK,5,75,150,75,75,375,,,,,
Total,,294,588,294,274,1450,,,,,
,,,,,,,,,,,
Cutting Matrix — Lot 61019,,,,,,,,,,,
Lot Number:,61019,Style:,ROUNDNECK,,,,,,,,
Fabric:,LYCRA,Garment Type:,T-SHIRT,,,,,,,,
,,,,,,,,,,,
Color,Cutting Table,M,L,XL,XXL,Total Pcs,,,,,
BLACK,5,28,28,14,14,84,,,,,
OFF WHITE,5,24,24,12,12,72,,,,,
15%,5,26,26,13,13,78,,,,,
RED,1,27,26,13,13,79,,,,,
COFFEE,5,28,28,14,14,84,,,,,
D GREY,5,30,30,15,15,90,,,,,
CREAM,0,0,0,0,0,0,,,,,
NEO YELLOW (1,5,30,30,15,15,90,,,,,
2),0,0,0,0,0,0,,,,,
NEO GREEN (1,5,26,26,13,13,78,,,,,
White,3,30,30,15,15,90,,,,,
GREEN,5,32,32,16,16,96,,,,,
Total,,281,280,140,140,841,,,,,
,,,,,,,,,,,
Cutting Matrix — Lot 11284,,,,,,,,,,,
Lot Number:,11284,Style:,COLLAR + THOKA,,,,,,,,
Fabric:,LCRA MATTY,Garment Type:,T-SHIRT,,,,,,,,
,,,,,,,,,,,
Color,Cutting Table,3XL,4XL,Total Pcs,,,,,,,
NAVY (RED),4,49,49,98,,,,,,,
BLACK (RED),5,75,75,150,,,,,,,
B GREEN (BLACK),4,49,49,98,,,,,,,
GREY (BLACK),5,40,40,80,,,,,,,
M GREY (BLACK),5,49,49,98,,,,,,,
BLACK,4,23,23,46,,,,,,,
Total,,285,285,570,,,,,,,
,,,,,,,,,,,
Cutting Matrix — Lot 11303,,,,,,,,,,,
Lot Number:,11303,Style:,COLLAR + THOKA,,,,,,,,
Fabric:,PATTA RUGBY,Garment Type:,T-SHIRT COLLAR,,,,,,,,
,,,,,,,,,,,
Color,Cutting Table,M,L,XL,XXL,Total Pcs,,,,,
CAMEL,5,21,46,21,21,109,,,,,
CREAM PISTA,3,21,44,22,22,109,,,,,
GOLD,5,20,38,20,20,98,,,,,
GOLD-NAVY,4,21,38,19,19,97,,,,,
GREE,0,0,0,0,0,0,,,,,
GREEN,5,19,39,19,19,96,,,,,
GREEN-BLACK,2,22,44,22,22,110,,,,,
GREEN-YELLOW,10,20,40,20,20,100,,,,,
MEHROON,4,21,40,20,20,101,,,,,
MEHROON-OLIVE,1,21,42,21,21,105,,,,,
OLIVE-CREAM,1,23,46,23,23,115,,,,,
PINK-RUST,4,24,42,21,21,108,,,,,
RED NAVY,1,21,42,21,21,105,,,,,
RED-SKY,10,19,38,19,19,95,,,,,
ROYAL-B.GREEN,1,21,42,21,21,105,,,,,
RUST,4,21,40,20,20,101,,,,,
RUST-D\NAVY,3,22,44,23,23,112,,,,,
WHITE,5,18,36,18,18,90,,,,,
WINE- NEW NAVY,2,21,42,21,21,105,,,,,
Total,,376,743,371,371,1861,,,,,
,,,,,,,,,,,
,,,,,,,,,,,
,,,,,,,,,,,
,,,,,,,,,,,
,,,,,,,,,,,
,,,,,,,,,,,
,,,,,,,,,,,
Cutting Matrix — Lot 11291,,,,,,,,,,,
Lot Number:,11291,Style:,COLLAR + THOKA,,,,,,,,
Fabric:,LYCRA MATTY,Garment Type:,T-SHIRT,,,,,,,,
,,,,,,,,,,,
Color,Cutting Table,M,L,XL,XXL,4XL,XXXL,Total Pcs,,,
RED (NAVY),1,49,98,49,49,49,49,343,,,
BLACK (B GREEN),1,98,196,98,98,98,98,686,,,
COFFEE (L BEIGE),0,0,0,0,0,0,0,0,,,
NAVY (WHITE),1,32,64,32,32,32,32,224,,,
OLIVE (WHITE),1,49,98,49,49,49,49,343,,,
KHAKHI,1,49,98,49,49,49,49,343,,,
FANTIER,1,49,98,49,49,49,49,343,,,
Total,,326,652,326,326,326,326,2282,,,
,,,,,,,,,,,
,,,,,,,,,,,
Cutting Matrix — Lot 11308,,,,,,,,,,,
Lot Number:,11308,Style:,COLLAR + THOKA,,,,,,,,
Fabric:,LYCRA,Garment Type:,T-SHIRT,,,,,,,,
,,,,,,,,,,,
Color,Cutting Table,M,L,XL,XXL,4XL,XXXL,Total Pcs,,,
BEIGE,3,46,92,46,46,46,46,322,,,
BLACK,3,46,92,46,46,46,46,322,,,
CREAM,3,46,92,46,46,46,46,322,,,
RED,3,46,92,46,46,46,46,322,,,
Total,,184,368,184,184,184,184,1288,,,
,,,,,,,,,,,
,,,,,,,,,,,
Cutting Matrix — Lot 11315,,,,,,,,,,,
Lot Number:,11315,Style:,BOOT CUT,,,,,,,,
Fabric:,UK LYCRA,Garment Type:,LOWER,,,,,,,,
,,,,,,,,,,,
Color,Cutting Table,M,L,XL,XXL,Total Pcs,,,,,
ANTHRA (2),0,0,0,0,0,0,,,,,
BLACK (2),0,0,0,0,0,0,,,,,
BLUE,9,76,152,76,76,380,,,,,
COFFEE (2),9,39,78,39,39,195,,,,,
GREY,9,39,78,39,39,195,,,,,
ICE BLUE (2),9,43,86,43,43,215,,,,,
L.GREY,9,42,84,42,42,210,,,,,
MID GREY (2),9,41,82,41,41,205,,,,,
NAVY (2),9,40,80,40,40,200,,,,,
RED (1),9,21,42,21,21,105,,,,,
ROYAL (1),9,21,42,21,21,105,,,,,
TOM GREEN (2),9,40,80,40,40,200,,,,,
ZARA GREY (2),0,0,0,0,0,0,,,,,
Total,,402,804,402,402,2010,,,,,
,,,,,,,,,,,
,,,,,,,,,,,
Cutting Matrix — Lot 11314,,,,,,,,,,,
Lot Number:,11314,Style:,BOOT CUT,,,,,,,,
Fabric:,UK LYCRA,Garment Type:,LOWER,,,,,,,,
,,,,,,,,,,,
Color,Cutting Table,M,L,XL,XXL,Total Pcs,,,,,
ANTHRA (2),8,34,68,34,34,170,,,,,
BLACK (2),8,41,82,41,41,205,,,,,
BLUE,8,42,84,42,42,210,,,,,
COFFEE (2),8,41,82,41,41,205,,,,,
ICE BLUE (2),8,22,44,22,22,110,,,,,
MID GREY (2),8,31,62,31,31,155,,,,,
NAVY (2),8,41,82,41,41,205,,,,,
RED (1),8,18,36,18,18,90,,,,,
ROYAL (1),8,21,42,21,21,105,,,,,
TOM GREEN (2),8,34,68,34,34,170,,,,,
ZARA GREY (2),8,39,78,39,39,195,,,,,
Total,,364,728,364,364,1820,,,,,
,,,,,,,,,,,
Cutting Matrix — Lot 11313,,,,,,,,,,,
Lot Number:,11313,Style:,DROPSHOULDER ROUND NECK,,,,,,,,
Fabric:,HEAVY COTTON,Garment Type:,T-SHIRT,,,,,,,,
,,,,,,,,,,,
Color,Cutting Table,M,L,XL,XXL,Total Pcs,,,,,
15%,5,14,28,14,14,70,,,,,
BLACK,5,30,60,30,30,150,,,,,
RUST,5,15,30,15,15,75,,,,,
WHITE,5,25,50,25,25,125,,,,,
Total,,84,168,84,84,420,,,,,
,,,,,,,,,,,
Cutting Matrix — Lot 11282,,,,,,,,,,,
Lot Number:,11282,Style:,COLLAR + THOKA,,,,,,,,
Fabric:,NON LYCRA MATTY,Garment Type:,T-SHIRT,,,,,,,,
,,,,,,,,,,,
Color,Cutting Table,M,L,XL,XXL,Total Pcs,,,,,
OFF WHITE,1,42,84,42,42,210,,,,,
NAVY,1,38,76,38,38,190,,,,,
RED,1,18,36,18,18,90,,,,,
B GREEN,1,35,70,35,35,175,,,,,
D NAVY,1,36,72,36,36,180,,,,,
R GREEN,1,32,64,32,32,160,,,,,
SURF,1,16,32,16,16,80,,,,,
Total,,217,434,217,217,1085,,,,,
,,,,,,,,,,,
,,,,,,,,,,,
Cutting Matrix — Lot 11331,,,,,,,,,,,
Lot Number:,11331,Style:,DROPSHOULDER ROUND NECK,,,,,,,,
Fabric:,HEAVY COTTON MERCRICE,Garment Type:,T-SHIRT,,,,,,,,
,,,,,,,,,,,
Color,Cutting Table,M,L,XL,XXL,Total Pcs,,,,,
15%,4,26,52,26,26,130,,,,,
AIRFORCE,0,0,0,0,0,0,,,,,
BLACK,4,28,56,28,28,140,,,,,
BLACK 1,4,33,66,33,33,165,,,,,
OFF WHITE,4,33,66,33,33,165,,,,,
OFF WHITE 2,4,33,66,33,33,165,,,,,
RUST,4,32,64,32,32,160,,,,,
SURF,4,33,66,33,33,165,,,,,
TEAL,4,31,62,31,31,155,,,,,
Total,,249,498,249,249,1245,,,,,
,,,,,,,,,,,
,,,,,,,,,,,
Cutting Matrix — Lot 11329,,,,,,,,,,,
Lot Number:,11329,Style:,COLLER THOKA FULL BAJU,,,,,,,,
Fabric:,RUGBY PATTA,Garment Type:,T-SHIRT,,,,,,,,
,,,,,,,,,,,
Color,Cutting Table,M,L,XL,XXL,Total Pcs,,,,,
RED,1,16,32,15,15,78,,,,,
NAVY,1,15,32,16,16,79,,,,,
CREAM,0,0,0,0,0,0,,,,,
-PISTA,0,0,0,0,0,0,,,,,
WINE-NAVY,0,0,0,0,0,0,,,,,
GREEN-BLACK,0,0,0,0,0,0,,,,,
OLIVE-CREAM,1,16,34,16,16,82,,,,,
ROYAL-BGREEN,0,0,0,0,0,0,,,,,
MEHROON-OLIVE,1,16,32,16,16,80,,,,,
PINK-RUST,1,16,32,15,15,78,,,,,
GOLD-NAVY,3,17,33,17,17,84,,,,,
RED-SKY,1,17,34,17,17,85,,,,,
DENIM,2,15,30,15,15,75,,,,,
BLUE,2,16,35,16,16,83,,,,,
MOUSE,2,17,35,17,17,86,,,,,
FAWN,3,19,38,19,20,96,,,,,
MEHROON,3,17,33,17,17,84,,,,,
RUST,7,19,38,19,19,95,,,,,
PINK,7,18,36,18,18,90,,,,,
RED NAVY,7,18,36,18,17,89,,,,,
Total,,252,510,251,251,1264,,,,,
,,,,,,,,,,,
,,,,,,,,,,,
,,,,,,,,,,,
,,,,,,,,,,,
,,,,,,,,,,,
,,,,,,,,,,,
,,,,,,,,,,,
,,,,,,,,,,,
,,,,,,,,,,,
Cutting Matrix — Lot 11326,,,,,,,,,,,
Lot Number:,11326,Style:,DROP SHOULDER,,,,,,,,
Fabric:,LILLEN,Garment Type:,SHIRT,,,,,,,,
,,,,,,,,,,,
Color,Cutting Table,M,L,XL,XXL,Total Pcs,,,,,
CREAM,0,0,0,0,0,0,,,,,
L GREY,5,40,80,40,40,200,,,,,
PISTA,5,20,40,20,20,100,,,,,
BLACK,5,20,40,20,20,100,,,,,
L OLIVE,0,0,0,0,0,0,,,,,
KHAKHI,0,0,0,0,0,0,,,,,
BEIGE,5,20,40,20,20,100,,,,,
COFFEE,5,40,80,40,40,200,,,,,
FAW,0,0,0,0,0,0,,,,,
FAWN,5,20,40,20,20,100,,,,,
MOUSE,5,20,40,20,20,100,,,,,
Total,,180,360,180,180,900,,,,,
,,,,,,,,,,,
,,,,,,,,,,,
Cutting Matrix — Lot 11327,,,,,,,,,,,
Lot Number:,11327,Style:,16-17 MOHRI,,,,,,,,
Fabric:,LILLEN,Garment Type:,LOWER,,,,,,,,
,,,,,,,,,,,
Color,Cutting Table,M,L,XL,XXL,Total Pcs,,,,,
CREAM,0,0,0,0,0,0,,,,,
L GREY,5,20,40,20,20,100,,,,,
PISTA,5,20,40,20,20,100,,,,,
BLACK,5,20,40,20,20,100,,,,,
L OLIVE,0,0,0,0,0,0,,,,,
KHAKHI,0,0,0,0,0,0,,,,,
BEIGE,5,20,40,20,20,100,,,,,
COFFEE,5,20,40,20,20,100,,,,,
1 COFFEE,5,20,40,20,20,100,,,,,
FAWN,5,20,40,20,20,100,,,,,
GREY,5,20,40,20,20,100,,,,,
MOUSE,5,20,40,20,20,100,,,,,
Total,,180,360,180,180,900,,,,,
,,,,,,,,,,,
,,,,,,,,,,,
Cutting Matrix — Lot 11328,,,,,,,,,,,
Lot Number:,11328,Style:,COLLAR + THOKA,,,,,,,,
Fabric:,LYCRA,Garment Type:,T-SHIRT,,,,,,,,
,,,,,,,,,,,
Color,Cutting Table,M,L,XL,XXL,Total Pcs,,,,,
BLACK (50),2,50,100,50,50,250,,,,,
WHITE (50),2,45,90,45,45,225,,,,,
NAVY (30),2,32,64,32,32,160,,,,,
BEIGE (30),2,36,73,36,36,181,,,,,
D GREEN (30),2,33,66,33,33,165,,,,,
ROYAL (30),2,34,68,34,34,170,,,,,
Total,,230,461,230,230,1151,,,,,
,,,,,,,,,,,
,,,,,,,,,,,
Cutting Matrix — Lot 11317,,,,,,,,,,,
Lot Number:,11317,Style:,BOOT CUT,,,,,,,,
Fabric:,UK LYCRA,Garment Type:,LOWER,,,,,,,,
,,,,,,,,,,,
Color,Cutting Table,M,L,XL,XXL,Total Pcs,,,,,
B GREEN (2),8,34,68,34,34,170,,,,,
BLACK,8,28,56,28,28,140,,,,,
BLACK (2),8,29,58,29,29,145,,,,,
FANTIER (2),8,28,56,28,28,140,,,,,
FAWN (2),8,39,78,39,39,195,,,,,
FIROZY (1),8,14,28,14,14,70,,,,,
JUNGALI (2),8,37,74,37,37,185,,,,,
RED (1),8,17,34,17,17,85,,,,,
ROYAL (1),8,14,28,14,14,70,,,,,
SAGE (2),8,38,76,38,38,190,,,,,
SIVAR (2),8,38,76,38,38,190,,,,,
Total,,316,632,316,316,1580,,,,,
,,,,,,,,,,,
,,,,,,,,,,,
Cutting Matrix — Lot 11310,,,,,,,,,,,
Lot Number:,11310,Style:,COLLAR + THOKA,,,,,,,,
Fabric:,LYCRA MATTY,Garment Type:,T-SHIRT,,,,,,,,
,,,,,,,,,,,
Color,Cutting Table,M,L,XL,XXL,4XL,XXXL,Total Pcs,,,
BEIGE (BEIGE-NAVY COLLER),1,24,48,24,24,24,24,168,,,
NAVY (BEIGE-NAVY COLLER),1,22,44,22,22,22,22,154,,,
WHITE (GREY-BLACK COLLER),1,24,48,24,24,24,24,168,,,
BLACK (GREY-BLACK COLLER),1,22,44,24,20,22,22,154,,,
Total,,92,184,94,90,92,92,644,,,
,,,,,,,,,,,
,,,,,,,,,,,
Cutting Matrix — Lot 11325,,,,,,,,,,,
Lot Number:,11325,Style:,16-17 MOHRI,,,,,,,,
Fabric:,LILLEN,Garment Type:,LOWER,,,,,,,,
,,,,,,,,,,,
Color,Cutting Table,M,L,XL,XXL,Total Pcs,,,,,
BEIGE,1,20,40,20,20,100,,,,,
BLACK,1,19,38,19,19,95,,,,,
COFFEE,1,20,40,20,20,100,,,,,
CREAM,0,0,0,0,0,0,,,,,
FAWN,1,23,46,23,23,115,,,,,
KHAKHI,0,0,0,0,0,0,,,,,
L FAWN,1,19,38,19,19,95,,,,,
L GREY,1,19,38,19,19,95,,,,,
L OLIVE,0,0,0,0,0,0,,,,,
L.GREEN,1,18,36,18,18,90,,,,,
MOUSE,1,20,40,20,20,100,,,,,
PISTA,1,21,42,21,21,105,,,,,
Total,,179,358,179,179,895,,,,,
,,,,,,,,,,,
,,,,,,,,,,,
Cutting Matrix — Lot 11285,,,,,,,,,,,
Lot Number:,11285,Style:,COLLAR + THOKA,,,,,,,,
Fabric:,MATTY LYCRA,Garment Type:,T-SHIRT,,,,,,,,
,,,,,,,,,,,
Color,Cutting Table,M,L,XL,XXL,4XL,XXXL,Total Pcs,,,
RED (BACK(NAVY)BAJU (WHITE))),4,49,98,49,49,49,49,343,,,
NAVY (BACK(RED) BAJU(WHITE)),6,49,98,49,49,49,49,343,,,
C.K TONE (BACK(WHITE)  BAJU (NAVY)),0,0,0,0,0,0,0,0,,,
PEACOCK (BACK(WHITE) BAJU(GOLD)),4,49,98,49,49,49,49,343,,,
WHITE (BACK(NAVY)BAJU(RED)),6,49,98,49,49,49,49,343,,,
WINE (BACK (WHITE) BAJU(BLACK)),6,49,98,49,49,49,49,343,,,
SKY (BACK(NAVY)BAJU(WHITE)),6,49,98,49,49,49,49,343,,,
BLACK (BACK(SKY) BAJU(WHITE)),6,49,98,49,49,49,49,343,,,
BLACK (BACK(WHITE) BAJU(GOLD)),6,49,98,49,49,49,49,343,,,
Total,,392,784,392,392,392,392,2744,,,
,,,,,,,,,,,
,,,,,,,,,,,
Cutting Matrix — Lot 11316,,,,,,,,,,,
Lot Number:,11316,Style:,BOOT CUT,,,,,,,,
Fabric:,UK LYCRA,Garment Type:,LOWER,,,,,,,,
,,,,,,,,,,,
Color,Cutting Table,M,L,XL,XXL,Total Pcs,,,,,
B GREEN (2),9,35,70,35,35,175,,,,,
BLACK (2),9,59,118,59,59,295,,,,,
FANTIER (2),9,30,60,30,30,150,,,,,
FAWN (2),9,29,58,29,29,145,,,,,
FIROZY (1),9,18,36,18,18,90,,,,,
JUNGALI (2),9,38,76,38,38,190,,,,,
RED (1),9,18,36,18,18,90,,,,,
ROYAL (1),9,17,34,17,17,85,,,,,
SAGE (2),9,37,74,37,37,185,,,,,
SIVAR (2),9,32,64,32,32,160,,,,,
Total,,313,626,313,313,1565,,,,,
,,,,,,,,,,,
,,,,,,,,,,,
Cutting Matrix — Lot 11324,,,,,,,,,,,
Lot Number:,11324,Style:,NORMAL,,,,,,,,
Fabric:,LILLEN,Garment Type:,SHIRT,,,,,,,,
,,,,,,,,,,,
Color,Cutting Table,M,L,XL,XXL,Total Pcs,,,,,
CREAM,0,0,0,0,0,0,,,,,
L GREY,1,18,36,18,18,90,,,,,
PISTA,1,21,42,21,21,105,,,,,
BLACK,1,19,38,19,19,95,,,,,
L OLIVE,0,0,0,0,0,0,,,,,
KHAKHI,0,0,0,0,0,0,,,,,
BEIGE,1,20,40,20,20,100,,,,,
COFFEE,1,20,40,20,20,100,,,,,
D GREY,1,19,38,19,19,95,,,,,
FAWN,1,23,46,23,23,115,,,,,
L FAWN,1,19,38,19,19,95,,,,,
MOUSE,1,20,40,20,20,100,,,,,
Total,,179,358,179,179,895,,,,,
,,,,,,,,,,,
,,,,,,,,,,,
Cutting Matrix — Lot 11338,,,,,,,,,,,
Lot Number:,11338,Style:,ROUND NECK CONTRAST GALLA,,,,,,,,
Fabric:,PEACH FABRIC,Garment Type:,T-SHIRT R/N,,,,,,,,
,,,,,,,,,,,
Color,Cutting Table,M,L,XL,XXL,Total Pcs,,,,,
ROYAL (WHITE),1,34,68,34,34,170,,,,,
15% (NEW SKY),1,31,62,31,31,155,,,,,
D GREY (WHITE),1,32,64,32,32,160,,,,,
NAVY (WHITE),1,35,70,35,35,175,,,,,
OFF WHITE (ROYAL),1,34,68,34,34,170,,,,,
RED (NAVY),1,36,72,36,36,180,,,,,
D GREEN (WHITE),1,33,66,33,33,165,,,,,
N YELLOW (NEON GREEN),1,34,68,34,34,170,,,,,
N GREEN (WHITE),1,35,70,35,35,175,,,,,
Total,,304,608,304,304,1520,,,,,
,,,,,,,,,,,
,,,,,,,,,,,
Cutting Matrix — Lot 11332,,,,,,,,,,,
Lot Number:,11332,Style:,T SHIRT HALF ZIP LAGNI HAI,,,,,,,,
Fabric:,MATTY LYCRA,Garment Type:,T-SHIRT,,,,,,,,
,,,,,,,,,,,
Color,Cutting Table,M,L,XL,XXL,Total Pcs,,,,,
BLACK,1,60,120,60,60,300,,,,,
OFF WHITE,0,0,0,0,0,0,,,,,
B GREEN,1,30,60,30,30,150,,,,,
GREY,0,0,0,0,0,0,,,,,
RED,1,30,60,30,30,150,,,,,
D.NAVY,1,30,60,30,30,150,,,,,
CREAM,1,30,60,30,30,150,,,,,
Total,,180,360,180,180,900,,,,,
,,,,,,,,,,,
Cutting Matrix — Lot 11335,,,,,,,,,,,
Lot Number:,11335,Style:,ROUNDNECK,,,,,,,,
Fabric:,PRINTED FABRIC,Garment Type:,T-SHIRT,,,,,,,,
,,,,,,,,,,,
Color,Cutting Table,M,L,XL,XXL,Total Pcs,,,,,
GREY,2,35,70,35,35,175,,,,,
BUTTER,2,35,70,35,35,175,,,,,
KHAKHI,2,33,66,33,33,165,,,,,
PISTA,2,31,62,31,31,155,,,,,
Total,,134,268,134,134,670,,,,,
,,,,,,,,,,,
,,,,,,,,,,,
Cutting Matrix — Lot 11333,,,,,,,,,,,
Lot Number:,11333,Style:,HALF ZIP COLLER T SHIRT,,,,,,,,
Fabric:,MATTY LYCRA,Garment Type:,T-SHIRT,,,,,,,,
,,,,,,,,,,,
Color,Cutting Table,M,L,XL,XXL,Total Pcs,,,,,
BLACK,1,60,120,60,60,300,,,,,
BACK,0,0,0,0,0,0,,,,,
CREAM,3,60,120,60,60,300,,,,,
NAVY,3,25,50,25,25,125,,,,,
OLIVE,3,30,60,30,30,150,,,,,
ROYAL,3,30,60,30,30,150,,,,,
BLUE,3,60,120,60,60,300,,,,,
D.OLIVE,0,0,0,0,0,0,,,,,
Total,,265,530,265,265,1325,,,,,
,,,,,,,,,,,
Cutting Matrix — Lot 11318,,,,,,,,,,,
Lot Number:,11318,Style:,tape lower,,,,,,,,
Fabric:,UK LYCRA,Garment Type:,LOWER,,,,,,,,
,,,,,,,,,,,
Color,Cutting Table,M,L,XL,XXL,Total Pcs,,,,,
ANTARA,9,17,34,17,17,85,,,,,
BLACK (20),9,34,68,34,34,170,,,,,
D GREY (20),0,0,0,0,0,0,,,,,
L GREY (20),9,18,36,18,18,90,,,,,
Total,,69,138,69,69,345,,,,,
,,,,,,,,,,,
,,,,,,,,,,,
Cutting Matrix — Lot 11319,,,,,,,,,,,
Lot Number:,11319,Style:,tape lower,,,,,,,,
Fabric:,UK LYCRA,Garment Type:,LOWER,,,,,,,,
,,,,,,,,,,,
Color,Cutting Table,M,L,XL,XXL,Total Pcs,,,,,
BLACK (20),9,40,80,40,40,200,,,,,
D GREY (20),0,0,0,0,0,0,,,,,
L GREY (20),0,0,0,0,0,0,,,,,
MID GREEN,9,18,36,18,18,90,,,,,
SILVER,9,18,36,18,18,90,,,,,
Total,,76,152,76,76,380,,,,,
,,,,,,,,,,,
,,,,,,,,,,,
Cutting Matrix — Lot 11320,,,,,,,,,,,
Lot Number:,11320,Style:,tape lower,,,,,,,,
Fabric:,UK LYCRA,Garment Type:,LOWER,,,,,,,,
,,,,,,,,,,,
Color,Cutting Table,M,L,XL,XXL,Total Pcs,,,,,
BLACK (20),8,43,86,43,43,215,,,,,
D GREY (20),8,19,38,19,19,95,,,,,
L GREY (20),8,19,38,19,19,95,,,,,
Total,,81,162,81,81,405,,,,,
,,,,,,,,,,,
,,,,,,,,,,,
Cutting Matrix — Lot 11321,,,,,,,,,,,
Lot Number:,11321,Style:,tape lower,,,,,,,,
Fabric:,UK LYCRA,Garment Type:,LOWER,,,,,,,,
,,,,,,,,,,,
Color,Cutting Table,M,L,XL,XXL,Total Pcs,,,,,
BLACK (20),8,40,80,40,40,200,,,,,
D GREY (20),8,16,32,16,16,80,,,,,
L GREY (20),8,20,40,20,20,100,,,,,
Total,,76,152,76,76,380,,,,,
,,,,,,,,,,,
,,,,,,,,,,,
Cutting Matrix — Lot 11322,,,,,,,,,,,
Lot Number:,11322,Style:,tape lower,,,,,,,,
Fabric:,UK LYCRA,Garment Type:,LOWER,,,,,,,,
,,,,,,,,,,,
Color,Cutting Table,M,L,XL,XXL,Total Pcs,,,,,
BLACK (20),8,38,76,38,38,190,,,,,
D GREY (20),8,19,38,19,19,95,,,,,
L GREY (20),8,19,38,19,19,95,,,,,
Total,,76,152,76,76,380,,,,,
,,,,,,,,,,,
,,,,,,,,,,,
Cutting Matrix — Lot 61031,,,,,,,,,,,
Lot Number:,61031,Style:,LOWER,,,,,,,,
Fabric:,RAYBEN KNIT,Garment Type:,LOWER,,,,,,,,
,,,,,,,,,,,
Color,Cutting Table,M,L,XL,XXL,Total Pcs,,,,,
GREY,4,13,26,26,13,78,,,,,
RED,4,11,22,22,11,66,,,,,
ROYAL,4,12,24,24,12,72,,,,,
MINT,4,12,24,24,12,72,,,,,
BEIGE,4,14,28,28,14,84,,,,,
BLACK,4,14,28,28,14,84,,,,,
BLACK 1,4,15,30,15,30,90,,,,,
Total,,91,182,167,106,546,,,,,
,,,,,,,,,,,
Cutting Matrix — Lot 61035,,,,,,,,,,,
Lot Number:,61035,Style:,LOWER,,,,,,,,
Fabric:,HARISH PRINT,Garment Type:,LOWER,,,,,,,,
,,,,,,,,,,,
Color,Cutting Table,M,L,XL,XXL,Total Pcs,,,,,
OLIVE,3,46,46,23,23,138,,,,,
D OLIVE,3,46,46,23,23,138,,,,,
GREY,3,46,46,23,23,138,,,,,
OLIVE1,2,42,42,21,21,126,,,,,
BEIGE,2,46,46,23,23,138,,,,,
CHARCOL,2,46,46,23,23,138,,,,,
Total,,272,272,136,136,816,,,,,
Cutting Matrix — Lot 61030,,,,,,,,,,,
Lot Number:,61030,Style:,LOWER,,,,,,,,
Fabric:,GMJOY,Garment Type:,LOWER,,,,,,,,
,,,,,,,,,,,
Color,Cutting Table,M,L,XL,XXL,Total Pcs,,,,,
BLACK,2,24,24,12,12,72,,,,,
BLACK 1,2,24,24,12,12,72,,,,,
FAWN,2,24,24,12,12,72,,,,,
GREY,2,24,24,12,12,72,,,,,
OLIVE,2,24,24,12,12,72,,,,,
TABACO,2,24,24,12,12,72,,,,,
Total,,144,144,72,72,432,,,,,
,,,,,,,,,,,
Cutting Matrix — Lot 61032,,,,,,,,,,,
Lot Number:,61032,Style:,LOWER,,,,,,,,
Fabric:,RAYBEN KNIT,Garment Type:,LOWER,,,,,,,,
,,,,,,,,,,,
Color,Cutting Table,M,L,XL,XXL,Total Pcs,,,,,
BEIGE,1,17,34,34,17,102,,,,,
BLACK,1,38,76,76,38,228,,,,,
GREY,1,14,28,28,14,84,,,,,
MINT,1,14,28,28,14,84,,,,,
RED,1,13,26,26,13,78,,,,,
ROYAL,1,14,28,28,14,84,,,,,
Total,,110,220,220,110,660,,,,,
,,,,,,,,,,,
,,,,,,,,,,,
Cutting Matrix — Lot 11339,,,,,,,,,,,
Lot Number:,11339,Style:,reguler baju,,,,,,,,
Fabric:,PEACH FBRICK,Garment Type:,T-SHIRT R/N,,,,,,,,
,,,,,,,,,,,
Color,Cutting Table,M,L,XL,XXL,Total Pcs,,,,,
SURF (BAJU+GALLA(WHITE)),1,31,62,31,31,155,,,,,
15% (BAJU+GALLA (NAVY)),1,31,62,31,31,155,,,,,
NAVY (BAJU+GLLA(15%)),1,31,62,31,31,155,,,,,
RED (BAJU+GALLA(NAVY)),1,31,62,31,31,155,,,,,
WHITE (BAJU+GALLA(SURF)),1,31,62,31,31,155,,,,,
B GREEN (BAJU+GALLA(WHITE)),1,31,62,31,31,155,,,,,
N YELLOW (BAJU+GALLA(WHITE)),1,31,62,31,31,155,,,,,
WHITE (BAJU+GALLA(NEON YELLOW)),1,31,62,31,31,155,,,,,
NAVY (BAJU+GALLA(WHITE)),1,31,62,31,31,155,,,,,
Total,,279,558,279,279,1395,,,,,
,,,,,,,,,,,
,,,,,,,,,,,
Cutting Matrix — Lot 11334,,,,,,,,,,,
Lot Number:,11334,Style:,HALF ZIP COLLER T SHIRT,,,,,,,,
Fabric:,LICRA MAATY,Garment Type:,T-SHIRT,,,,,,,,
,,,,,,,,,,,
Color,Cutting Table,M,L,XL,XXL,Total Pcs,,,,,
NAVY,4,50,100,50,50,250,,,,,
RED,4,50,100,50,50,250,,,,,
CREAM,1,49,98,49,49,245,,,,,
OFF WHITE,0,0,0,0,0,0,,,,,
D GREEN,0,0,0,0,0,0,,,,,
CAMEL,4,50,100,50,50,250,,,,,
D.OLIVE,4,50,100,50,50,250,,,,,
Total,,249,498,249,249,1245,,,,,
,,,,,,,,,,,
,,,,,,,,,,,
Cutting Matrix — Lot 11336,,,,,,,,,,,
Lot Number:,11336,Style:,ROUNDNECK,,,,,,,,
Fabric:,PRINTED FABRIC,Garment Type:,T-SHIRT,,,,,,,,
,,,,,,,,,,,
Color,Cutting Table,M,L,XL,XXL,Total Pcs,,,,,
GREY,2,35,70,35,35,175,,,,,
BUTTER,2,33,66,33,33,165,,,,,
KHAKHI,2,35,70,35,35,175,,,,,
PISTA,2,35,70,35,35,175,,,,,
Total,,138,276,138,138,690,,,,,
,,,,,,,,,,,
,,,,,,,,,,,
Cutting Matrix — Lot 11337,,,,,,,,,,,
Lot Number:,11337,Style:,ROUNDNECK,,,,,,,,
Fabric:,PRINTED FABRIC,Garment Type:,T-SHIRT,,,,,,,,
,,,,,,,,,,,
Color,Cutting Table,M,L,XL,XXL,Total Pcs,,,,,
GREY,3,33,66,33,33,165,,,,,
BUTTER,3,35,70,35,35,175,,,,,
KHAKHI,3,27,54,27,27,135,,,,,
PISTA,3,34,68,34,34,170,,,,,
Total,,129,258,129,129,645,,,,,
,,,,,,,,,,,
,,,,,,,,,,,
Cutting Matrix — Lot 61034,,,,,,,,,,,
Lot Number:,61034,Style:,LOWER,,,,,,,,
Fabric:,GMJOY,Garment Type:,LOWER,,,,,,,,
,,,,,,,,,,,
Color,Cutting Table,M,L,XL,XXL,Total Pcs,,,,,
BEIZE,1,12,24,24,12,72,,,,,
BLACK,1,12,24,24,12,72,,,,,
BLACK 1,1,12,24,24,12,72,,,,,
BROWN,1,12,24,24,12,72,,,,,
D.GREY,1,12,24,24,12,72,,,,,
FAWN,0,0,0,0,0,0,,,,,
GREY,0,0,0,0,0,0,,,,,
OLIVE,1,12,24,24,12,72,,,,,
TABACO,0,0,0,0,0,0,,,,,
Total,,72,144,144,72,432,,,,,
,,,,,,,,,,,
,,,,,,,,,,,
Cutting Matrix — Lot 61027,,,,,,,,,,,
Lot Number:,61027,Style:,LOWER,,,,,,,,
Fabric:,VISION,Garment Type:,LOWER,,,,,,,,
,,,,,,,,,,,
Color,Cutting Table,M,L,XL,XXL,Total Pcs,,,,,
BEIGE,2,24,24,12,12,72,,,,,
BLACK,2,24,24,12,12,72,,,,,
BLACK 1,2,22,22,11,11,66,,,,,
BROWN,2,22,22,11,11,66,,,,,
D GREY,2,22,22,11,11,66,,,,,
Total,,114,114,57,57,342,,,,,
,,,,,,,,,,,
,,,,,,,,,,,
Cutting Matrix — Lot 61013,,,,,,,,,,,
Lot Number:,61013,Style:,NIKKER,,,,,,,,
Fabric:,POLYSTER JALI,Garment Type:,NIKKER,,,,,,,,
,,,,,,,,,,,
Color,Cutting Table,M,L,XL,XXL,XXXL,Total Pcs,,,,
BLACK(30),1,20,20,40,20,20,120,,,,
LIGHT GREY,1,20,20,40,20,20,120,,,,
FAWN,0,0,0,0,0,0,0,,,,
ROYAL,0,0,0,0,0,0,0,,,,
SKY,1,20,20,40,20,20,120,,,,
GREY,1,20,20,40,20,20,120,,,,
RED(30),1,20,20,40,20,20,120,,,,
D GREY,0,0,0,0,0,0,0,,,,
NAVY,1,20,20,40,20,20,120,,,,
Total,,120,120,240,120,120,720,,,,
,,,,,,,,,,,
,,,,,,,,,,,
Cutting Matrix — Lot 61033,,,,,,,,,,,
Lot Number:,61033,Style:,LOWER,,,,,,,,
Fabric:,GMJOY,Garment Type:,LOWER,,,,,,,,
,,,,,,,,,,,
Color,Cutting Table,M,L,XL,XXL,Total Pcs,,,,,
TABACO,0,0,0,0,0,0,,,,,
GREY,4,12,24,24,12,72,,,,,
FAWN,0,0,0,0,0,0,,,,,
BLACK,4,12,24,24,12,72,,,,,
OLIVE,4,12,24,24,12,72,,,,,
COFFEE,4,11,22,22,11,66,,,,,
BEIZ,4,11,22,22,11,66,,,,,
BLACK 1,4,12,24,24,12,72,,,,,
Total,,70,140,140,70,420,,,,,
,,,,,,,,,,,
,,,,,,,,,,,
Cutting Matrix — Lot 11351,,,,,,,,,,,
Lot Number:,11351,Style:,COLLAR + THOKA,,,,,,,,
Fabric:,MATTY LYCRA,Garment Type:,T-SHIRT COLLAR,,,,,,,,
,,,,,,,,,,,
Color,Cutting Table,M,L,XL,XXL,Total Pcs,,,,,
(BASE-NAVY) PONCHI ((BAJU-RED)),1,40,80,40,40,200,,,,,
(BASE-RED) PONCHI ((BAJU-NAVY)),1,40,80,40,40,200,,,,,
BASE-D GREEN) ((BAJU-WHITE)),1,40,80,40,40,200,,,,,
(BASE-GOLD) PONCHI ((BAJU-D GREEN)),1,40,80,40,40,200,,,,,
(BASE-OFF WHITE) ((BAJU-L OLIVE)),0,0,0,0,0,0,,,,,
(BASE-ROYAL) PONCHI ((BAJU-NAVY)),1,40,80,40,40,200,,,,,
CREAM,1,40,80,40,40,200,,,,,
Total,,240,480,240,240,1200,,,,,
,,,,,,,,,,,
,,,,,,,,,,,
Cutting Matrix — Lot 11349,,,,,,,,,,,
Lot Number:,11349,Style:,ROUND NECK,,,,,,,,
Fabric:,LYCRA SINKAR,Garment Type:,T-SHIRT,,,,,,,,
,,,,,,,,,,,
Color,Cutting Table,M,L,XL,XXL,Total Pcs,,,,,
WHITE,2,50,100,50,50,250,,,,,
BLACK,2,54,108,54,54,270,,,,,
Total,,104,208,104,104,520,,,,,
,,,,,,,,,,,
,,,,,,,,,,,
Cutting Matrix — Lot 61026,,,,,,,,,,,
Lot Number:,61026,Style:,nikkar,,,,,,,,
Fabric:,U.K LYCRA,Garment Type:,NIKKER,,,,,,,,
,,,,,,,,,,,
Color,Cutting Table,M,L,XL,XXL,4XL,XXXL,Total Pcs,,,
BLACK1,3,20,20,40,20,0,20,120,,,
BLACK2,3,20,20,40,20,0,20,120,,,
BLACK3,3,20,20,40,20,0,20,120,,,
BLACK4,3,26,26,52,26,0,26,156,,,
BLACK5,3,26,26,52,26,0,26,156,,,
Total,,112,112,224,112,0,112,672,,,
,,,,,,,,,,,
,,,,,,,,,,,
Cutting Matrix — Lot 11348,,,,,,,,,,,
Lot Number:,11348,Style:,DROPSHOULDER ROUND NECK,,,,,,,,
Fabric:,HEAVY COTTON,Garment Type:,T-SHIRT R/N,,,,,,,,
,,,,,,,,,,,
Color,Cutting Table,M,L,XL,XXL,Total Pcs,,,,,
BLACK,6,56,112,56,57,281,,,,,
OFF WHITE,6,30,60,30,30,150,,,,,
TEAL,0,0,0,0,0,0,,,,,
RUST,6,30,60,30,30,150,,,,,
CEMENT,6,32,64,32,32,160,,,,,
D GREY,6,30,60,30,30,150,,,,,
FANTIER,6,34,68,34,34,170,,,,,
AIR FORCE,6,30,60,30,29,149,,,,,
Total,,242,484,242,242,1210,,,,,
,,,,,,,,,,,
,,,,,,,,,,,
Cutting Matrix — Lot 11323,,,,,,,,,,,
Lot Number:,11323,Style:,side gulla,,,,,,,,
Fabric:,KEMO+TIE DIE,Garment Type:,LOWER,,,,,,,,
,,,,,,,,,,,
Color,Cutting Table,M,L,XL,XXL,Total Pcs,,,,,
BEIGE (KEMO),9,30,60,30,30,150,,,,,
CHARCOL,9,29,58,29,29,145,,,,,
COFFEE (KEMO),0,0,0,0,0,0,,,,,
D GREY (TIE),8,31,62,31,31,155,,,,,
FAWN (TIE),0,0,0,0,0,0,,,,,
GREY (TIE),8,32,64,32,32,160,,,,,
KHAKHI,8,31,62,31,31,155,,,,,
OLVIE (KEMO),9,30,60,30,30,150,,,,,
Total,,183,366,183,183,915,,,,,
,,,,,,,,,,,
,,,,,,,,,,,
Cutting Matrix — Lot 11350,,,,,,,,,,,
Lot Number:,11350,Style:,COLLAR + THOKA,,,,,,,,
Fabric:,MATTY LYCRA,Garment Type:,T-SHIRT,,,,,,,,
,,,,,,,,,,,
Color,Cutting Table,M,L,XL,XXL,Total Pcs,,,,,
(OFF WHITE BASE) ((BAJU -RED)     GULLA-NAVY),0,0,0,0,0,0,,,,,
(D GREEN ((BAJU-WHITE)   GULLA-GOLD),3,40,80,40,40,200,,,,,
(L OLIVE) ((BAJU-NAVY)      GULLA-BIEGE),3,40,80,40,40,200,,,,,
(RED) ((BAJU-NAVY)       GULLA-OFFWHITE),3,40,80,40,40,200,,,,,
(NAVY ((BAJU-OFFWHITE)  GULLA-RED),3,40,80,40,40,200,,,,,
CREAM,3,40,80,40,40,200,,,,,
Total,,200,400,200,200,1000,,,,,
,,,,,,,,,,,
,,,,,,,,,,,
Cutting Matrix — Lot 11354,,,,,,,,,,,
Lot Number:,11354,Style:,DROPSHOULDER ROUND NECK,,,,,,,,
Fabric:,SINKAR LYCRA,Garment Type:,T-SHIRT,,,,,,,,
,,,,,,,,,,,
Color,Cutting Table,M,L,XL,XXL,Total Pcs,,,,,
BLACK,2,31,62,31,31,155,,,,,
SURF,2,35,70,36,36,177,,,,,
RUST,2,32,64,31,31,158,,,,,
R GREEN,2,34,68,34,34,170,,,,,
OFF WHITE,2,34,68,35,35,172,,,,,
AIRFORCE,2,30,60,30,30,150,,,,,
NEON YELLOW,2,34,68,34,34,170,,,,,
BLACK 1,2,33,66,33,33,165,,,,,
Total,,263,526,264,264,1317,,,,,
,,,,,,,,,,,
,,,,,,,,,,,
Cutting Matrix — Lot 11357,,,,,,,,,,,
Lot Number:,11357,Style:,DROPSHOULDER ROUND NECK,,,,,,,,
Fabric:,BLUE BERRY,Garment Type:,T-SHIRT,,,,,,,,
,,,,,,,,,,,
Color,Cutting Table,M,L,XL,XXL,Total Pcs,,,,,
BLACK,1,64,128,64,64,320,,,,,
YELLOW,0,0,0,0,0,0,,,,,
BEIGE,0,0,0,0,0,0,,,,,
ROYAL,1,30,60,30,30,150,,,,,
RUST,1,31,62,31,31,155,,,,,
WHITE,1,27,54,27,27,135,,,,,
RED,1,28,56,28,28,140,,,,,
CREAM,1,30,60,30,30,150,,,,,
TEAL,0,0,0,0,0,0,,,,,
GREEN,0,0,0,0,0,0,,,,,
COFFEE,1,30,60,30,30,150,,,,,
LEAF GREEN,1,35,70,35,35,175,,,,,
KHAKHI,1,28,56,28,28,140,,,,,
AIR FOORCE,1,29,58,29,29,145,,,,,
GOLD,1,28,56,28,28,140,,,,,
Total,,360,720,360,360,1800,,,,,
,,,,,,,,,,,
,,,,,,,,,,,
Cutting Matrix — Lot 61047,,,,,,,,,,,
Lot Number:,61047,Style:,lower,,,,,,,,
Fabric:,U. K LYCRA,Garment Type:,LOWER,,,,,,,,
,,,,,,,,,,,
Color,Cutting Table,M,L,XL,XXL,Total Pcs,,,,,
BLACK,1,16,32,32,16,96,,,,,
GREY,0,0,0,0,0,0,,,,,
ICE BLUE (HALF),1,8,16,16,8,48,,,,,
MINT,1,15,30,30,15,90,,,,,
NAVY,1,16,32,32,16,96,,,,,
OLIVE,1,16,32,32,16,96,,,,,
RED (HALF),1,8,16,16,8,48,,,,,
TOM,1,15,30,30,15,90,,,,,
Total,,94,188,188,94,564,,,,,
,,,,,,,,,,,
,,,,,,,,,,,
Cutting Matrix — Lot 61048,,,,,,,,,,,
Lot Number:,61048,Style:,LOWER,,,,,,,,
Fabric:,U.K LYCRA,Garment Type:,LOWER,,,,,,,,
,,,,,,,,,,,
Color,Cutting Table,M,L,XL,XXL,Total Pcs,,,,,
BLACK,1,16,32,32,16,96,,,,,
COFFEE,1,15,30,30,15,90,,,,,
FIROZY,1,17,34,34,17,102,,,,,
GREY,1,16,32,32,16,96,,,,,
MID GREAY,1,14,28,28,14,84,,,,,
ROYAL (HALF),1,8,16,16,8,48,,,,,
Total,,86,172,172,86,516,,,,,
,,,,,,,,,,,
,,,,,,,,,,,
Cutting Matrix — Lot 11353,,,,,,,,,,,
Lot Number:,11353,Style:,COLLAR + THOKA,,,,,,,,
Fabric:,MATTY LYCRA,Garment Type:,T-SHIRT COLLAR,,,,,,,,
,,,,,,,,,,,
Color,Cutting Table,M,L,XL,XXL,Total Pcs,,,,,
(BASE-B-GREEN (GULLA-BONE-OFF WHITE BAJU+COLLER NAVY),4,40,80,40,40,200,,,,,
(BASE-RED) (GULLA-BONE-OFF WHITE BAJU+COLLERNAVY),4,38,76,38,38,190,,,,,
(BASE-NAVY) (GULLA-BONE-OFF WHITE BAJU+COOLER RED),0,0,0,0,0,0,,,,,
(BASE-D GREEN) (GULLA-BONE-OFF WHITE BAJU+COLLER NAVY),4,25,50,25,25,125,,,,,
(BASE-BLACK) (GULLA-BONE-OFF WHITE BAJU+COLLER RED),4,20,40,20,20,100,,,,,
Total,,123,246,123,123,615,,,,,
,,,,,,,,,,,
,,,,,,,,,,,
Cutting Matrix — Lot 11361,,,,,,,,,,,
Lot Number:,11361,Style:,DROPSHOULDER ROUND NECK,,,,,,,,
Fabric:,SINKAR LYCRA,Garment Type:,T-SHIRT,,,,,,,,
,,,,,,,,,,,
Color,Cutting Table,M,L,XL,XXL,Total Pcs,,,,,
BLACK,1,28,28,14,14,84,,,,,
WHITE,1,26,26,13,13,78,,,,,
RED,0,0,0,0,0,0,,,,,
Total,,54,54,27,27,162,,,,,
,,,,,,,,,,,
,,,,,,,,,,,
Cutting Matrix — Lot 11362,,,,,,,,,,,
Lot Number:,11362,Style:,DROPSHOULDER ROUND NECK,,,,,,,,
Fabric:,SINKAR LYCRA,Garment Type:,T-SHIRT,,,,,,,,
,,,,,,,,,,,
Color,Cutting Table,M,L,XL,XXL,Total Pcs,,,,,
BLACK,1,28,28,14,14,84,,,,,
WHITE,1,28,28,14,14,84,,,,,
15%,0,0,0,0,0,0,,,,,
Total,,56,56,28,28,168,,,,,
,,,,,,,,,,,
,,,,,,,,,,,
Cutting Matrix — Lot 11364,,,,,,,,,,,
Lot Number:,11364,Style:,DROPSHOULDER ROUND NECK,,,,,,,,
Fabric:,SINKAR LYCRA,Garment Type:,T-SHIRT,,,,,,,,
,,,,,,,,,,,
Color,Cutting Table,M,L,XL,XXL,Total Pcs,,,,,
BLACK,1,24,24,12,12,72,,,,,
WHITE,1,28,28,14,14,84,,,,,
TEAL,1,28,28,14,14,84,,,,,
Total,,80,80,40,40,240,,,,,
,,,,,,,,,,,
,,,,,,,,,,,
Cutting Matrix — Lot 11359,,,,,,,,,,,
Lot Number:,11359,Style:,DROPSHOULDER ROUND NECK,,,,,,,,
Fabric:,SINKAR LYCRA,Garment Type:,T-SHIRT,,,,,,,,
,,,,,,,,,,,
Color,Cutting Table,M,L,XL,XXL,Total Pcs,,,,,
BLACK,1,28,28,14,14,84,,,,,
D GREEN,1,24,24,12,12,72,,,,,
WHITE,1,26,26,13,13,78,,,,,
Total,,78,78,39,39,234,,,,,
,,,,,,,,,,,
,,,,,,,,,,,
Cutting Matrix — Lot 11363,,,,,,,,,,,
Lot Number:,11363,Style:,DROPSHOULDER ROUND NECK,,,,,,,,
Fabric:,SINKAR LYCRA,Garment Type:,T-SHIRT,,,,,,,,
,,,,,,,,,,,
Color,Cutting Table,M,L,XL,XXL,Total Pcs,,,,,
BLACK,1,30,30,15,15,90,,,,,
WHITE,1,30,30,15,15,90,,,,,
15%,0,0,0,0,0,0,,,,,
Total,,60,60,30,30,180,,,,,
,,,,,,,,,,,
,,,,,,,,,,,
Cutting Matrix — Lot 11366,,,,,,,,,,,
Lot Number:,11366,Style:,ROUNDNECK,,,,,,,,
Fabric:,FINE COTTON,Garment Type:,T-SHIRT R/N,,,,,,,,
,,,,,,,,,,,
Color,Cutting Table,M,L,XL,XXL,Total Pcs,,,,,
CREAM,1,28,56,28,28,140,,,,,
15%,1,29,58,29,29,145,,,,,
ROYAL,1,31,62,31,31,155,,,,,
RED,1,29,58,29,29,145,,,,,
LIGHT GREEN,1,29,58,29,29,145,,,,,
D,0,0,0,0,0,0,,,,,
SKY,0,0,0,0,0,0,,,,,
NAVY,1,29,58,29,29,145,,,,,
AIR FORCE,1,31,62,31,31,155,,,,,
OLIVE,1,35,70,35,35,175,,,,,
N,0,0,0,0,0,0,,,,,
YELLOW,1,15,30,15,15,75,,,,,
GREEN,0,0,0,0,0,0,,,,,
BLACK,1,36,72,36,36,180,,,,,
CREAM(B.GREEN),1,28,56,28,28,140,,,,,
BLACK 1,1,33,66,33,33,165,,,,,
Total,,353,706,353,353,1765,,,,,
,,,,,,,,,,,
,,,,,,,,,,,
Cutting Matrix — Lot 61042,,,,,,,,,,,
Lot Number:,61042,Style:,lower,,,,,,,,
Fabric:,VISSION,Garment Type:,LOWER,,,,,,,,
,,,,,,,,,,,
Color,Cutting Table,M,L,XL,XXL,Total Pcs,,,,,
BEIGE,8,13,26,26,13,78,,,,,
BLACK,8,11,22,22,11,66,,,,,
BROWN,8,13,26,26,13,78,,,,,
DARK GREY,8,12,24,24,12,72,,,,,
Total,,49,98,98,49,294,,,,,
,,,,,,,,,,,
,,,,,,,,,,,
Cutting Matrix — Lot 61022,,,,,,,,,,,
Lot Number:,61022,Style:,LOWER,,,,,,,,
Fabric:,Q17,Garment Type:,LOWER,,,,,,,,
,,,,,,,,,,,
Color,Cutting Table,M,L,XL,XXL,Total Pcs,,,,,
BLACK,8,66,66,33,33,198,,,,,
BROWN,0,0,0,0,0,0,,,,,
COFFEE,8,36,36,18,18,108,,,,,
CREAM,0,0,0,0,0,0,,,,,
D GREY,8,32,32,16,16,96,,,,,
KHAKHI,0,0,0,0,0,0,,,,,
Total,,134,134,67,67,402,,,,,
,,,,,,,,,,,
,,,,,,,,,,,
Cutting Matrix — Lot 61050,,,,,,,,,,,
Lot Number:,61050,Style:,LOWER,,,,,,,,
Fabric:,U.K LYCRA,Garment Type:,LOWER,,,,,,,,
,,,,,,,,,,,
Color,Cutting Table,M,L,XL,XXL,Total Pcs,,,,,
BLACK,8,64,64,32,32,192,,,,,
DARK GREY,8,32,32,16,16,96,,,,,
RED(HALF),8,16,16,8,8,48,,,,,
ROYAL(HALF),8,16,16,8,8,48,,,,,
WHITE,8,32,32,16,16,96,,,,,
Total,,160,160,80,80,480,,,,,
,,,,,,,,,,,
,,,,,,,,,,,
Cutting Matrix — Lot 11369,,,,,,,,,,,
Lot Number:,11369,Style:,DROPSHOULDER ROUND NECK,,,,,,,,
Fabric:,HEAVY COTTON,Garment Type:,T-SHIRT,,,,,,,,
,,,,,,,,,,,
Color,Cutting Table,M,L,XL,XXL,Total Pcs,,,,,
D GREY,2,30,60,30,30,150,,,,,
15%,2,58,116,59,59,292,,,,,
OFF WHITE,2,28,56,28,28,140,,,,,
CREAM,2,29,58,29,29,145,,,,,
BLACK,2,59,118,59,59,295,,,,,
COFFEE,2,32,64,33,33,162,,,,,
TEAL,0,0,0,0,0,0,,,,,
RUST,2,28,56,29,29,142,,,,,
RED,0,0,0,0,0,0,,,,,
SURF,2,29,58,29,29,145,,,,,
FAINTER,2,32,65,33,33,163,,,,,
B GREEN,2,28,56,28,28,140,,,,,
AIR FORCE,2,29,58,29,29,145,,,,,
Total,,382,765,386,386,1919,,,,,
,,,,,,,,,,,
,,,,,,,,,,,
Cutting Matrix — Lot 61023,,,,,,,,,,,
Lot Number:,61023,Style:,nikkar,,,,,,,,
Fabric:,JORDAN RIB,Garment Type:,NIKKER,,,,,,,,
,,,,,,,,,,,
Color,Cutting Table,M,L,XL,XXL,4XL,XXXL,Total Pcs,,,
BLACK,8,30,30,60,30,30,30,210,,,
D GREY,8,15,15,30,15,15,15,105,,,
L GREEN,8,15,15,30,15,15,15,105,,,
L GREY,8,15,15,30,15,15,15,105,,,
NAVY,8,15,15,30,15,15,15,105,,,
Total,,90,90,180,90,90,90,630,,,
,,,,,,,,,,,
,,,,,,,,,,,
Cutting Matrix — Lot 61024,,,,,,,,,,,
Lot Number:,61024,Style:,nikkar,,,,,,,,
Fabric:,HARISH PRINT,Garment Type:,NIKKER,,,,,,,,
,,,,,,,,,,,
Color,Cutting Table,M,L,XL,XXL,4XL,XXXL,Total Pcs,,,
OLIVE,8,15,15,30,15,15,15,105,,,
D OLIVE,8,16,16,32,16,16,16,112,,,
GREY,8,15,15,30,15,15,15,105,,,
Total,,46,46,92,46,46,46,322,,,
,,,,,,,,,,,
,,,,,,,,,,,
Cutting Matrix — Lot 11358,,,,,,,,,,,
Lot Number:,11358,Style:,DROPSHOULDER ROUND NECK,,,,,,,,
Fabric:,BLUE BERRY,Garment Type:,T-SHIRT,,,,,,,,
,,,,,,,,,,,
Color,Cutting Table,M,L,XL,XXL,Total Pcs,,,,,
AIR FORCE,3,30,60,30,30,150,,,,,
BEIGE,0,0,0,0,0,0,,,,,
BLACK,3,62,124,62,62,310,,,,,
COFFEE,3,29,58,29,29,145,,,,,
CREAM,3,34,69,35,34,172,,,,,
GOLD,3,28,57,29,28,142,,,,,
GREEN,0,0,0,0,0,0,,,,,
KHAKHI,3,33,66,33,33,165,,,,,
LEAF GREEN,3,33,66,33,33,165,,,,,
RED,3,31,63,32,31,157,,,,,
ROYAL,3,30,60,30,30,150,,,,,
RUST,3,31,64,31,31,157,,,,,
TEAL,0,0,0,0,0,0,,,,,
WHITE,3,31,63,32,31,157,,,,,
YELLOW,0,0,0,0,0,0,,,,,
Total,,372,750,376,372,1870,,,,,
,,,,,,,,,,,
,,,,,,,,,,,
Cutting Matrix — Lot 11346,,,,,,,,,,,
Lot Number:,11346,Style:,FULL ZIPPER (MONKEY HOOD),,,,,,,,
Fabric:,M H IMPORTED,Garment Type:,T-SHIRT,,,,,,,,
,,,,,,,,,,,
Color,Cutting Table,M,L,XL,XXL,Total Pcs,,,,,
B GREEN,6,12,12,12,12,48,,,,,
BLACK,6,12,12,12,12,48,,,,,
COFFEE,6,12,12,12,12,48,,,,,
L GREEN,6,12,12,12,12,48,,,,,
RUST,6,12,12,12,12,48,,,,,
SKY NEW,6,12,12,12,12,48,,,,,
Total,,72,72,72,72,288,,,,,
,,,,,,,,,,,
,,,,,,,,,,,
,,,,,,,,,,,
,,,,,,,,,,,
,,,,,,,,,,,
,,,,,,,,,,,
,,,,,,,,,,,
,,,,,,,,,,,
,,,,,,,,,,,
,,,,,,,,,,,
,,,,,,,,,,,
,,,,,,,,,,,
,,,,,,,,,,,
,,,,,,,,,,,
,,,,,,,,,,,
,,,,,,,,,,,
Cutting Matrix — Lot 61028,,,,,,,,,,,
Lot Number:,61028,Style:,LOWER,,,,,,,,
Fabric:,VISION,Garment Type:,LOWER,,,,,,,,
,,,,,,,,,,,
Color,Cutting Table,M,L,XL,XXL,Total Pcs,,,,,
BEIGE,3,26,26,13,13,78,,,,,
BLACK,3,48,48,24,24,144,,,,,
BROWN,3,24,24,12,12,72,,,,,
D GREY,3,24,24,12,12,72,,,,,
Total,,122,122,61,61,366,,,,,
,,,,,,,,,,,
,,,,,,,,,,,
Cutting Matrix — Lot 11330,,,,,,,,,,,
Lot Number:,11330,Style:,DROPSHOULDER ROUND NECK,,,,,,,,
Fabric:,MERCERICE HEAVY COTTON,Garment Type:,T-SHIRT,,,,,,,,
,,,,,,,,,,,
Color,Cutting Table,M,L,XL,XXL,Total Pcs,,,,,
BLACK,5,61,124,61,61,307,,,,,
OFF WHITE,5,56,116,58,58,288,,,,,
ROYAL,5,31,63,31,31,156,,,,,
CREAM,5,32,66,32,32,162,,,,,
RED,5,31,65,31,31,158,,,,,
R,0,0,0,0,0,0,,,,,
GREEN,5,29,62,29,29,149,,,,,
I5%,5,28,56,28,28,140,,,,,
ORANGE,5,30,64,30,30,154,,,,,
TABACO,0,0,0,0,0,0,,,,,
Total,,298,616,300,300,1514,,,,,
,,,,,,,,,,,
,,,,,,,,,,,
Cutting Matrix — Lot 11342,,,,,,,,,,,
Lot Number:,11342,Style:,FULL ZIPPER (MONKEY HOOD),,,,,,,,
Fabric:,M H IMPORTED,Garment Type:,T-SHIRT,,,,,,,,
,,,,,,,,,,,
Color,Cutting Table,M,L,XL,XXL,Total Pcs,,,,,
BLACK,6,12,12,12,12,48,,,,,
B GREEN,6,12,12,12,12,48,,,,,
L GREEN,6,12,12,12,12,48,,,,,
RUST,6,12,12,12,12,48,,,,,
COFFEE,6,12,12,12,12,48,,,,,
TEAL,0,0,0,0,0,0,,,,,
SKY,6,12,12,12,12,48,,,,,
Total,,72,72,72,72,288,,,,,
,,,,,,,,,,,
,,,,,,,,,,,
Cutting Matrix — Lot 11370,,,,,,,,,,,
Lot Number:,11370,Style:,NIKKAR,,,,,,,,
Fabric:,MASS (JALI),Garment Type:,NIKKER,,,,,,,,
,,,,,,,,,,,
Color,Cutting Table,L,XL,XXL,XXXL,Total Pcs,,,,,
BLACK,1,80,80,80,80,320,,,,,
ROYAL,1,40,40,40,40,160,,,,,
RED,1,40,40,40,40,160,,,,,
NAVY,1,40,40,40,40,160,,,,,
L GREY,1,40,40,40,40,160,,,,,
GREY,1,80,80,80,80,320,,,,,
D GREY,1,40,40,40,40,160,,,,,
OLIVE,1,40,40,40,40,160,,,,,
SKY,1,40,40,40,40,160,,,,,
FIROZY,1,40,40,40,40,160,,,,,
YELLOW,1,40,40,40,40,160,,,,,
CREAM,1,40,40,40,40,160,,,,,
WHITE,1,40,40,40,40,160,,,,,
Total,,600,600,600,600,2400,,,,,
,,,,,,,,,,,
,,,,,,,,,,,
Cutting Matrix — Lot 11368,,,,,,,,,,,
Lot Number:,11368,Style:,LOWER,,,,,,,,
Fabric:,U K LYCRA,Garment Type:,LOWER,,,,,,,,
,,,,,,,,,,,
Color,Cutting Table,M,L,XL,XXL,Total Pcs,,,,,
TOM GREEN (BONE-BLACK,1,19,38,19,19,95,,,,,
GULLA-WHITE),0,0,0,0,0,0,,,,,
ICE BLUE (BLACK WHITE),1,19,38,19,19,95,,,,,
LEMON (B GREEN WHITE),1,10,20,10,10,50,,,,,
RED (BLACK WHITE),1,20,40,20,20,100,,,,,
ROYAL (BLACK WHITE),1,15,30,15,15,75,,,,,
BLACK (SILVER WHITE),1,39,78,39,39,195,,,,,
BLACK (SAGG WHITE),0,0,0,0,0,0,,,,,
SILVER (BLACK WHITE),1,21,42,21,21,105,,,,,
Z GREY (SILVER BLACK),1,20,40,20,20,100,,,,,
Total,,163,326,163,163,815,,,,,
,,,,,,,,,,,
,,,,,,,,,,,
Cutting Matrix — Lot 11378,,,,,,,,,,,
Lot Number:,11378,Style:,SWEAT SHIRT ROUND NECK,,,,,,,,
Fabric:,GERMAN FLEECE,Garment Type:,SWEATSHIRT,,,,,,,,
,,,,,,,,,,,
Color,Cutting Table,M,L,XL,XXL,Total Pcs,,,,,
BLACK 1,1,20,40,20,20,100,,,,,
BLACK 2,0,0,0,0,0,0,,,,,
BLACK 3,0,0,0,0,0,0,,,,,
BLUE,1,10,20,10,10,50,,,,,
Total,,30,60,30,30,150,,,,,
,,,,,,,,,,,
,,,,,,,,,,,
Cutting Matrix — Lot 11371,,,,,,,,,,,
Lot Number:,11371,Style:,NIKKAR,,,,,,,,
Fabric:,MASS (JALI),Garment Type:,NIKKER,,,,,,,,
,,,,,,,,,,,
Color,Cutting Table,L,XL,XXL,XXXL,Total Pcs,,,,,
BLACK,1,80,80,80,80,320,,,,,
ROYAL,1,40,40,40,40,160,,,,,
RED,1,40,40,40,40,160,,,,,
NAVY,1,40,40,40,40,160,,,,,
L GREY,1,80,80,80,80,320,,,,,
GREY,1,40,40,40,40,160,,,,,
D GREY,1,40,40,40,40,160,,,,,
OLIVE,1,40,40,40,40,160,,,,,
SKY,1,40,40,40,40,160,,,,,
FIROZY,1,40,40,40,40,160,,,,,
YELLOW,1,40,40,40,40,160,,,,,
CREAM,1,40,40,40,40,160,,,,,
WHITE,1,40,40,40,40,160,,,,,
Total,,600,600,600,600,2400,,,,,
,,,,,,,,,,,
,,,,,,,,,,,
Cutting Matrix — Lot 11356,,,,,,,,,,,
Lot Number:,11356,Style:,DROPSHOULDER ROUND NECK,,,,,,,,
Fabric:,HEAVY COTTON,Garment Type:,T-SHIRT,,,,,,,,
,,,,,,,,,,,
Color,Cutting Table,M,L,XL,XXL,Total Pcs,,,,,
15%,5,28,64,28,28,148,,,,,
BLACK,5,57,116,57,57,287,,,,,
CREAM,5,28,58,28,28,142,,,,,
DARK GREY,0,0,0,0,0,0,,,,,
LIGHT GREY,0,0,0,0,0,0,,,,,
OFF WHITE,5,28,62,28,28,146,,,,,
Total,,141,300,141,141,723,,,,,
,,,,,,,,,,,
,,,,,,,,,,,
Cutting Matrix — Lot 11367,,,,,,,,,,,
Lot Number:,11367,Style:,ROUNDNECK,,,,,,,,
Fabric:,FINE COTTON,Garment Type:,T-SHIRT R/N,,,,,,,,
,,,,,,,,,,,
Color,Cutting Table,M,L,XL,XXL,Total Pcs,,,,,
OFF WHITE,3,64,128,64,64,320,,,,,
BLACK,3,69,138,69,69,345,,,,,
NEW SKY,0,0,0,0,0,0,,,,,
RUST,3,31,62,31,31,155,,,,,
AIRFORCE,3,33,66,33,33,165,,,,,
D,0,0,0,0,0,0,,,,,
COFFEE,3,34,68,34,34,170,,,,,
GOLD,3,39,78,39,39,195,,,,,
R GREEN,5,31,62,31,31,155,,,,,
B GREEN,5,31,62,31,31,155,,,,,
Total,,332,664,332,332,1660,,,,,
,,,,,,,,,,,
,,,,,,,,,,,
Cutting Matrix — Lot 11344,,,,,,,,,,,
Lot Number:,11344,Style:,FULL ZIPPER (MONKEY HOOD),,,,,,,,
Fabric:,M H IMPORTED,Garment Type:,T-SHIRT,,,,,,,,
,,,,,,,,,,,
Color,Cutting Table,M,L,XL,XXL,Total Pcs,,,,,
BLACK,6,20,20,20,20,80,,,,,
B GREEN,0,0,0,0,0,0,,,,,
COFFEE,6,10,10,10,10,40,,,,,
TEAL,6,10,10,10,10,40,,,,,
CEMANT,6,10,10,10,10,40,,,,,
FAINTER,6,10,10,10,10,40,,,,,
MEHRON,6,10,10,10,10,40,,,,,
BROWN,6,10,10,10,10,40,,,,,
Total,,80,80,80,80,320,,,,,
,,,,,,,,,,,
,,,,,,,,,,,
Cutting Matrix — Lot 11345,,,,,,,,,,,
Lot Number:,11345,Style:,FULL ZIPPER (MONKEY HOOD),,,,,,,,
Fabric:,M H IMPORTED,Garment Type:,T-SHIRT,,,,,,,,
,,,,,,,,,,,
Color,Cutting Table,M,L,XL,XXL,Total Pcs,,,,,
BLACK,6,20,20,20,20,80,,,,,
B GREEN,0,0,0,0,0,0,,,,,
COFFEE,6,10,10,10,10,40,,,,,
TEAL,6,10,10,10,10,40,,,,,
CEMANT,6,10,10,10,10,40,,,,,
FAINTER,6,10,10,10,10,40,,,,,
MEHRON,6,10,10,10,10,40,,,,,
BROWN,6,10,10,10,10,40,,,,,
Total,,80,80,80,80,320,,,,,
,,,,,,,,,,,
,,,,,,,,,,,
Cutting Matrix — Lot 11343,,,,,,,,,,,
Lot Number:,11343,Style:,FULL ZIPPER (MONKEY HOOD),,,,,,,,
Fabric:,M H IMPORTED,Garment Type:,T-SHIRT,,,,,,,,
,,,,,,,,,,,
Color,Cutting Table,M,L,XL,XXL,Total Pcs,,,,,
B GREEN,0,0,0,0,0,0,,,,,
BLACK,6,20,20,20,20,80,,,,,
BROWN,6,11,11,11,11,44,,,,,
CEMANT,6,11,11,11,11,44,,,,,
COFFEE,6,10,10,10,10,40,,,,,
FAINTER,6,10,10,10,10,40,,,,,
MEHRON,6,11,11,11,11,44,,,,,
TEAL,6,10,10,10,10,40,,,,,
Total,,83,83,83,83,332,,,,,
,,,,,,,,,,,
,,,,,,,,,,,
Cutting Matrix — Lot 11352,,,,,,,,,,,
Lot Number:,11352,Style:,COLLAR + THOKA,,,,,,,,
Fabric:,MATTY LYCRA,Garment Type:,T-SHIRT COLLAR,,,,,,,,
,,,,,,,,,,,
Color,Cutting Table,M,L,XL,XXL,Total Pcs,,,,,
(BASE-OFF WHITE) ((COLLER-NAVY)   TOHKA- ROYAL),2,40,80,40,40,200,,,,,
(BASE-RED) ((COLLER-NAVY)  THOKA -OFF WHITE),2,40,80,40,40,200,,,,,
(BASE-BGREEN) ((COLLER-NAVY)  THOKA-OFF WHITE),2,40,80,40,40,200,,,,,
(BASE-NAVY) ((COLLER-OFF WHITE)  THOKA-RED),0,0,0,0,0,0,,,,,
OLIVE,2,40,80,40,40,200,,,,,
BLACK,2,40,80,40,40,200,,,,,
Total,,200,400,200,200,1000,,,,,
Cutting Matrix — Lot 61029,,,,,,,,,,,
Lot Number:,61029,Style:,LOWER,,,,,,,,
Fabric:,VISION,Garment Type:,LOWER,,,,,,,,
,,,,,,,,,,,
Color,Cutting Table,M,L,XL,XXL,Total Pcs,,,,,
BEIGE,2,14,28,14,14,70,,,,,
BROWN,2,14,28,14,14,70,,,,,
BLACK,2,29,58,29,29,145,,,,,
D GREY,2,14,28,14,14,70,,,,,
Total,,71,142,71,71,355,,,,,
,,,,,,,,,,,
,,,,,,,,,,,
Cutting Matrix — Lot 11375,,,,,,,,,,,
Lot Number:,11375,Style:,button lower,,,,,,,,
Fabric:,UK LYCRA,Garment Type:,LOWER,,,,,,,,
,,,,,,,,,,,
Color,Cutting Table,M,L,XL,XXL,Total Pcs,,,,,
BLACK (BEIGE),8,79,158,79,79,395,,,,,
BLACK (MID GREY),0,0,0,0,0,0,,,,,
JUNGLI (OFF WHITE),0,0,0,0,0,0,,,,,
OLIVE (BEIGE),8,35,70,35,35,175,,,,,
IVORY (NAVY),8,37,74,37,37,185,,,,,
NAVY (OF WHITE),8,42,84,42,42,210,,,,,
BEIGE (JUNGALI),8,40,80,40,40,200,,,,,
RED (HALF (Z GREY)),8,20,40,20,20,100,,,,,
ROYAL (HALF(Z GREY)),8,16,32,16,16,80,,,,,
PEACOCK (WHITE),8,41,82,41,41,205,,,,,
WHITE (HALF(OLIVE)),8,20,40,20,20,100,,,,,
ANTARA,8,40,80,40,40,200,,,,,
Total,,370,740,370,370,1850,,,,,
,,,,,,,,,,,
,,,,,,,,,,,
Cutting Matrix — Lot 61049,,,,,,,,,,,
Lot Number:,61049,Style:,BOOT CUT WITH ZIP,,,,,,,,
Fabric:,RAYBEN,Garment Type:,LOWER,,,,,,,,
,,,,,,,,,,,
Color,Cutting Table,M,L,XL,XXL,Total Pcs,,,,,
BEIGE,9,14,28,28,14,84,,,,,
BLACK,9,16,32,32,16,96,,,,,
GREY,9,13,26,26,13,78,,,,,
MINT,9,12,24,24,12,72,,,,,
RED (HALF),9,7,14,14,7,42,,,,,
ROYAL (HALF),9,7,14,14,7,42,,,,,
Total,,69,138,138,69,414,,,,,
,,,,,,,,,,,
,,,,,,,,,,,
Cutting Matrix — Lot 11365,,,,,,,,,,,
Lot Number:,11365,Style:,ROUNDNECK,,,,,,,,
Fabric:,FINE COTTON,Garment Type:,T-SHIRT R/N,,,,,,,,
,,,,,,,,,,,
Color,Cutting Table,M,L,XL,XXL,Total Pcs,,,,,
SURF,2,34,70,34,34,172,,,,,
AIRFORCE,2,33,67,34,34,168,,,,,
BLACK,2,69,138,69,69,345,,,,,
N,0,0,0,0,0,0,,,,,
GREEN,0,0,0,0,0,0,,,,,
YELLOW,2,34,68,34,34,170,,,,,
L,0,0,0,0,0,0,,,,,
SKY,0,0,0,0,0,0,,,,,
RUST,2,33,66,33,33,165,,,,,
GOLD,2,36,72,36,36,180,,,,,
OFF WHITE,2,63,126,63,63,315,,,,,
Total,,302,607,303,303,1515,,,,,
,,,,,,,,,,,
,,,,,,,,,,,
Cutting Matrix — Lot 11374,,,,,,,,,,,
Lot Number:,11374,Style:,button lower,,,,,,,,
Fabric:,UK LYCRA,Garment Type:,LOWER,,,,,,,,
,,,,,,,,,,,
Color,Cutting Table,M,L,XL,XXL,Total Pcs,,,,,
BLACK (SAGE),8,42,84,42,42,210,,,,,
BLACK (Z GREY),8,41,82,41,41,205,,,,,
COFFEE (BEIGE),8,40,80,40,40,200,,,,,
MID GREY (OFF WHITE),8,40,80,40,40,200,,,,,
NAVY (OF WHITE),8,41,82,41,41,205,,,,,
RED (HALF (Z GREY)),8,16,32,16,16,80,,,,,
ROYAL (HALF(Z GREY)),8,21,42,21,21,105,,,,,
SAGE (Z GREY),8,42,84,42,42,210,,,,,
SILVER,8,35,70,35,35,175,,,,,
TOM GREEN (WHITE),8,40,80,40,40,200,,,,,
WHITE (HALF(D GREY)),8,21,42,21,21,105,,,,,
Z GREY (JUNGALI),0,0,0,0,0,0,,,,,
Total,,379,758,379,379,1895,,,,,
,,,,,,,,,,,
,,,,,,,,,,,
Cutting Matrix — Lot 11377,,,,,,,,,,,
Lot Number:,11377,Style:,lower,,,,,,,,
Fabric:,HARISH PRINT,Garment Type:,LOWER,,,,,,,,
,,,,,,,,,,,
Color,Cutting Table,M,L,XL,XXL,Total Pcs,,,,,
COFFEE (CREAM),9,35,70,35,35,175,,,,,
GREY (CREAM),9,35,70,35,35,175,,,,,
IVORY (CREAM),9,35,70,35,35,175,,,,,
MILLETRY (CREAM),9,35,70,35,35,175,,,,,
OLIVE (CREAM),9,35,70,35,35,175,,,,,
Total,,175,350,175,175,875,,,,,
,,,,,,,,,,,
,,,,,,,,,,,
Cutting Matrix — Lot 11360,,,,,,,,,,,
Lot Number:,11360,Style:,DROPSHOULDER ROUND NECK,,,,,,,,
Fabric:,SINKAR LYCRA,Garment Type:,T-SHIRT,,,,,,,,
,,,,,,,,,,,
Color,Cutting Table,M,L,XL,XXL,Total Pcs,,,,,
BLACK (WHITE),7,29,26,13,13,81,,,,,
WHITE (BLACK),7,29,26,14,14,83,,,,,
SURF (WHITE),7,36,33,17,17,103,,,,,
RUST (WHITE),7,33,32,15,15,95,,,,,
Total,,127,117,59,59,362,,,,,
,,,,,,,,,,,
,,,,,,,,,,,
Cutting Matrix — Lot 11311,,,,,,,,,,,
Lot Number:,11311,Style:,DROPSHOULDER ROUND NECK,,,,,,,,
Fabric:,LYCRA,Garment Type:,T-SHIRT,,,,,,,,
,,,,,,,,,,,
Color,Cutting Table,M,L,XL,XXL,Total Pcs,,,,,
BLACK,11,33,66,33,33,165,,,,,
TEAL,11,15,29,14,15,73,,,,,
WHITE,11,33,66,33,33,165,,,,,
NEW SKY,11,17,34,17,17,85,,,,,
Total,,98,195,97,98,488,,,,,
,,,,,,,,,,,
,,,,,,,,,,,
Cutting Matrix — Lot 11380,,,,,,,,,,,
Lot Number:,11380,Style:,LOWER,,,,,,,,
Fabric:,FIGTER PD,Garment Type:,LOWER,,,,,,,,
,,,,,,,,,,,
Color,Cutting Table,M,L,XL,XXL,Total Pcs,,,,,
BLACK1,9,31,62,31,31,155,,,,,
BLACK2,9,30,60,30,30,150,,,,,
BLACK3,9,30,60,30,30,150,,,,,
BLACK4,9,29,58,29,29,145,,,,,
BLACK5,9,29,58,29,29,145,,,,,
Total,,149,298,149,149,745,,,,,
,,,,,,,,,,,
,,,,,,,,,,,
Cutting Matrix — Lot 11383,,,,,,,,,,,
Lot Number:,11383,Style:,LOWER,,,,,,,,
Fabric:,Q20,Garment Type:,LOWER,,,,,,,,
,,,,,,,,,,,
Color,Cutting Table,M,L,XL,XXL,Total Pcs,,,,,
OLIVE,8,27,54,27,27,135,,,,,
KHAKHI,8,27,54,27,27,135,,,,,
COFFEE,8,31,62,31,31,155,,,,,
Total,,85,170,85,85,425,,,,,
,,,,,,,,,,,
,,,,,,,,,,,
Cutting Matrix — Lot 11381,,,,,,,,,,,
Lot Number:,11381,Style:,LOWER,,,,,,,,
Fabric:,Q20,Garment Type:,LOWER,,,,,,,,
,,,,,,,,,,,
Color,Cutting Table,M,L,XL,XXL,Total Pcs,,,,,
OLIVE,9,26,52,26,26,130,,,,,
KHAKHI,9,26,52,26,26,130,,,,,
COFFEE,9,26,52,26,26,130,,,,,
Total,,78,156,78,78,390,,,,,
,,,,,,,,,,,
,,,,,,,,,,,
Cutting Matrix — Lot 11382,,,,,,,,,,,
Lot Number:,11382,Style:,LOWER,,,,,,,,
Fabric:,Q20,Garment Type:,LOWER,,,,,,,,
,,,,,,,,,,,
Color,Cutting Table,M,L,XL,XXL,Total Pcs,,,,,
OLIVE,8,26,52,26,26,130,,,,,
KHAKHI,8,26,52,26,26,130,,,,,
COFFEE,8,26,52,26,26,130,,,,,
Total,,78,156,78,78,390,,,,,
,,,,,,,,,,,
,,,,,,,,,,,
Cutting Matrix — Lot 11372,,,,,,,,,,,
Lot Number:,11372,Style:,NIKKAR,,,,,,,,
Fabric:,MASS (JALI),Garment Type:,NIKKER,,,,,,,,
,,,,,,,,,,,
Color,Cutting Table,L,XL,XXL,XXXL,Total Pcs,,,,,
BLACK,2,80,80,80,80,320,,,,,
ROYAL,2,40,40,40,40,160,,,,,
RED,2,40,40,40,40,160,,,,,
NAVY,2,40,40,40,40,160,,,,,
L GREY,2,40,40,40,40,160,,,,,
GREY,2,40,40,40,40,160,,,,,
D GREY,2,40,40,40,40,160,,,,,
OLIVE,2,40,40,40,40,160,,,,,
SKY,2,40,40,40,40,160,,,,,
FIROZY,2,40,40,40,40,160,,,,,
YELLOW,2,40,40,40,40,160,,,,,
CREAM,2,40,40,40,40,160,,,,,
WHITE,2,40,40,40,40,160,,,,,
ORANGE,2,40,40,40,40,160,,,,,
Total,,600,600,600,600,2400,,,,,
,,,,,,,,,,,
,,,,,,,,,,,
Cutting Matrix — Lot 61046,,,,,,,,,,,
Lot Number:,61046,Style:,LOWER (SIDE FULL ZIPPER),,,,,,,,
Fabric:,U.K LYCRA,Garment Type:,LOWER,,,,,,,,
,,,,,,,,,,,
Color,Cutting Table,M,L,XL,XXL,Total Pcs,,,,,
BLACK (2),9,31,62,62,31,186,,,,,
NAVY,9,18,36,36,18,108,,,,,
GREY,9,16,32,32,16,96,,,,,
PISTA,9,14,28,28,14,84,,,,,
BEIGE,9,16,32,32,16,96,,,,,
Total,,95,190,190,95,570,,,,,
,,,,,,,,,,,
,,,,,,,,,,,
Cutting Matrix — Lot 61061,,,,,,,,,,,
Lot Number:,61061,Style:,ROUND NECK,,,,,,,,
Fabric:,LYCRA,Garment Type:,T-SHIRT,,,,,,,,
,,,,,,,,,,,
Color,Cutting Table,M,L,XL,XXL,Total Pcs,,,,,
BLACK,11,56,56,28,28,168,,,,,
15%,11,26,26,13,13,78,,,,,
OFF WHITE,7,24,24,12,12,72,,,,,
RED,11,29,29,15,14,87,,,,,
COFFEE,11,29,29,15,14,87,,,,,
ROYAL,11,30,30,15,15,90,,,,,
NAVY,11,27,27,14,13,81,,,,,
AQUA,11,28,28,14,14,84,,,,,
D GREY,11,28,28,14,14,84,,,,,
CREAM,7,30,30,15,15,90,,,,,
1%,11,26,26,13,13,78,,,,,
Total,,333,333,168,165,999,,,,,
,,,,,,,,,,,
,,,,,,,,,,,
Cutting Matrix — Lot 61062,,,,,,,,,,,
Lot Number:,61062,Style:,ROUND NECK,,,,,,,,
Fabric:,LYCRA,Garment Type:,T-SHIRT,,,,,,,,
,,,,,,,,,,,
Color,Cutting Table,M,L,XL,XXL,Total Pcs,,,,,
BLACK,7,53,52,27,27,159,,,,,
15%,7,28,28,14,14,84,,,,,
OFF WHITE,7,24,24,12,12,72,,,,,
RED,7,30,29,15,15,89,,,,,
COFFEE,7,33,32,17,17,99,,,,,
ROYAL,7,29,28,15,15,87,,,,,
NAVY,7,29,28,15,15,87,,,,,
AQUA,7,27,26,14,14,81,,,,,
D GREY,7,26,26,13,13,78,,,,,
CREAM,7,28,28,14,14,84,,,,,
1%,7,28,28,14,14,84,,,,,
Total,,335,329,170,170,1004,,,,,
,,,,,,,,,,,
,,,,,,,,,,,
Cutting Matrix — Lot 11379,,,,,,,,,,,
Lot Number:,11379,Style:,NIKKAR,,,,,,,,
Fabric:,MESH JALI,Garment Type:,NIKKER,,,,,,,,
,,,,,,,,,,,
Color,Cutting Table,L,XL,XXL,XXXL,Total Pcs,,,,,
BLACK,3,40,40,40,40,160,,,,,
SKY,3,40,40,40,40,160,,,,,
GREY,3,40,40,40,40,160,,,,,
BEIGE,3,40,40,40,40,160,,,,,
FIROZI,3,40,40,40,40,160,,,,,
YELLOW,3,40,40,40,40,160,,,,,
RED,3,40,40,40,40,160,,,,,
Total,,280,280,280,280,1120,,,,,
,,,,,,,,,,,
,,,,,,,,,,,
Cutting Matrix — Lot 62015,,,,,,,,,,,
Lot Number:,62015,Style:,t shirt  R/n,,,,,,,,
Fabric:,NORMAL FIT,Garment Type:,T-SHIRT R/N,,,,,,,,
,,,,,,,,,,,
Color,Cutting Table,M,L,XL,XXL,Total Pcs,,,,,
RUST,5,30,40,20,10,100,,,,,
BLACK,5,30,40,20,10,100,,,,,
WHITE,5,30,40,20,10,100,,,,,
NEON GREEN,0,0,0,0,0,0,,,,,
ORANGE,5,30,40,20,10,100,,,,,
RANI,5,30,40,20,10,100,,,,,
ROYAL,5,30,40,20,10,100,,,,,
R. GREEN,5,30,40,20,10,100,,,,,
Total,,210,280,140,70,700,,,,,
,,,,,,,,,,,
,,,,,,,,,,,
Cutting Matrix — Lot 62020,,,,,,,,,,,
Lot Number:,62020,Style:,t shirt r/n,,,,,,,,
Fabric:,NORMAL FIT,Garment Type:,T-SHIRT R/N,,,,,,,,
,,,,,,,,,,,
Color,Cutting Table,M,L,XL,XXL,Total Pcs,,,,,
BLACK,7,30,40,20,10,100,,,,,
WHITE,7,32,40,20,12,104,,,,,
RED,0,0,0,0,0,0,,,,,
SURF,7,30,40,20,10,100,,,,,
15%,4,30,42,20,10,102,,,,,
LIGHT LAVENDER,4,30,42,20,10,102,,,,,
NAVY,7,30,40,20,10,100,,,,,
BEIGE,7,30,40,20,10,100,,,,,
RUST,4,30,42,20,10,102,,,,,
Total,,242,326,160,82,810,,,,,
,,,,,,,,,,,
Cutting Matrix — Lot 11393,,,,,,,,,,,
Lot Number:,11393,Style:,COLLAR + THOKA,,,,,,,,
Fabric:,50,Garment Type:,T-SHIRT,,,,,,,,
,,,,,,,,,,,
Color,Cutting Table,M,L,XL,XXL,4XL5XL,XXXL,Total Pcs,,,
BLACK,1,49,98,49,49,64,32,341,,,
FAINTER,1,49,98,49,49,64,32,341,,,
ROYAL,0,0,0,0,0,0,0,0,,,
WHITE,1,49,98,49,49,64,32,341,,,
NAVY,1,49,98,49,49,64,32,341,,,
RED,1,49,98,49,49,64,32,341,,,
Total,,245,490,245,245,320,160,1705,,,
,,,,,,,,,,,
,,,,,,,,,,,
Cutting Matrix — Lot 61052,,,,,,,,,,,
Lot Number:,61052,Style:,ROUND NECK,,,,,,,,
Fabric:,LYCRA,Garment Type:,T-SHIRT,,,,,,,,
,,,,,,,,,,,
Color,Cutting Table,M,L,XL,XXL,Total Pcs,,,,,
BLACK,1,30,30,15,15,90,,,,,
OFF WHITE,1,30,30,15,15,90,,,,,
15%,1,28,28,14,14,84,,,,,
1%,1,28,28,14,14,84,,,,,
NAVY,1,30,30,15,15,90,,,,,
TEAL,1,28,28,14,14,84,,,,,
Total,,174,174,87,87,522,,,,,
,,,,,,,,,,,
,,,,,,,,,,,
Cutting Matrix — Lot 61051,,,,,,,,,,,
Lot Number:,61051,Style:,ROUND NECK,,,,,,,,
Fabric:,LYCRA,Garment Type:,T-SHIRT,,,,,,,,
,,,,,,,,,,,
Color,Cutting Table,M,L,XL,XXL,Total Pcs,,,,,
BLACK,1,30,30,15,15,90,,,,,
OFF WHITE,1,30,30,15,15,90,,,,,
15%,1,26,26,13,13,78,,,,,
1%,1,28,28,14,14,84,,,,,
NAVY,1,28,28,14,14,84,,,,,
TEAL,1,30,30,15,15,90,,,,,
Total,,172,172,86,86,516,,,,,
,,,,,,,,,,,
,,,,,,,,,,,
Cutting Matrix — Lot 11376,,,,,,,,,,,
Lot Number:,11376,Style:,button lower,,,,,,,,
Fabric:,UK LYCRA,Garment Type:,LOWER,,,,,,,,
,,,,,,,,,,,
Color,Cutting Table,M,L,XL,XXL,Total Pcs,,,,,
RED (Z GREY),8,43,86,43,43,215,,,,,
BLACK (BEIGE),8,41,82,41,41,205,,,,,
Z GREY (BLACK),8,40,80,40,40,200,,,,,
BEIGE (COFFEE),8,35,70,35,35,175,,,,,
ROYAL (Z GREY),8,42,84,42,42,210,,,,,
D GREY (Z GREY),8,42,84,42,42,210,,,,,
COFFEE (Z GREY),8,42,84,42,42,210,,,,,
BLACK (Z GREY),8,36,72,36,36,180,,,,,
D BEIGE (Z GREY),8,43,86,43,43,215,,,,,
Total,,364,728,364,364,1820,,,,,
,,,,,,,,,,,
,,,,,,,,,,,
Cutting Matrix — Lot 65014,,,,,,,,,,,
Lot Number:,65014,Style:,NIKKER,,,,,,,,
Fabric:,CEMO,Garment Type:,NIKKER,,,,,,,,
,,,,,,,,,,,
Color,Cutting Table,L,XL,2XL,3XL,Total Pcs,,,,,
OLIVE,9,30,30,30,30,120,,,,,
D OLIVE,9,30,30,30,30,120,,,,,
COFFEE,9,30,30,30,30,120,,,,,
L GREY,9,30,30,30,30,120,,,,,
Total,,120,120,120,120,480,,,,,
,,,,,,,,,,,
,,,,,,,,,,,
Cutting Matrix — Lot 11373,,,,,,,,,,,
Lot Number:,11373,Style:,DROPSHOULDER ROUND NECK,,,,,,,,
Fabric:,HEAVY COTTON,Garment Type:,T-SHIRT,,,,,,,,
,,,,,,,,,,,
Color,Cutting Table,M,L,XL,XXL,Total Pcs,,,,,
OFF WHITE (BAJU-15%  GALLA-OFF WHIE),3,29,58,29,29,145,,,,,
GREY (BAJU-OFF WHITE GALLA-GREY),3,29,58,29,29,145,,,,,
RUST (BAJU-OFF WHITE GALLA-RUST),3,29,58,29,29,145,,,,,
15% (BAJU-L GREEN GALLA-15%),3,29,58,29,29,145,,,,,
L GREEN (BAJU-OFF WHITE GALLA-LIGHT GREEN),3,29,58,29,29,145,,,,,
BLACK (BAJU-L GREY GALLA-BLACK),3,29,58,29,29,145,,,,,
BLACK (BAJU-LGREY GALLA-BLACK),,,,,,0,,,,,
NAVY,3,29,58,29,29,145,,,,,
Total,,203,406,203,203,1015,,,,,
,,,,,,,,,,,
Cutting Matrix — Lot 61053,,,,,,,,,,,
Lot Number:,61053,Style:,ROUND NECK,,,,,,,,
Fabric:,LYCRA,Garment Type:,T-SHIRT,,,,,,,,
,,,,,,,,,,,
Color,Cutting Table,M,L,XL,XXL,Total Pcs,,,,,
BLACK,1,32,32,16,16,96,,,,,
OFF WHITE,1,30,30,15,15,90,,,,,
15%,1,28,28,14,14,84,,,,,
1%,1,28,28,14,14,84,,,,,
TEAL,1,28,28,14,14,84,,,,,
Total,,146,146,73,73,438,,,,,
,,,,,,,,,,,
,,,,,,,,,,,
Cutting Matrix — Lot 61054,,,,,,,,,,,
Lot Number:,61054,Style:,ROUND NECK,,,,,,,,
Fabric:,LYCRA,Garment Type:,T-SHIRT,,,,,,,,
,,,,,,,,,,,
Color,Cutting Table,M,L,XL,XXL,Total Pcs,,,,,
BLACK,1,32,32,16,16,96,,,,,
OFF WHITE,1,30,30,15,15,90,,,,,
15%,1,28,28,14,14,84,,,,,
1%,1,26,26,13,13,78,,,,,
Total,,116,116,58,58,348,,,,,
,,,,,,,,,,,
,,,,,,,,,,,
Cutting Matrix — Lot 76009,,,,,,,,,,,
Lot Number:,76009,Style:,FULL BAJU,,,,,,,,
Fabric:,BERRY BLAST,Garment Type:,SHIRT,,,,,,,,
,,,,,,,,,,,
Color,Cutting Table,S,M,L,XL,2XL,Total Pcs,,,,
BLACK,1,8,15,15,15,7,60,,,,
NAVY,1,10,20,20,20,10,80,,,,
BEIGE,1,7,13,13,13,6,52,,,,
WHITE,1,10,19,19,19,9,76,,,,
Total,,35,67,67,67,32,268,,,,
,,,,,,,,,,,
,,,,,,,,,,,
Cutting Matrix — Lot 11389,,,,,,,,,,,
Lot Number:,11389,Style:,COLLAR + THOKA,,,,,,,,
Fabric:,50,Garment Type:,T-SHIRT,,,,,,,,
,,,,,,,,,,,
Color,Cutting Table,M,L,XL,XXL,4XL,5XL,XXXL,Total Pcs,,
BLACK,1,49,98,49,49,32,32,32,341,,
OFF WHITE,1,49,98,49,49,32,32,32,341,,
CK TONE,1,49,98,49,49,32,32,32,341,,
Total,,147,294,147,147,96,96,96,1023,,
,,,,,,,,,,,
,,,,,,,,,,,
Cutting Matrix — Lot 61065,,,,,,,,,,,
Lot Number:,61065,Style:,LOWER,,,,,,,,
Fabric:,UK LYCRA,Garment Type:,LOWER,,,,,,,,
,,,,,,,,,,,
Color,Cutting Table,M,L,XL,XXL,Total Pcs,,,,,
BLACK (L GREY),9,28,28,14,14,84,,,,,
BLACK (BLACK),9,32,32,16,16,96,,,,,
NAVY (GREY),9,34,34,17,17,102,,,,,
COFFEE (BEIGE),9,32,32,16,16,96,,,,,
SILVAR (D GREY),9,28,28,14,14,84,,,,,
ROYAL (WHITE),9,32,32,16,16,96,,,,,
RED (WHITE),9,30,30,15,15,90,,,,,
Total,,216,216,108,108,648,,,,,
,,,,,,,,,,,
,,,,,,,,,,,
Cutting Matrix — Lot 11400,,,,,,,,,,,
Lot Number:,11400,Style:,ROUND NECK,,,,,,,,
Fabric:,FINE COTTON,Garment Type:,T-SHIRT,,,,,,,,
,,,,,,,,,,,
Color,Cutting Table,M,L,XL,2XL,Total Pcs,,,,,
NEO GREEN,0,0,0,0,0,0,,,,,
15%,2,30,60,30,30,150,,,,,
RED,2,32,64,32,32,160,,,,,
BLACK,2,32,64,32,32,160,,,,,
NEO YELLOW,2,33,66,33,33,165,,,,,
ROYAL,2,34,68,34,34,170,,,,,
OFF WHITE,2,32,64,32,32,160,,,,,
BLACK 2,2,32,64,32,32,160,,,,,
Total,,225,450,225,225,1125,,,,,
,,,,,,,,,,,
Cutting Matrix — Lot 11387,,,,,,,,,,,
Lot Number:,11387,Style:,HALF ZIPPER COLLER,,,,,,,,
Fabric:,COTTON LYCRA,Garment Type:,T-SHIRT,,,,,,,,
,,,,,,,,,,,
Color,Cutting Table,M,L,XL,XXL,4XL,5XL,XXXL,Total Pcs,,
BLACK,11,49,82,49,49,33,33,33,328,,
COFFEE,11,49,82,49,49,33,33,33,328,,
WHITE,5,49,98,49,49,33,33,33,344,,
BEIGE,11,49,82,49,49,33,33,33,328,,
Total,,196,344,196,196,132,132,132,1328,,
,,,,,,,,,,,
,,,,,,,,,,,
Cutting Matrix — Lot 11388,,,,,,,,,,,
Lot Number:,11388,Style:,HALF ZIPPER COLLER,,,,,,,,
Fabric:,COTTON LYCRA,Garment Type:,T-SHIRT,,,,,,,,
,,,,,,,,,,,
Color,Cutting Table,M,L,XL,XXL,4XL,5XL,XXXL,Total Pcs,,
R GREEN (OFF WHITE COLLER),5,49,98,49,49,33,33,33,344,,
OFF WHITE (PEACOCK COLLER),5,49,98,49,49,33,33,33,344,,
OFF WHITE (R GREEN  COLLER),0,0,0,0,0,0,0,0,0,,
D NAVY (RED COLLER),5,49,98,49,49,33,33,33,344,,
RED (NAVY COLLER),5,49,98,49,49,33,33,33,344,,
CREAM,11,52,106,53,52,35,35,35,368,,
Total,,248,498,249,248,167,167,167,1744,,
,,,,,,,,,,,
Cutting Matrix — Lot 11399,,,,,,,,,,,
Lot Number:,11399,Style:,ROUND NECK,,,,,,,,
Fabric:,FINE COTTON,Garment Type:,T-SHIRT,,,,,,,,
,,,,,,,,,,,
Color,Cutting Table,M,L,XL,2XL,Total Pcs,,,,,
NEO GREEN,,0,0,0,0,0,,,,,
15%,1,30,60,30,30,150,,,,,
RED,1,32,64,32,32,160,,,,,
BLACK,1,68,136,68,68,340,,,,,
NEO YELLOW,1,29,58,29,29,145,,,,,
ROYAL,1,33,66,33,33,165,,,,,
OFF WHITE,1,33,66,33,33,165,,,,,
Total,,225,450,225,225,1125,,,,,
,,,,,,,,,,,
,,,,,,,,,,,
Cutting Matrix — Lot 11355,,,,,,,,,,,
Lot Number:,11355,Style:,DROPSHOULDER ROUND NECK,,,,,,,,
Fabric:,SINKAR LYCRA,Garment Type:,T-SHIRT,,,,,,,,
,,,,,,,,,,,
Color,Cutting Table,M,L,XL,XXL,Total Pcs,,,,,
RUST,4,31,62,31,31,155,,,,,
B GREEN,4,36,72,36,36,180,,,,,
SURF,11,32,64,32,32,160,,,,,
BLACK,4,68,136,68,68,340,,,,,
NEON GREEN,4,17,34,17,17,85,,,,,
NEON YELLOW,4,16,32,16,16,80,,,,,
NAVY,4,29,58,29,29,145,,,,,
RED,11,36,72,36,36,180,,,,,
OFF WHITE,11,31,62,31,31,155,,,,,
CREAM,4,30,60,30,30,150,,,,,
NEW SKY,4,33,66,33,33,165,,,,,
Total,,359,718,359,359,1795,,,,,
,,,,,,,,,,,
,,,,,,,,,,,
Cutting Matrix — Lot 62021,,,,,,,,,,,
Lot Number:,62021,Style:,normal fit,,,,,,,,
Fabric:,NORMAL FIT,Garment Type:,T-SHIRT R/N,,,,,,,,
,,,,,,,,,,,
Color,Cutting Table,M,L,XL,XXL,Total Pcs,,,,,
BLACK,11,60,80,40,20,200,,,,,
WHITE,11,60,80,40,20,200,,,,,
ORANGE,11,27,36,18,9,90,,,,,
RED,0,0,0,0,0,0,,,,,
SURF,11,30,40,20,10,100,,,,,
NEON GREEN,11,30,40,20,10,100,,,,,
,,,,,,,,,,,
Total,,207,276,138,69,690,,,,,
,,,,,,,,,,,
,,,,,,,,,,,
Cutting Matrix — Lot 11406,,,,,,,,,,,
Lot Number:,11406,Style:,ROUND NECK,,,,,,,,
Fabric:,HEAVY COTTON,Garment Type:,T-SHIRT,,,,,,,,
,,,,,,,,,,,
Color,Cutting Table,M,L,XL,2XL,Total Pcs,,,,,
BLACK,1,31,62,31,31,155,,,,,
CREAM,1,31,62,31,31,155,,,,,
OFF WHITE,1,29,58,29,29,145,,,,,
15%,1,28,56,28,28,140,,,,,
D GREY,1,30,60,30,30,150,,,,,
Total,,149,298,149,149,745,,,,,
,,,,,,,,,,,
,,,,,,,,,,,
Cutting Matrix — Lot 11392,,,,,,,,,,,
Lot Number:,11392,Style:,COLLER THOKA  AUR ZIP,,,,,,,,
Fabric:,50,Garment Type:,T-SHIRT,,,,,,,,
,,,,,,,,,,,
Color,Cutting Table,M,L,XL,XXL,4XL,5XL,XXXL,Total Pcs,,
BLACK,2,49,98,49,49,33,33,33,344,,
OLIVE,2,49,98,49,49,33,33,33,344,,
WHITE,2,49,98,49,49,33,33,33,344,,
DGREY (BLACK),2,49,98,49,49,33,33,33,344,,
Total,,196,392,196,196,132,132,132,1376,,
,,,,,,,,,,,
,,,,,,,,,,,
Cutting Matrix — Lot 11401,,,,,,,,,,,
Lot Number:,11401,Style:,TRACKSUIT,,,,,,,,
Fabric:,FINE COTTON,Garment Type:,T-SHIRT,,,,,,,,
,,,,,,,,,,,
Color,Cutting Table,M,L,XL,2XL,Total Pcs,,,,,
CREAM,3,30,60,30,30,150,,,,,
OFF WHITE,3,30,60,30,30,150,,,,,
15%,3,30,60,30,30,150,,,,,
D GREY,3,30,60,30,30,150,,,,,
B GREEN,3,30,60,30,30,150,,,,,
BLACK,3,60,120,60,60,300,,,,,
NAVY,3,30,60,30,30,150,,,,,
Total,,240,480,240,240,1200,,,,,
,,,,,,,,,,,
,,,,,,,,,,,
Cutting Matrix — Lot 76010,,,,,,,,,,,
Lot Number:,76010,Style:,full baju,,,,,,,,
Fabric:,BERRY BLAST,Garment Type:,SHIRT,,,,,,,,
,,,,,,,,,,,
Color,Cutting Table,M,L,XL,2XL,Total Pcs,,,,,
WHITE,1,27,54,27,27,135,,,,,
NAVY,1,28,56,28,28,140,,,,,
SKY,1,26,52,26,26,130,,,,,
BLACK,1,30,60,30,30,150,,,,,
Total,,111,222,111,111,555,,,,,
,,,,,,,,,,,
,,,,,,,,,,,
Cutting Matrix — Lot 61041,,,,,,,,,,,
Lot Number:,61041,Style:,lower,,,,,,,,
Fabric:,CRUSH TERRY,Garment Type:,LOWER,,,,,,,,
,,,,,,,,,,,
Color,Cutting Table,M,L,XL,XXL,XXXL,Total Pcs,,,,
BLACK (1.5),9,16,32,32,16,,96,,,,
ROYAL (HALF),9,8,16,16,8,,48,,,,
WHITE (HALF),0,0,0,0,0,0,0,,,,
LIGHT GREY,9,16,32,32,16,,96,,,,
BLACK 2,9,16,32,32,16,,96,,,,
OFF WHITE,9,8,16,16,8,,48,,,,
Z.GREY,9,16,32,32,16,,96,,,,
Total,,80,160,160,80,0,480,,,,
,,,,,,,,,,,
,,,,,,,,,,,
Cutting Matrix — Lot 11384,,,,,,,,,,,
Lot Number:,11384,Style:,COLLAR + THOKA,,,,,,,,
Fabric:,COTTON LYCRA,Garment Type:,T-SHIRT,,,,,,,,
,,,,,,,,,,,
Color,Cutting Table,M,L,XL,XXL,Total Pcs,,,,,
BLACK,6,49,98,49,49,245,,,,,
OFF WHITE,6,49,98,49,49,245,,,,,
RED,6,49,98,49,49,245,,,,,
KHAKHI,6,49,98,49,49,245,,,,,
Total,,196,392,196,196,980,,,,,
,,,,,,,,,,,
,,,,,,,,,,,
Cutting Matrix — Lot 11397,,,,,,,,,,,
Lot Number:,11397,Style:,COLLAR + THOKA,,,,,,,,
Fabric:,POLISTER,Garment Type:,T-SHIRT,,,,,,,,
,,,,,,,,,,,
Color,Cutting Table,M,L,XL,2XL,Total Pcs,,,,,
BLACK,7,40,80,40,40,200,,,,,
ROYAL,7,38,76,38,38,190,,,,,
SKY,0,0,0,0,0,0,,,,,
WHITE,7,35,70,35,35,175,,,,,
BEIGE,7,38,76,38,38,190,,,,,
NAVY,7,37,74,37,37,185,,,,,
B GREEN,0,0,0,0,0,0,,,,,
L GREY,7,38,76,38,38,190,,,,,
D.GREEN,7,38,76,38,38,190,,,,,
D.GREY,7,38,76,38,38,190,,,,,
BLACK 2,7,38,76,38,38,190,,,,,
Total,,340,680,340,340,1700,,,,,
,,,,,,,,,,,
,,,,,,,,,,,
Cutting Matrix — Lot 11403,,,,,,,,,,,
Lot Number:,11403,Style:,ROUND NECK,,,,,,,,
Fabric:,FINE COTTON,Garment Type:,T-SHIRT,,,,,,,,
,,,,,,,,,,,
Color,Cutting Table,M,L,XL,2XL,Total Pcs,,,,,
BLACK,7,37,74,38,38,187,,,,,
OFF WHITE,7,66,130,67,67,330,,,,,
BEIGE,7,36,74,37,37,184,,,,,
15%,7,30,59,30,30,149,,,,,
RUST,7,30,60,30,30,150,,,,,
BLACK 2,7,36,72,36,36,180,,,,,
Total,,235,469,238,238,1180,,,,,
,,,,,,,,,,,
,,,,,,,,,,,
Cutting Matrix — Lot 61039,,,,,,,,,,,
Lot Number:,61039,Style:,lower,,,,,,,,
Fabric:,CRUSH TERRY,Garment Type:,LOWER,,,,,,,,
,,,,,,,,,,,
Color,Cutting Table,M,L,XL,XXL,Total Pcs,,,,,
BLACK (2),8,68,68,34,34,204,,,,,
GREY,8,34,34,17,17,102,,,,,
IVORY,8,34,34,17,17,102,,,,,
CAMEL,8,26,26,13,13,78,,,,,
Total,,162,162,81,81,486,,,,,
,,,,,,,,,,,
,,,,,,,,,,,
Cutting Matrix — Lot 11391,,,,,,,,,,,
Lot Number:,11391,Style:,COLLER THOKA  AUR ZIP,,,,,,,,
Fabric:,50,Garment Type:,T-SHIRT,,,,,,,,
,,,,,,,,,,,
Color,Cutting Table,M,L,XL,XXL,4XL,5XL,XXXL,Total Pcs,,
BLACK,2,98,196,98,98,66,66,66,688,,
BLUE,2,49,98,49,49,33,33,33,344,,
NAVY,2,49,98,49,49,33,33,33,344,,
L GREY( BLACK),0,0,0,0,0,0,0,0,0,,
FANTIER,0,0,0,0,0,0,0,0,0,,
Total,,196,392,196,196,132,132,132,1376,,
,,,,,,,,,,,
Cutting Matrix — Lot 11341,,,,,,,,,,,
Lot Number:,11341,Style:,FULL ZIPPER HOOD,,,,,,,,
Fabric:,M H IMPORTED,Garment Type:,T-SHIRT,,,,,,,,
,,,,,,,,,,,
Color,Cutting Table,M,L,XL,XXL,Total Pcs,,,,,
BLACK,6,24,24,24,24,96,,,,,
B GREEN,6,12,12,12,12,48,,,,,
L GREEN,6,12,12,12,12,48,,,,,
RUST,6,12,12,12,12,48,,,,,
COFFEE,6,12,12,12,12,48,,,,,
TEAL,6,12,12,12,12,48,,,,,
Total,,84,84,84,84,336,,,,,
,,,,,,,,,,,
,,,,,,,,,,,
Cutting Matrix — Lot 61038,,,,,,,,,,,
Lot Number:,61038,Style:,AEROPLANE PATTERN,,,,,,,,
Fabric:,COTTON LYCRA,Garment Type:,T-SHIRT COLLAR,,,,,,,,
,,,,,,,,,,,
Color,Cutting Table,M,L,XL,XXL,Total Pcs,,,,,
BLACK,4,23,23,11,11,68,,,,,
WHITE,4,24,24,12,12,72,,,,,
RED,0,0,0,0,0,0,,,,,
ROYAL (15%),4,25,25,13,12,75,,,,,
15%,4,25,25,13,12,75,,,,,
RUST,11,24,24,11,11,70,,,,,
Total,,121,121,60,58,360,,,,,
,,,,,,,,,,,
Cutting Matrix — Lot 62022,,,,,,,,,,,
Lot Number:,62022,Style:,dropshoulder,,,,,,,,
Fabric:,LOOPER LYCRA,Garment Type:,T-SHIRT R/N,,,,,,,,
,,,,,,,,,,,
Color,Cutting Table,S,M,L,XL,Total Pcs,,,,,
RED,4,15,30,15,15,75,,,,,
BLACK,4,16,32,16,16,80,,,,,
WHITE,4,16,32,16,16,80,,,,,
15%,4,14,28,14,14,70,,,,,
R. GREEN,4,16,32,16,16,80,,,,,
FANTIARE,4,17,34,17,17,85,,,,,
Total,,94,188,94,94,470,,,,,
,,,,,,,,,,,
,,,,,,,,,,,
Cutting Matrix — Lot 61037,,,,,,,,,,,
Lot Number:,61037,Style:,lower,,,,,,,,
Fabric:,VISSION,Garment Type:,LOWER,,,,,,,,
,,,,,,,,,,,
Color,Cutting Table,M,L,XL,XXL,Total Pcs,,,,,
BEIGE,9,24,24,12,12,72,,,,,
BROWN,9,24,24,12,12,72,,,,,
BLACK,9,48,48,24,24,144,,,,,
DARK GREY,9,24,24,12,12,72,,,,,
Total,,120,120,60,60,360,,,,,
,,,,,,,,,,,
,,,,,,,,,,,
Cutting Matrix — Lot 61043,,,,,,,,,,,
Lot Number:,61043,Style:,LOWER (SIDE FULL ZIPPER),,,,,,,,
Fabric:,U. K. LYCRA,Garment Type:,LOWER,,,,,,,,
,,,,,,,,,,,
Color,Cutting Table,M,L,XL,XXL,Total Pcs,,,,,
BLACK (WHITE),8,31,62,62,31,186,,,,,
BLACK(D.GREY),0,0,0,0,0,0,,,,,
LIGHT GREY,8,14,28,28,14,84,,,,,
MEDIUM GREY,8,15,30,30,15,90,,,,,
DARK NAVY,8,15,30,30,15,90,,,,,
RED (HALF),8,8,16,16,8,48,,,,,
ANTARA,8,15,30,30,15,90,,,,,
Total,,98,196,196,98,588,,,,,
,,,,,,,,,,,
,,,,,,,,,,,
Cutting Matrix — Lot 62023,,,,,,,,,,,
Lot Number:,62023,Style:,dropshoulder,,,,,,,,
Fabric:,LOOPER LYCRA,Garment Type:,T-SHIRT R/N,,,,,,,,
,,,,,,,,,,,
Color,Cutting Table,S,M,L,XL,Total Pcs,,,,,
BLACK,2,17,34,17,17,85,,,,,
WHITE,2,16,34,17,17,84,,,,,
NEON YELLOW,2,18,36,18,18,90,,,,,
NEON GREEN,2,17,34,17,17,85,,,,,
ORANGE,2,17,34,17,17,85,,,,,
COFFEE 3876,2,17,35,17,17,86,,,,,
Total,,102,207,103,103,515,,,,,
,,,,,,,,,,,
,,,,,,,,,,,
Cutting Matrix — Lot 62019,,,,,,,,,,,
Lot Number:,62019,Style:,dropshoulder,,,,,,,,
Fabric:,HEAVY COTTON,Garment Type:,T-SHIRT R/N,,,,,,,,
,,,,,,,,,,,
Color,Cutting Table,S,M,L,XL,Total Pcs,,,,,
BLACK,1,15,30,15,15,75,,,,,
WHITE,1,16,32,16,16,80,,,,,
RED,1,15,30,15,15,75,,,,,
LEMON,1,16,32,16,16,80,,,,,
NAVY,1,15,30,15,15,75,,,,,
DARK LAVENDER,1,15,30,15,15,75,,,,,
15 %,0,0,0,0,0,0,,,,,
LIGHT GREY,1,16,32,16,16,80,,,,,
Total,,108,216,108,108,540,,,,,
,,,,,,,,,,,
,,,,,,,,,,,
Cutting Matrix — Lot 62013,,,,,,,,,,,
Lot Number:,62013,Style:,dropshoulder,,,,,,,,
Fabric:,LOOPER LYCRA,Garment Type:,T-SHIRT R/N,,,,,,,,
,,,,,,,,,,,
Color,Cutting Table,S,M,L,XL,Total Pcs,,,,,
BLACK,1,31,62,31,31,155,,,,,
WHITE,1,13,26,13,13,65,,,,,
Total,,44,88,44,44,220,,,,,
,,,,,,,,,,,
,,,,,,,,,,,
Cutting Matrix — Lot 62018,,,,,,,,,,,
Lot Number:,62018,Style:,dropshoulder,,,,,,,,
Fabric:,LOOPER LYCRA,Garment Type:,T-SHIRT R/N,,,,,,,,
,,,,,,,,,,,
Color,Cutting Table,S,M,L,XL,Total Pcs,,,,,
BLACK,1,15,30,15,15,75,,,,,
WHITE,1,18,36,18,18,90,,,,,
Total,,33,66,33,33,165,,,,,
,,,,,,,,,,,
,,,,,,,,,,,
Cutting Matrix — Lot 76012,,,,,,,,,,,
Lot Number:,76012,Style:,shirt full baju,,,,,,,,
Fabric:,BERRY BLAST,Garment Type:,SHIRT,,,,,,,,
,,,,,,,,,,,
Color,Cutting Table,M,L,XL,2XL,Total Pcs,,,,,
BLACK (WHITE),1,30,60,30,30,150,,,,,
NAVY (WHITE),1,30,60,30,30,150,,,,,
WHITE (NAVY),1,30,60,30,30,150,,,,,
B GREEN (WHITE),1,30,60,30,30,150,,,,,
SKY (WHITE),1,30,60,30,30,150,,,,,
Total,,150,300,150,150,750,,,,,
,,,,,,,,,,,
,,,,,,,,,,,
Cutting Matrix — Lot 11402,,,,,,,,,,,
Lot Number:,11402,Style:,17-18 MOHRI,,,,,,,,
Fabric:,FINE COTTON,Garment Type:,LOWER,,,,,,,,
,,,,,,,,,,,
Color,Cutting Table,M,L,XL,2XL,Total Pcs,,,,,
CREAM,6,30,60,30,30,150,,,,,
OFF WHITE,6,30,60,30,30,150,,,,,
15%,6,30,60,30,30,150,,,,,
D GREY,6,30,60,30,30,150,,,,,
B GREEN,6,30,60,30,30,150,,,,,
BLACK,6,60,120,60,60,300,,,,,
NAVY,6,30,60,30,30,150,,,,,
Total,,240,480,240,240,1200,,,,,
,,,,,,,,,,,
,,,,,,,,,,,
Cutting Matrix — Lot 65003,,,,,,,,,,,
Lot Number:,65003,Style:,LOWER,,,,,,,,
Fabric:,UK LYCRA,Garment Type:,LOWER,,,,,,,,
,,,,,,,,,,,
Color,Cutting Table,M,L,XL,2XL,Total Pcs,,,,,
BLACK 1,12,24,24,24,24,96,,,,,
BLACK 2,12,17,17,17,17,68,,,,,
NAVY,12,22,22,22,22,88,,,,,
Z GREY,12,24,24,24,24,96,,,,,
D GREY,12,24,24,24,24,96,,,,,
MID GREY,12,21,21,21,21,84,,,,,
FAWN,12,22,22,22,22,88,,,,,
ROYAL (HAIF),12,7,7,7,7,28,,,,,
RED (HALF),12,7,7,7,7,28,,,,,
Total,,168,168,168,168,672,,,,,
,,,,,,,,,,,
,,,,,,,,,,,
Cutting Matrix — Lot 62035,,,,,,,,,,,
Lot Number:,62035,Style:,,,,,,,,,
Fabric:,UK LYCRA,Garment Type:,LOWER,,,,,,,,
,,,,,,,,,,,
Color,Cutting Table,M,L,XL,XXL,Total Pcs,,,,,
BLACK,9,101,134,67,33,335,,,,,
IVORY,9,58,78,39,20,195,,,,,
MID GREY,9,49,66,33,17,165,,,,,
PEACOCK,9,53,72,36,19,180,,,,,
NAVY,9,56,74,37,18,185,,,,,
FAWN,9,58,78,39,20,195,,,,,
RED(HALF),9,30,40,20,10,100,,,,,
ROYAL(HALF),9,30,40,20,10,100,,,,,
Total,,435,582,291,147,1455,,,,,
,,,,,,,,,,,
,,,,,,,,,,,
Cutting Matrix — Lot 62024,,,,,,,,,,,
Lot Number:,62024,Style:,,,,,,,,,
Fabric:,UK LYCRA,Garment Type:,LOWER,,,,,,,,
,,,,,,,,,,,
Color,Cutting Table,M,L,XL,XXL,Total Pcs,,,,,
BLACK,8,119,158,79,39,395,,,,,
IVORY,8,52,72,36,20,180,,,,,
MID GREY,8,57,74,37,17,185,,,,,
PEACOCK,8,54,74,37,20,185,,,,,
NAVY,8,58,78,39,20,195,,,,,
FAWN,8,44,58,29,14,145,,,,,
RED(HALF),8,29,38,19,9,95,,,,,
ROYAL(HALF),8,29,38,19,9,95,,,,,
Total,,442,590,295,148,1475,,,,,
,,,,,,,,,,,
,,,,,,,,,,,
Cutting Matrix — Lot 11398,,,,,,,,,,,
Lot Number:,11398,Style:,COLLAR + THOKA,,,,,,,,
Fabric:,POLISTER,Garment Type:,T-SHIRT,,,,,,,,
,,,,,,,,,,,
Color,Cutting Table,M,L,XL,2XL,Total Pcs,,,,,
BLACK,11,73,146,73,73,365,,,,,
ROYAL,11,37,74,37,37,185,,,,,
SKY,,0,0,0,0,0,,,,,
WHITE,11,37,74,37,37,185,,,,,
BEIGE,11,35,70,35,35,175,,,,,
NAVY,11,36,72,36,36,180,,,,,
B GREEN,11,36,72,36,36,180,,,,,
L GREY,11,73,146,73,73,365,,,,,
Total,,327,654,327,327,1635,,,,,
,,,,,,,,,,,
,,,,,,,,,,,
Cutting Matrix — Lot 11340,,,,,,,,,,,
Lot Number:,11340,Style:,FULL ZIPPER HOOD,,,,,,,,
Fabric:,M H IMPORTED,Garment Type:,T-SHIRT,,,,,,,,
,,,,,,,,,,,
Color,Cutting Table,M,L,XL,XXL,Total Pcs,,,,,
BLACK (L GREEN),11,12,12,12,12,48,,,,,
BLACK (RUST),11,12,12,12,12,48,,,,,
B GREEN (OFF WHITE),11,12,12,12,12,48,,,,,
COFFEE (CEMENT),11,12,12,12,12,48,,,,,
RUST (OFF WHITE),11,12,12,12,12,48,,,,,
Total,,60,60,60,60,240,,,,,
,,,,,,,,,,,
,,,,,,,,,,,
Cutting Matrix — Lot 62017,,,,,,,,,,,
Lot Number:,62017,Style:,dropshoulder,,,,,,,,
Fabric:,COTTON LYCRA,Garment Type:,T-SHIRT R/N,,,,,,,,
,,,,,,,,,,,
Color,Cutting Table,S,M,L,XL,Total Pcs,,,,,
BLACK,7,18,36,18,18,90,,,,,
WHITE,0,0,0,0,0,0,,,,,
SURF,11,16,32,16,16,80,,,,,
RANI,7,19,38,19,19,95,,,,,
OFF WHITE,7,16,34,17,17,84,,,,,
15%,7,15,30,15,15,75,,,,,
CREAM,7,16,32,16,16,80,,,,,
Total,,100,202,101,101,504,,,,,
,,,,,,,,,,,
,,,,,,,,,,,
Cutting Matrix — Lot 62029,,,,,,,,,,,
Lot Number:,62029,Style:,,,,,,,,,
Fabric:,UK LYCRA,Garment Type:,LOWER,,,,,,,,
,,,,,,,,,,,
Color,Cutting Table,M,L,XL,XXL,Total Pcs,,,,,
BLACK,2,83,112,56,29,280,,,,,
IVORY,2,55,74,37,19,185,,,,,
SILVER,2,53,68,34,15,170,,,,,
OLIVE,2,43,58,29,15,145,,,,,
NAVY,2,39,54,27,15,135,,,,,
COFFEE,2,44,58,28,15,145,,,,,
ICEBLUE(HALF),2,28,36,18,8,90,,,,,
Total,,345,460,229,116,1150,,,,,
,,,,,,,,,,,
,,,,,,,,,,,
Cutting Matrix — Lot 11411,,,,,,,,,,,
Lot Number:,11411,Style:,DROPSHOULDER ROUND NECK,,,,,,,,
Fabric:,HEAVY COTTON,Garment Type:,T-SHIRT,,,,,,,,
,,,,,,,,,,,
Color,Cutting Table,M,L,XL,2XL,Total Pcs,,,,,
15%,6,28,56,28,28,140,,,,,
OFF WHITE,6,29,58,29,29,145,,,,,
BLACK,6,62,124,62,62,310,,,,,
RED,6,25,50,25,25,125,,,,,
N GREEN,6,28,56,28,28,140,,,,,
SURF,6,29,58,29,29,145,,,,,
CREAM,6,31,62,31,31,155,,,,,
Total,,232,464,232,232,1160,,,,,
,,,,,,,,,,,
,,,,,,,,,,,
Cutting Matrix — Lot 62036,,,,,,,,,,,
Lot Number:,62036,Style:,,,,,,,,,
Fabric:,UK LYCRA,Garment Type:,LOWER,,,,,,,,
,,,,,,,,,,,
Color,Cutting Table,M,L,XL,XXL,Total Pcs,,,,,
BLACK,1,107,140,70,33,350,,,,,
IVORY,1,42,56,28,14,140,,,,,
SILVER,1,56,74,37,18,185,,,,,
OLIVE,1,50,64,32,14,160,,,,,
NAVY,1,56,74,37,18,185,,,,,
COFFEE,1,47,66,33,19,165,,,,,
ICEBLUE(HALF),1,29,38,19,9,95,,,,,
Total,,387,512,256,125,1280,,,,,
,,,,,,,,,,,
,,,,,,,,,,,
Cutting Matrix — Lot 62025,,,,,,,,,,,
Lot Number:,62025,Style:,,,,,,,,,
Fabric:,UK LYCRA,Garment Type:,LOWER,,,,,,,,
,,,,,,,,,,,
Color,Cutting Table,M,L,XL,XXL,Total Pcs,,,,,
BLACK,1,116,154,77,38,385,,,,,
IVORY,1,59,74,37,15,185,,,,,
SILVER,1,48,66,33,18,165,,,,,
OLIVE,1,56,74,37,18,185,,,,,
NAVY,1,52,70,35,18,175,,,,,
COFFEE,1,63,82,41,19,205,,,,,
ICEBLUE(HALF),1,27,36,18,9,90,,,,,
Total,,421,556,278,135,1390,,,,,
,,,,,,,,,,,
,,,,,,,,,,,
Cutting Matrix — Lot 62028,,,,,,,,,,,
Lot Number:,62028,Style:,,,,,,,,,
Fabric:,UK LYCRA,Garment Type:,LOWER,,,,,,,,
,,,,,,,,,,,
Color,Cutting Table,M,L,XL,XXL,Total Pcs,,,,,
BLACK,8,103,136,68,33,340,,,,,
IVORY,8,51,64,32,13,160,,,,,
MID GREY,8,56,74,37,18,185,,,,,
PEACOCK,8,57,76,38,19,190,,,,,
NAVY,8,59,78,39,19,195,,,,,
FAWN,8,49,64,32,15,160,,,,,
RED(HALF),8,31,40,20,9,100,,,,,
ROYAL(HALF),8,31,40,20,9,100,,,,,
Total,,437,572,286,135,1430,,,,,
,,,,,,,,,,,
,,,,,,,,,,,
Cutting Matrix — Lot 62037,,,,,,,,,,,
Lot Number:,62037,Style:,,,,,,,,,
Fabric:,UK LYCRA,Garment Type:,LOWER,,,,,,,,
,,,,,,,,,,,
Color,Cutting Table,M,L,XL,XXL,Total Pcs,,,,,
BLACK,9,88,116,58,28,290,,,,,
IVORY,9,58,76,38,18,190,,,,,
DGREY,9,55,74,37,19,185,,,,,
SAGE,9,58,76,38,18,190,,,,,
NAVY,9,58,76,38,18,190,,,,,
LIGHT BEIGE,9,52,70,35,18,175,,,,,
RED(HALF),9,28,38,19,10,95,,,,,
ROYAL(HALF),9,28,38,19,10,95,,,,,
Total,,425,564,282,139,1410,,,,,
,,,,,,,,,,,
,,,,,,,,,,,
Cutting Matrix — Lot 11413,,,,,,,,,,,
Lot Number:,11413,Style:,FULL ZIPPER COLLAR,,,,,,,,
Fabric:,MASS  POLISTER,Garment Type:,NIKKER,,,,,,,,
,,,,,,,,,,,
Color,Cutting Table,L,XL,2XL,3XL,Total Pcs,,,,,
WHITE,2,30,30,30,30,120,,,,,
ORANGE,2,30,30,30,30,120,,,,,
ROYAL,2,30,30,30,30,120,,,,,
NAVY,2,30,30,30,30,120,,,,,
BLACK,2,60,60,60,60,240,,,,,
L GREY,2,30,30,30,30,120,,,,,
FIROZY,2,30,30,30,30,120,,,,,
OLIVE,2,30,30,30,30,120,,,,,
Total,,270,270,270,270,1080,,,,,
,,,,,,,,,,,
,,,,,,,,,,,
Cutting Matrix — Lot 76011,,,,,,,,,,,
Lot Number:,76011,Style:,shirt full baju,,,,,,,,
Fabric:,BERRY BLAST,Garment Type:,SHIRT,,,,,,,,
,,,,,,,,,,,
Color,Cutting Table,M,L,XL,2XL,Total Pcs,,,,,
BLACK (WHITE),1,30,60,30,30,150,,,,,
SKY (WHITE),1,15,30,15,15,75,,,,,
NAVY (WHITE),1,30,60,30,30,150,,,,,
B GREEN (YELLOW),1,30,60,30,30,150,,,,,
YELLOW (B GREEN),1,30,60,30,30,150,,,,,
Total,,135,270,135,135,675,,,,,
,,,,,,,,,,,
,,,,,,,,,,,
Cutting Matrix — Lot 62016,,,,,,,,,,,
Lot Number:,62016,Style:,t shirt  R/n,,,,,,,,
Fabric:,LOOPER LYCRA,Garment Type:,T-SHIRT R/N,,,,,,,,
,,,,,,,,,,,
Color,Cutting Table,S,M,L,XL,Total Pcs,,,,,
BLACK,5,18,36,18,18,90,,,,,
WHITE,5,16,31,15,15,77,,,,,
OFF WHITE,5,16,32,16,16,80,,,,,
Total,,50,99,49,49,247,,,,,
,,,,,,,,,,,
,,,,,,,,,,,
Cutting Matrix — Lot 11427,,,,,,,,,,,
Lot Number:,11427,Style:,COLLAR + THOKA,,,,,,,,
Fabric:,POLISTER,Garment Type:,T-SHIRT,,,,,,,,
,,,,,,,,,,,
Color,Cutting Table,M,L,XL,2XL,Total Pcs,,,,,
BLACK,3,70,140,70,70,350,,,,,
L GREY,3,38,76,38,38,190,,,,,
WHITE,3,34,68,34,34,170,,,,,
B GREEN,3,36,72,36,36,180,,,,,
BEIGE,3,37,74,37,37,185,,,,,
NAVY,3,32,64,32,32,160,,,,,
ROYAL,3,35,70,35,35,175,,,,,
D GREY,3,36,72,36,36,180,,,,,
Total,,318,636,318,318,1590,,,,,
,,,,,,,,,,,
,,,,,,,,,,,
Cutting Matrix — Lot 62033,,,,,,,,,,,
Lot Number:,62033,Style:,,,,,,,,,
Fabric:,UK LYCRA,Garment Type:,LOWER,,,,,,,,
,,,,,,,,,,,
Color,Cutting Table,M,L,XL,XXL,Total Pcs,,,,,
BLACK,12,95,122,61,27,305,,,,,
IVORY,12,58,76,38,18,190,,,,,
DGREY,12,55,70,35,15,175,,,,,
SAGE,12,59,78,39,19,195,,,,,
NAVY,12,49,60,30,11,150,,,,,
LIGHT BEIGE,12,57,76,38,19,190,,,,,
RED(HALF),12,28,36,18,8,90,,,,,
ROYAL(HALF),12,29,38,19,9,95,,,,,
Total,,430,556,278,126,1390,,,,,
,,,,,,,,,,,
,,,,,,,,,,,
Cutting Matrix — Lot 62026,,,,,,,,,,,
Lot Number:,62026,Style:,,,,,,,,,
Fabric:,UK LYCRA,Garment Type:,LOWER,,,,,,,,
,,,,,,,,,,,
Color,Cutting Table,M,L,XL,XXL,Total Pcs,,,,,
BLACK,8,90,118,59,28,295,,,,,
IVORY,8,56,74,37,18,185,,,,,
DGREY,8,50,70,35,20,175,,,,,
SAGE,8,59,78,39,19,195,,,,,
NAVY,8,56,74,37,18,185,,,,,
LIGHT BEIGE,8,59,78,39,19,195,,,,,
RED(HALF),8,32,40,20,8,100,,,,,
ROYAL(HALF),8,24,30,15,6,75,,,,,
Total,,426,562,281,136,1405,,,,,
,,,,,,,,,,,
,,,,,,,,,,,
Cutting Matrix — Lot 11415,,,,,,,,,,,
Lot Number:,11415,Style:,nikkar,,,,,,,,
Fabric:,JORDAN RIB,Garment Type:,NIKKER,,,,,,,,
,,,,,,,,,,,
Color,Cutting Table,L,XL,2XL,3XL,Total Pcs,,,,,
BLACK,2,22,22,22,22,88,,,,,
FAWN,2,22,22,22,22,88,,,,,
M GREY,2,22,22,22,22,88,,,,,
ORANGE,2,22,22,22,22,88,,,,,
SKY,2,22,22,22,22,88,,,,,
NAVY,2,22,22,22,22,88,,,,,
Total,,132,132,132,132,528,,,,,
,,,,,,,,,,,
Cutting Matrix — Lot 11394,,,,,,,,,,,
Lot Number:,11394,Style:,COLLAR + THOKA,,,,,,,,
Fabric:,NON LYCRA MATTY,Garment Type:,T-SHIRT,,,,,,,,
,,,,,,,,,,,
Color,Cutting Table,M,L,XL,XXL,4XL,5XL,XXXL,Total Pcs,,
BLACK,3,49,98,49,49,33,33,33,344,,
CK TONE,3,49,98,49,49,33,33,33,344,,
D GREY,3,49,98,49,49,33,33,33,344,,
Total,,147,294,147,147,99,99,99,1032,,
,,,,,,,,,,,
,,,,,,,,,,,
Cutting Matrix — Lot 11395,,,,,,,,,,,
Lot Number:,11395,Style:,COLLER HALF ZIPPER,,,,,,,,
Fabric:,NON LYCRA MATTY,Garment Type:,T-SHIRT,,,,,,,,
,,,,,,,,,,,
Color,Cutting Table,M,L,XL,XXL,4XL,5XL,XXXL,Total Pcs,,
BLACK,3,49,98,49,49,33,33,33,344,,
WHITE,3,49,98,49,49,33,33,33,344,,
NAVY,0,0,0,0,0,0,0,0,0,,
RED,6,49,98,49,49,33,33,33,344,,
Total,,147,294,147,147,99,99,99,1032,,
,,,,,,,,,,,
Cutting Matrix — Lot 62034,,,,,,,,,,,
Lot Number:,62034,Style:,,,,,,,,,
Fabric:,UK LYCRA,Garment Type:,LOWER,,,,,,,,
,,,,,,,,,,,
Color,Cutting Table,M,L,XL,XXL,Total Pcs,,,,,
BLACK,9,89,118,59,29,295,,,,,
IVORY,9,57,78,39,21,195,,,,,
STONE,9,48,66,33,18,165,,,,,
MEHNDI,9,61,80,40,19,200,,,,,
NAVY,9,55,72,36,17,180,,,,,
COFFEE,9,42,56,28,14,140,,,,,
SURF(HALF),9,28,38,19,10,95,,,,,
Total,,380,508,254,128,1270,,,,,
,,,,,,,,,,,
,,,,,,,,,,,
Cutting Matrix — Lot 62038,,,,,,,,,,,
Lot Number:,62038,Style:,,,,,,,,,
Fabric:,UK LYCRA,Garment Type:,LOWER,,,,,,,,
,,,,,,,,,,,
Color,Cutting Table,M,L,XL,XXL,Total Pcs,,,,,
BLACK,8,116,154,77,38,385,,,,,
IVORY,8,56,74,37,18,185,,,,,
STONE,8,55,72,36,17,180,,,,,
MEHNDI,8,53,68,34,15,170,,,,,
NAVY,8,44,58,29,14,145,,,,,
COFFEE,8,44,58,29,14,145,,,,,
SURF(HALF),8,31,40,20,9,100,,,,,
Total,,399,524,262,125,1310,,,,,
,,,,,,,,,,,
,,,,,,,,,,,
Cutting Matrix — Lot 11396,,,,,,,,,,,
Lot Number:,11396,Style:,COLLER HALF ZIPPER,,,,,,,,
Fabric:,MATTY LYCRA,Garment Type:,T-SHIRT,,,,,,,,
,,,,,,,,,,,
Color,Cutting Table,M,L,XL,XXL,4XL,5XL,XXXL,Total Pcs,,
BLACK,7,98,196,98,98,64,64,64,682,,
D GREY,7,49,49,98,49,32,32,32,341,,
OFF WHITE,7,49,49,98,49,32,32,32,341,,
OLIVE,7,49,98,49,49,32,32,32,341,,
RED,7,49,98,49,49,32,32,32,341,,
Total,,294,490,392,294,192,192,192,2046,,
,,,,,,,,,,,
,,,,,,,,,,,
Cutting Matrix — Lot 11412,,,,,,,,,,,
Lot Number:,11412,Style:,nikkar,,,,,,,,
Fabric:,UK LYCRA,Garment Type:,NIKKER,,,,,,,,
,,,,,,,,,,,
Color,Cutting Table,L,XL,2XL,3XL,Total Pcs,,,,,
BLACK,3,30,30,30,30,120,,,,,
SKY,3,30,30,30,30,120,,,,,
PK GREEN,3,30,30,30,30,120,,,,,
OPFF WHITE,3,30,30,30,30,120,,,,,
NAVY,3,30,30,30,30,120,,,,,
ORANGE,3,30,30,30,30,120,,,,,
Total,,180,180,180,180,720,,,,,
,,,,,,,,,,,
,,,,,,,,,,,
Cutting Matrix — Lot 11405,,,,,,,,,,,
Lot Number:,11405,Style:,ROUNDNECK,,,,,,,,
Fabric:,TIE PRINT,Garment Type:,T-SHIRT,,,,,,,,
,,,,,,,,,,,
Color,Cutting Table,M,L,XL,2XL,Total Pcs,,,,,
BEIGE,4,31,62,31,31,155,,,,,
COFFEE,4,24,48,24,24,120,,,,,
GREY,4,36,72,36,36,180,,,,,
L GREY,4,36,72,36,36,180,,,,,
Total,,127,254,127,127,635,,,,,
,,,,,,,,,,,
,,,,,,,,,,,
Cutting Matrix — Lot 11390,,,,,,,,,,,
Lot Number:,11390,Style:,COLLAR + THOKA,,,,,,,,
Fabric:,50,Garment Type:,T-SHIRT,,,,,,,,
,,,,,,,,,,,
Color,Cutting Table,M,L,XL,XXL,4XL,5XL,XXXL,Total Pcs,,
BLACK,1,49,98,49,49,32,32,32,341,,
NAVY,1,24,48,24,24,16,16,16,168,,
BLUE,1,49,98,49,49,32,32,32,341,,
WINE,1,49,98,49,49,32,32,32,341,,
Total,,171,342,171,171,112,112,112,1191,,
,,,,,,,,,,,
,,,,,,,,,,,
Cutting Matrix — Lot 11414,,,,,,,,,,,
Lot Number:,11414,Style:,nikkar,,,,,,,,
Fabric:,JORDAN RIB,Garment Type:,NIKKER,,,,,,,,
,,,,,,,,,,,
Color,Cutting Table,L,XL,2XL,3XL,Total Pcs,,,,,
WHITE,1,32,32,32,32,128,,,,,
ORANGE,1,32,32,32,32,128,,,,,
ROYAL,1,30,30,30,30,120,,,,,
NAVY,1,31,31,31,31,124,,,,,
BLACK,1,31,31,31,31,124,,,,,
L GREY,1,34,34,34,34,136,,,,,
FIROZY,1,31,31,31,31,124,,,,,
OLIVE,1,31,31,31,31,124,,,,,
Total,,252,252,252,252,1008,,,,,
,,,,,,,,,,,
,,,,,,,,,,,
Cutting Matrix — Lot 11416,,,,,,,,,,,
Lot Number:,11416,Style:,nikkar,,,,,,,,
Fabric:,JORDAN RIB,Garment Type:,NIKKER,,,,,,,,
,,,,,,,,,,,
Color,Cutting Table,L,XL,2XL,3XL,Total Pcs,,,,,
BLACK,1,22,22,22,22,88,,,,,
FAWN,0,0,0,0,0,0,,,,,
M GREY,0,0,0,0,0,0,,,,,
ORANGE,0,0,0,0,0,0,,,,,
SKY,0,0,0,0,0,0,,,,,
WHITE,1,23,23,23,23,92,,,,,
RED,1,23,23,23,23,92,,,,,
NAVY,1,23,23,23,23,92,,,,,
ROYAL,1,24,24,24,24,96,,,,,
B.GREEN,1,23,23,23,23,92,,,,,
Total,,138,138,138,138,552,,,,,
,,,,,,,,,,,
,,,,,,,,,,,
Cutting Matrix — Lot 11433,,,,,,,,,,,
Lot Number:,11433,Style:,ROUNDNECK,,,,,,,,
Fabric:,TERRY PRINT,Garment Type:,T-SHIRT,,,,,,,,
,,,,,,,,,,,
Color,Cutting Table,M,L,XL,2XL,Total Pcs,,,,,
GREY,1,33,66,33,33,165,,,,,
BUTTER,1,33,66,33,33,165,,,,,
KHAKHI,1,27,54,27,27,135,,,,,
PISTA,1,35,70,35,35,175,,,,,
Total,,128,256,128,128,640,,,,,
,,,,,,,,,,,
,,,,,,,,,,,
Cutting Matrix — Lot 11432,,,,,,,,,,,
Lot Number:,11432,Style:,ROUNDNECK,,,,,,,,
Fabric:,LYCRA SINKER,Garment Type:,T-SHIRT,,,,,,,,
,,,,,,,,,,,
Color,Cutting Table,M,L,XL,2XL,Total Pcs,,,,,
BLACK,2,75,150,75,75,375,,,,,
OFF WHITE,2,62,124,62,62,310,,,,,
NEON GREEN,2,30,60,30,30,150,,,,,
BLUE,2,32,64,32,32,160,,,,,
NEON YELLOW,2,34,68,34,34,170,,,,,
Total,,233,466,233,233,1165,,,,,
,,,,,,,,,,,
,,,,,,,,,,,
Cutting Matrix — Lot 11408,,,,,,,,,,,
Lot Number:,11408,Style:,COLLAR + THOKA,,,,,,,,
Fabric:,POLISTER,Garment Type:,T-SHIRT,,,,,,,,
,,,,,,,,,,,
Color,Cutting Table,M,L,XL,2XL,Total Pcs,,,,,
OFF WHITE (COLLER-ROYAL BONE-RUST),6,40,80,40,40,200,,,,,
BLACK (COLLER-B GREEN BONE -WHITE),6,36,72,36,36,180,,,,,
ROYAL (COLLER-WHITE BONE-RUST),6,34,68,34,34,170,,,,,
NAVY (COLLER-RUST BONE-WHITE),6,34,68,34,34,170,,,,,
L GREY (COLLER- DGREY BONE-BLACK),6,38,76,38,38,190,,,,,
Total,,182,364,182,182,910,,,,,
,,,,,,,,,,,
,,,,,,,,,,,
Cutting Matrix — Lot 61066,,,,,,,,,,,
Lot Number:,61066,Style:,LOWER,,,,,,,,
Fabric:,UK LYCRA,Garment Type:,LOWER,,,,,,,,
,,,,,,,,,,,
Color,Cutting Table,M,L,XL,XXL,Total Pcs,,,,,
BLACK,9,62,62,31,31,186,,,,,
SILVER,9,32,32,16,16,96,,,,,
Z GREY,9,30,30,15,15,90,,,,,
IVORY,9,30,30,15,15,90,,,,,
NAVY,9,24,24,12,12,72,,,,,
OLIVE,9,30,30,15,15,90,,,,,
STONE,9,32,32,16,16,96,,,,,
Total,,240,240,120,120,720,,,,,
,,,,,,,,,,,
,,,,,,,,,,,
Cutting Matrix — Lot 62027,,,,,,,,,,,
Lot Number:,62027,Style:,,,,,,,,,
Fabric:,UK LYCRA,Garment Type:,LOWER,,,,,,,,
,,,,,,,,,,,
Color,Cutting Table,M,L,XL,XXL,Total Pcs,,,,,
BLACK,12,88,116,58,28,290,,,,,
IVORY,12,55,72,36,17,180,,,,,
STONE,12,51,68,34,17,170,,,,,
MEHNDI,12,56,74,37,18,185,,,,,
NAVY,12,42,56,28,14,140,,,,,
COFFEE,12,42,56,28,14,140,,,,,
SURF(HALF),12,30,40,20,10,100,,,,,
Total,,364,482,241,118,1205,,,,,
,,,,,,,,,,,
,,,,,,,,,,,
Cutting Matrix — Lot 61069,,,,,,,,,,,
Lot Number:,61069,Style:,BOOT CUT,,,,,,,,
Fabric:,UK LYCRA,Garment Type:,LOWER,,,,,,,,
,,,,,,,,,,,
Color,Cutting Table,M,L,XL,2XL,Total Pcs,,,,,
BLACK,8,52,52,26,26,156,,,,,
NAVY,8,22,22,11,11,66,,,,,
IVORY,8,28,28,14,14,84,,,,,
SILVER,8,32,32,16,16,96,,,,,
CARGO OLIVE,8,30,30,15,15,90,,,,,
Total,,164,164,82,82,492,,,,,
,,,,,,,,,,,
,,,,,,,,,,,
Cutting Matrix — Lot 11431,,,,,,,,,,,
Lot Number:,11431,Style:,18-19 MOHRI,,,,,,,,
Fabric:,UK LYCRA,Garment Type:,LOWER,,,,,,,,
,,,,,,,,,,,
Color,Cutting Table,M,L,XL,2XL,Total Pcs,,,,,
YELLOW (BON-R GREEN),0,0,0,0,0,0,,,,,
R GREEN (BON-YELLOW),1,11,22,11,11,55,,,,,
RED (BON-WHITE),1,14,28,14,14,70,,,,,
ROYAL (BON-WHITE),1,19,38,19,19,95,,,,,
ICE BLUE (BON-YELLOW),1,19,38,19,19,95,,,,,
FIROZY (BON-WHITE),1,19,38,19,19,95,,,,,
WHITE (BON-R GREEN),1,18,36,18,18,90,,,,,
BLACK (BON-YELLOW),1,14,28,14,14,70,,,,,
BLACK (BON-RED),1,15,30,15,15,75,,,,,
BLACK (BON-ORANGE),1,15,30,15,15,75,,,,,
Z GREY (BON-TOM GREEN),1,20,40,20,20,100,,,,,
ORANGE,1,16,32,16,16,80,,,,,
GOLD,1,14,28,14,14,70,,,,,
Total,,194,388,194,194,970,,,,,
,,,,,,,,,,,
Cutting Matrix — Lot 68003,,,,,,,,,,,
Lot Number:,68003,Style:,ROUNDNECK,,,,,,,,
Fabric:,LYCRA SINKER,Garment Type:,T-SHIRT R/N,,,,,,,,
,,,,,,,,,,,
Color,Cutting Table,M,L,XL,2XL,Total Pcs,,,,,
BLACK,2,16,32,16,16,80,,,,,
OFF WHITE,2,16,32,16,16,80,,,,,
B GREEN,2,17,34,17,17,85,,,,,
PINK,0,0,0,0,0,0,,,,,
COFFEE,2,16,32,16,16,80,,,,,
CAMEL,2,16,32,16,16,80,,,,,
Total,,81,162,81,81,405,,,,,
,,,,,,,,,,,
Cutting Matrix — Lot 68001,,,,,,,,,,,
Lot Number:,68001,Style:,DROPSHOULDER ROUND NECK,,,,,,,,
Fabric:,LYCRA,Garment Type:,DROPSHOULDER,,,,,,,,
,,,,,,,,,,,
Color,Cutting Table,M,L,XL,2XL,Total Pcs,,,,,
BLACK,2,16,32,16,16,80,,,,,
OFF  WHITE,2,15,30,15,15,75,,,,,
B. GREEN,2,17,34,17,17,85,,,,,
COFFEE,2,17,34,17,17,85,,,,,
CAMEL,2,17,34,17,17,85,,,,,
Total,,82,164,82,82,410,,,,,
,,,,,,,,,,,
,,,,,,,,,,,
Cutting Matrix — Lot 11435,,,,,,,,,,,
Lot Number:,11435,Style:,REGULAR SLEEVE,,,,,,,,
Fabric:,SINKER LYCRA,Garment Type:,T-SHIRT R/N,,,,,,,,
,,,,,,,,,,,
Color,Cutting Table,M,L,XL,2XL,Total Pcs,,,,,
BLACK DOUBLE,4,63,126,63,63,315,,,,,
OFF WHITE DOUBLE,4,59,118,59,59,295,,,,,
RED,4,34,68,34,34,170,,,,,
ROYAL,4,27,54,27,27,135,,,,,
15%,4,33,66,33,33,165,,,,,
BLUE,4,28,56,28,28,140,,,,,
Total,,244,488,244,244,1220,,,,,
,,,,,,,,,,,
,,,,,,,,,,,
Cutting Matrix — Lot 11312,,,,,,,,,,,
Lot Number:,11312,Style:,COLLAR + THOKA,,,,,,,,
Fabric:,NON LYCRA MATTY,Garment Type:,T-SHIRT,,,,,,,,
,,,,,,,,,,,
Color,Cutting Table,M,L,XL,XXL,Total Pcs,,,,,
BLACK,3,52,104,52,52,260,,,,,
OFF EWHITE,3,26,52,26,26,130,,,,,
OFF WHITE,3,26,52,26,26,130,,,,,
RUST,0,0,0,0,0,0,,,,,
SURF,0,0,0,0,0,0,,,,,
L/SKY,3,25,50,25,25,125,,,,,
B.GREEN,3,25,50,25,25,125,,,,,
Total,,154,308,154,154,770,,,,,
,,,,,,,,,,,
Cutting Matrix — Lot 11434,,,,,,,,,,,
Lot Number:,11434,Style:,ROUNDNECK,,,,,,,,
Fabric:,LYCRA SINKER,Garment Type:,T-SHIRT,,,,,,,,
,,,,,,,,,,,
Color,Cutting Table,M,L,XL,2XL,Total Pcs,,,,,
BLACK,3,60,120,60,60,300,,,,,
OFF WHITE,3,60,120,60,60,300,,,,,
15%,3,30,60,30,30,150,,,,,
RUST,3,30,60,30,30,150,,,,,
BLUE,3,30,60,30,30,150,,,,,
NEON GREEN,3,30,60,30,30,150,,,,,
Total,,240,480,240,240,1200,,,,,
,,,,,,,,,,,
,,,,,,,,,,,
Cutting Matrix — Lot 61070,,,,,,,,,,,
Lot Number:,61070,Style:,BOOT CUT,,,,,,,,
Fabric:,UK LYCRA,Garment Type:,LOWER,,,,,,,,
,,,,,,,,,,,
Color,Cutting Table,M,L,XL,2XL,Total Pcs,,,,,
BLACK,8,44,44,22,22,132,,,,,
NAVY,8,22,22,11,11,66,,,,,
IVORY,8,26,26,13,13,78,,,,,
SILVER,8,32,32,16,16,96,,,,,
CARGO OLIVE,8,32,32,16,16,96,,,,,
Total,,156,156,78,78,468,,,,,
,,,,,,,,,,,
,,,,,,,,,,,
Cutting Matrix — Lot 61063,,,,,,,,,,,
Lot Number:,61063,Style:,LOWER,,,,,,,,
Fabric:,UK LYCRA,Garment Type:,LOWER,,,,,,,,
,,,,,,,,,,,
Color,Cutting Table,M,L,XL,XXL,Total Pcs,,,,,
BLACK (BLACK),8,30,30,15,15,90,,,,,
BLACK (BEIGE),8,30,30,15,15,90,,,,,
SILVER (GREY),8,32,32,16,16,96,,,,,
Z GREY (BEIGE),0,0,0,0,0,0,,,,,
NAVY (NAVY),8,30,30,15,15,90,,,,,
D GREY (D GREY),8,28,28,14,14,84,,,,,
IVORY,8,26,26,13,13,78,,,,,
Total,,176,176,88,88,528,,,,,
,,,,,,,,,,,
,,,,,,,,,,,
Cutting Matrix — Lot 61064,,,,,,,,,,,
Lot Number:,61064,Style:,LOWER,,,,,,,,
Fabric:,UK LYCRA,Garment Type:,LOWER,,,,,,,,
,,,,,,,,,,,
Color,Cutting Table,M,L,XL,XXL,Total Pcs,,,,,
BLACK (BLACK),8,30,30,15,15,90,,,,,
BLACK (BEIGE),8,30,30,15,15,90,,,,,
SILVER (GREY),8,26,26,13,13,78,,,,,
Z GREY (BEIGE),0,0,0,0,0,0,,,,,
NAVY (NAVY),8,28,28,14,14,84,,,,,
D GREY (D GREY),8,22,22,11,11,66,,,,,
IVORY,8,30,30,15,15,90,,,,,
Total,,166,166,83,83,498,,,,,
,,,,,,,,,,,
,,,,,,,,,,,
Cutting Matrix — Lot 11426,,,,,,,,,,,
Lot Number:,11426,Style:,nikker,,,,,,,,
Fabric:,TYE DIE PRINT,Garment Type:,NIKKER,,,,,,,,
,,,,,,,,,,,
Color,Cutting Table,L,XL,2XL,3XL,4XL,5XL,Total Pcs,,,
OLIVE,1,37,37,37,49,12,12,184,,,
COFEE,1,40,40,40,53,13,13,199,,,
BEIGE,1,38,38,38,50,12,12,188,,,
FOWN,1,40,40,40,53,13,13,199,,,
MEHANDI,1,39,39,39,52,13,13,195,,,
CAMEL,1,35,35,35,48,11,11,175,,,
Total,,229,229,229,305,74,74,1140,,,
,,,,,,,,,,,
,,,,,,,,,,,
Cutting Matrix — Lot 11419,,,,,,,,,,,
Lot Number:,11419,Style:,reversibel,,,,,,,,
Fabric:,MESH JALI,Garment Type:,LOWER,,,,,,,,
,,,,,,,,,,,
Color,Cutting Table,M,L,XL,2XL,Total Pcs,,,,,
BLACK,3,60,120,60,60,300,,,,,
NAVY,3,30,60,30,30,150,,,,,
L GREY,3,30,60,30,30,150,,,,,
M GREY,3,30,60,30,30,150,,,,,
Total,,150,300,150,150,750,,,,,
,,,,,,,,,,,
,,,,,,,,,,,
Cutting Matrix — Lot 61067,,,,,,,,,,,
Lot Number:,61067,Style:,lower,,,,,,,,
Fabric:,UK LYCRA,Garment Type:,LOWER,,,,,,,,
,,,,,,,,,,,
Color,Cutting Table,M,L,XL,2XL,Total Pcs,,,,,
RED,12,14,14,7,7,42,,,,,
ROYAL,12,14,14,7,7,42,,,,,
BLACK,12,26,26,13,13,78,,,,,
WHITE,12,34,34,17,17,102,,,,,
L GREY,12,22,22,11,11,66,,,,,
Total,,110,110,55,55,330,,,,,
,,,,,,,,,,,
,,,,,,,,,,,
Cutting Matrix — Lot 65005,,,,,,,,,,,
Lot Number:,65005,Style:,LOWER,,,,,,,,
Fabric:,UK LYCRA,Garment Type:,LOWER,,,,,,,,
,,,,,,,,,,,
Color,Cutting Table,M,L,XL,2XL,Total Pcs,,,,,
BLACK 1,9,19,19,19,19,76,,,,,
BLACK 2,9,19,19,19,19,76,,,,,
NAVY,9,24,24,24,24,96,,,,,
L GREY,9,19,19,19,19,76,,,,,
D GREY,9,24,24,24,24,96,,,,,
SILVER,9,21,21,21,21,84,,,,,
STONE,9,24,24,24,24,96,,,,,
ROYAL (HAIF),9,12,12,12,12,48,,,,,
RED (HALF),9,12,12,12,12,48,,,,,
Total,,174,174,174,174,696,,,,,
,,,,,,,,,,,
,,,,,,,,,,,
Cutting Matrix — Lot 65004,,,,,,,,,,,
Lot Number:,65004,Style:,LOWER,,,,,,,,
Fabric:,UK LYCRA,Garment Type:,LOWER,,,,,,,,
,,,,,,,,,,,
Color,Cutting Table,M,L,XL,2XL,Total Pcs,,,,,
BLACK 1,9,20,20,20,20,80,,,,,
BLACK 2,9,18,18,18,18,72,,,,,
NAVY,9,18,18,18,18,72,,,,,
IVORY,9,24,24,24,24,96,,,,,
D GREY,0,0,0,0,0,0,,,,,
SILVER,0,0,0,0,0,0,,,,,
L BEIGE,9,18,18,18,18,72,,,,,
ROYAL (HAIF),9,12,12,12,12,48,,,,,
RED (HALF),9,12,12,12,12,48,,,,,
OLIVE,9,18,18,18,18,72,,,,,
Total,,140,140,140,140,560,,,,,
,,,,,,,,,,,
,,,,,,,,,,,
Cutting Matrix — Lot 61073,,,,,,,,,,,
Lot Number:,61073,Style:,REVERSABLE LOWER,,,,,,,,
Fabric:,POLISTER JAALI (MESH),Garment Type:,LOWER,,,,,,,,
,,,,,,,,,,,
Color,Cutting Table,M,L,XL,2XL,Total Pcs,,,,,
BLACK,1,60,60,30,30,180,,,,,
NAVY,1,30,30,15,15,90,,,,,
GREY,1,30,30,15,15,90,,,,,
RED,1,30,30,15,15,90,,,,,
ROYAL,1,30,30,15,15,90,,,,,
BEIGE,1,30,30,15,15,90,,,,,
WHITE,1,30,30,15,15,90,,,,,
DARK GREY,1,30,30,15,15,90,,,,,
Total,,270,270,135,135,810,,,,,
,,,,,,,,,,,
,,,,,,,,,,,
Cutting Matrix — Lot 11407,,,,,,,,,,,
Lot Number:,11407,Style:,COLLAR + THOKA,,,,,,,,
Fabric:,POLISTER,Garment Type:,T-SHIRT,,,,,,,,
,,,,,,,,,,,
Color,Cutting Table,M,L,XL,2XL,Total Pcs,,,,,
BLACK (BAJU GULLA-GREEN),11,37,74,37,37,185,,,,,
OFF WHITE (BAJU GULLA-GREEN),11,37,74,37,37,185,,,,,
LIGHT GREY (BAJU GULLA-BLACK),11,37,74,37,37,185,,,,,
BLACK (BAJU GULLA-ROYAL),11,37,74,37,37,185,,,,,
D GREY (BAJU GULLA-L GREY),11,37,74,37,37,185,,,,,
Total,,185,370,185,185,925,,,,,
,,,,,,,,,,,
,,,,,,,,,,,
Cutting Matrix — Lot 65006,,,,,,,,,,,
Lot Number:,65006,Style:,LOWER,,,,,,,,
Fabric:,UK LYCRA,Garment Type:,LOWER,,,,,,,,
,,,,,,,,,,,
Color,Cutting Table,M,L,XL,2XL,Total Pcs,,,,,
BLACK 1,8,19,19,19,19,76,,,,,
BLACK 2,8,18,18,18,18,72,,,,,
NAVY,8,18,18,18,18,72,,,,,
IVORY,0,0,0,0,0,0,,,,,
D GREY,8,21,21,21,21,84,,,,,
SILVER,8,23,23,23,23,92,,,,,
COFFEE,8,18,18,18,18,72,,,,,
ROYAL (HAIF),8,10,10,10,10,40,,,,,
RED (HALF),8,12,12,12,12,48,,,,,
OLIVE,8,18,18,18,18,72,,,,,
Total,,157,157,157,157,628,,,,,
,,,,,,,,,,,
,,,,,,,,,,,
Cutting Matrix — Lot 65007,,,,,,,,,,,
Lot Number:,65007,Style:,LOWER,,,,,,,,
Fabric:,UK LYCRA,Garment Type:,LOWER,,,,,,,,
,,,,,,,,,,,
Color,Cutting Table,M,L,XL,2XL,Total Pcs,,,,,
BLACK 1,8,18,18,18,18,72,,,,,
BLACK 2,8,18,18,18,18,72,,,,,
NAVY,8,17,17,17,17,68,,,,,
Z GREY,0,0,0,0,0,0,,,,,
D GREY,0,0,0,0,0,0,,,,,
SILVER,8,24,24,24,24,96,,,,,
COFFEE,8,18,18,18,18,72,,,,,
ROYAL (HAIF),8,14,14,14,14,56,,,,,
RED (HALF),8,6,6,6,6,24,,,,,
OLIVE,8,19,19,19,19,76,,,,,
IVORY,8,22,22,22,22,88,,,,,
Total,,156,156,156,156,624,,,,,
,,,,,,,,,,,
,,,,,,,,,,,
Cutting Matrix — Lot 61074,,,,,,,,,,,
Lot Number:,61074,Style:,REVERSABLE LOWER,,,,,,,,
Fabric:,POLYSTER JALI (MESH),Garment Type:,LOWER,,,,,,,,
,,,,,,,,,,,
Color,Cutting Table,M,L,XL,XXL,Total Pcs,,,,,
BLACK,1,60,60,30,30,180,,,,,
NAVY,1,30,30,15,15,90,,,,,
GREY,1,30,30,15,15,90,,,,,
RED,1,30,30,15,15,90,,,,,
ROYAL,1,30,30,15,15,90,,,,,
BEIGE,1,30,30,15,15,90,,,,,
WHITE,1,30,30,15,15,90,,,,,
DARK GREY,1,30,30,15,15,90,,,,,
Total,,270,270,135,135,810,,,,,
,,,,,,,,,,,
,,,,,,,,,,,
Cutting Matrix — Lot 11385,,,,,,,,,,,
Lot Number:,11385,Style:,COLLAR + THOKA,,,,,,,,
Fabric:,NON LYCRA MATTY,Garment Type:,T-SHIRT,,,,,,,,
,,,,,,,,,,,
Color,Cutting Table,M,L,XL,XXL,Total Pcs,,,,,
BLACK,1,50,100,50,50,250,,,,,
WHITE,1,50,100,50,50,250,,,,,
Total,,100,200,100,100,500,,,,,
,,,,,,,,,,,
,,,,,,,,,,,
Cutting Matrix — Lot 11422,,,,,,,,,,,
Lot Number:,11422,Style:,lower,,,,,,,,
Fabric:,HARIS PRINT,Garment Type:,LOWER,,,,,,,,
,,,,,,,,,,,
Color,Cutting Table,M,L,XL,2XL,Total Pcs,,,,,
MILTARY,9,26,52,26,26,130,,,,,
IVORY,9,15,30,15,15,75,,,,,
GRAY,9,27,54,27,27,135,,,,,
OLIVE,9,15,30,15,15,75,,,,,
Total,,83,166,83,83,415,,,,,
,,,,,,,,,,,
,,,,,,,,,,,
Cutting Matrix — Lot 61076,,,,,,,,,,,
Lot Number:,61076,Style:,LOWER,,,,,,,,
Fabric:,UK LYCRA,Garment Type:,LOWER,,,,,,,,
,,,,,,,,,,,
Color,Cutting Table,M,L,XL,2XL,Total Pcs,,,,,
BLACK,12,48,48,24,24,144,,,,,
NAVY,12,24,24,12,12,72,,,,,
COFFEE,12,24,24,12,12,72,,,,,
L. BEIGE,12,24,24,12,12,72,,,,,
ICE BLUE,12,30,30,15,15,90,,,,,
FIROZY,12,34,34,17,17,102,,,,,
CARGO OLIVE,12,26,26,13,13,78,,,,,
IVORY,12,30,30,15,15,90,,,,,
STONE,12,30,30,15,15,90,,,,,
M. GREY,12,32,32,16,16,96,,,,,
Total,,302,302,151,151,906,,,,,
,,,,,,,,,,,
,,,,,,,,,,,
Cutting Matrix — Lot 11429,,,,,,,,,,,
Lot Number:,11429,Style:,18-19 MOHRI,,,,,,,,
Fabric:,UK LYCRA,Garment Type:,LOWER,,,,,,,,
,,,,,,,,,,,
Color,Cutting Table,M,L,XL,2XL,Total Pcs,,,,,
BLACK (GULLA-WHITE BON-ORANGE),8,16,32,16,16,80,,,,,
BLACK (GULLA-WHITE BON-RED),8,21,42,21,21,105,,,,,
RED (GULLA-WHITE BON-RED),8,15,30,15,15,75,,,,,
ROYAL (GULLA-WHITE BON-ROYAL),8,16,32,16,16,80,,,,,
ICE BLUE (GULLA-WHITE BON-YELLOW),0,0,0,0,,0,,,,,
R GREEN (GULLA-WHITE BON-R GREEN),8,16,32,16,16,80,,,,,
ORANGE (GULLA-WHITE BON-ORANGE),8,21,42,21,21,105,,,,,
FIROZY (GULLA-WHITE BON-FIROZY),8,20,40,20,20,100,,,,,
WHITE (GULLA-ICE BLUE BON-WHITE),8,19,38,19,19,95,,,,,
SKY,8,20,40,20,20,100,,,,,
Total,,164,328,164,164,820,,,,,
,,,,,,,,,,,
,,,,,,,,,,,
Cutting Matrix — Lot 62030,,,,,,,,,,,
Lot Number:,62030,Style:,normal pattern,,,,,,,,
Fabric:,LYCRA  SINKER,Garment Type:,T-SHIRT R/N,,,,,,,,
,,,,,,,,,,,
Color,Cutting Table,M,L,XL,XXL,Total Pcs,,,,,
BLACK,1,96,128,64,31,319,,,,,
WHITE,1,91,120,60,29,300,,,,,
rust,1,48,64,32,16,160,,,,,
N.YELLOW,1,48,64,32,16,160,,,,,
1%,1,51,68,34,17,170,,,,,
Total,,334,444,222,109,1109,,,,,
,,,,,,,,,,,
,,,,,,,,,,,
Cutting Matrix — Lot 62031,,,,,,,,,,,
Lot Number:,62031,Style:,normal pattern,,,,,,,,
Fabric:,LYCRA  SINKER,Garment Type:,T-SHIRT R/N,,,,,,,,
,,,,,,,,,,,
Color,Cutting Table,M,L,XL,XXL,Total Pcs,,,,,
BLACK,1,98,130,65,32,325,,,,,
WHITE,1,96,128,64,32,320,,,,,
GOLD,1,39,52,26,13,130,,,,,
15%,1,50,66,33,16,165,,,,,
R.GREEN,1,56,74,37,18,185,,,,,
Total,,339,450,225,111,1125,,,,,
,,,,,,,,,,,
,,,,,,,,,,,
Cutting Matrix — Lot 62032,,,,,,,,,,,
Lot Number:,62032,Style:,normal pattern,,,,,,,,
Fabric:,LYCRA  SINKER,Garment Type:,T-SHIRT R/N,,,,,,,,
,,,,,,,,,,,
Color,Cutting Table,M,L,XL,XXL,Total Pcs,,,,,
BLACK,2,70,140,70,70,350,,,,,
WHITE,2,62,124,62,62,310,,,,,
RANI,2,56,74,37,19,186,,,,,
SURF,2,51,68,34,17,170,,,,,
15%,2,48,64,32,16,160,,,,,
AIR FORCE,2,50,66,33,16,165,,,,,
Total,,337,536,268,200,1341,,,,,
,,,,,,,,,,,
,,,,,,,,,,,
Cutting Matrix — Lot 62049,,,,,,,,,,,
Lot Number:,62049,Style:,NORMAL PATTERN,,,,,,,,
Fabric:,LYCRA  SINKER,Garment Type:,T-SHIRT R/N,,,,,,,,
,,,,,,,,,,,
Color,Cutting Table,M,L,XL,XXL,Total Pcs,,,,,
BLACK,3,102,136,68,34,340,,,,,
WHITE,3,96,126,63,32,317,,,,,
RUST,3,48,62,31,16,157,,,,,
ROYAL,3,45,60,30,15,150,,,,,
SKY,3,50,66,33,17,166,,,,,
OLIVE,3,51,66,33,17,167,,,,,
Total,,392,516,258,131,1297,,,,,
,,,,,,,,,,,
Cutting Matrix — Lot 76015,,,,,,,,,,,
Lot Number:,76015,Style:,full baju,,,,,,,,
Fabric:,CHECK,Garment Type:,SHIRT,,,,,,,,
,,,,,,,,,,,
Color,Cutting Table,M,L,XL,2XL,Total Pcs,,,,,
NAVY,1,17,17,17,17,68,,,,,
COFFEE,1,17,17,17,17,68,,,,,
BEIGE,1,16,16,16,16,64,,,,,
ROYAL,1,14,14,14,14,56,,,,,
RUST,1,18,18,18,18,72,,,,,
MEHROON,1,17,17,17,17,68,,,,,
GREY,1,16,16,16,16,64,,,,,
WHITE,1,8,8,8,8,32,,,,,
GREEN,1,17,17,17,17,68,,,,,
OLIVE,1,12,12,12,12,48,,,,,
PISTA,1,10,10,10,10,40,,,,,
Total,,162,162,162,162,648,,,,,
,,,,,,,,,,,
,,,,,,,,,,,
Cutting Matrix — Lot 11428,,,,,,,,,,,
Lot Number:,11428,Style:,18-19 MOHRI,,,,,,,,
Fabric:,UK LYCRA,Garment Type:,LOWER,,,,,,,,
,,,,,,,,,,,
Color,Cutting Table,M,L,XL,2XL,Total Pcs,,,,,
R GREEN (GULLA-WHITE BONE-R GREEN),8,16,32,16,16,80,,,,,
YELLOW (GULLA-WHITE BONE-YELLOW),8,19,38,19,19,95,,,,,
WHITE (GULLA-ICEBLUE BONE-WHITE),8,20,40,20,20,100,,,,,
ORANGE (GULLA-WHITE BON-ORANGE),8,19,38,19,19,95,,,,,
FIROZY (GULLA-WHITE BON-FIROZY),8,20,40,20,20,100,,,,,
RED (GULLA-WHITE BON-RED),8,15,30,15,15,75,,,,,
ROYAL (GULLA-WHITE BONE-YELLOW),8,20,40,20,20,100,,,,,
BLACK (GULLA-RED BON-WHITE),8,16,32,16,16,80,,,,,
ICE BLUE (GULLA-WHITE BON-ICE BLUE),8,21,42,21,21,105,,,,,
BLACK (GULLA-ROYAL BON-WHITE),8,17,34,17,17,85,,,,,
Total,,183,366,183,183,915,,,,,
,,,,,,,,,,,
,,,,,,,,,,,
Cutting Matrix — Lot 61077,,,,,,,,,,,
Lot Number:,61077,Style:,LOWER,,,,,,,,
Fabric:,UK LYCRA,Garment Type:,LOWER,,,,,,,,
,,,,,,,,,,,
Color,Cutting Table,M,L,XL,2XL,Total Pcs,,,,,
BLACK,12,48,48,24,24,144,,,,,
NAVY,12,24,24,12,12,72,,,,,
FIROZY,12,32,32,16,16,96,,,,,
COFFEE,12,24,24,12,12,72,,,,,
IVORY,12,32,32,16,16,96,,,,,
PEACOCK,12,34,34,17,17,102,,,,,
ROYAL,12,32,32,16,16,96,,,,,
SILVER,12,34,34,17,17,102,,,,,
Total,,260,260,130,130,780,,,,,
,,,,,,,,,,,
,,,,,,,,,,,
Cutting Matrix — Lot 11418,,,,,,,,,,,
Lot Number:,11418,Style:,nikkar,,,,,,,,
Fabric:,MESH JALI,Garment Type:,NIKKER,,,,,,,,
,,,,,,,,,,,
Color,Cutting Table,L,XL,2XL,3XL,Total Pcs,,,,,
BLACK,2,62,62,62,62,248,,,,,
ROYAL,2,31,31,31,31,124,,,,,
D GREY,2,31,31,31,31,124,,,,,
RED,2,31,31,31,31,124,,,,,
SKY,2,31,31,31,31,124,,,,,
OLIVE,2,31,31,31,31,124,,,,,
BIEGE,2,31,31,31,31,124,,,,,
WHITE,0,0,0,0,0,0,,,,,
Total,,248,248,248,248,992,,,,,
,,,,,,,,,,,
,,,,,,,,,,,
Cutting Matrix — Lot 11436,,,,,,,,,,,
Lot Number:,11436,Style:,DROPSHOULDER ROUND NECK,,,,,,,,
Fabric:,HEAVY COTTON,Garment Type:,T-SHIRT,,,,,,,,
,,,,,,,,,,,
Color,Cutting Table,M,L,XL,2XL,Total Pcs,,,,,
OFF WHITE,1,25,50,25,25,125,,,,,
BLACK,1,56,112,56,56,280,,,,,
WHITE,1,27,54,27,27,135,,,,,
D GREY,1,26,52,26,26,130,,,,,
L GREY,0,0,0,0,0,0,,,,,
TEAL,0,0,0,0,0,0,,,,,
AIR FORCE,1,25,50,25,25,125,,,,,
Total,,159,318,159,159,795,,,,,
,,,,,,,,,,,
,,,,,,,,,,,
Cutting Matrix — Lot 62014,,,,,,,,,,,
Lot Number:,62014,Style:,sandow full zipper,,,,,,,,
Fabric:,LOOPER LYCRA,Garment Type:,SANDOW,,,,,,,,
,,,,,,,,,,,
Color,Cutting Table,M,L,XL,XXL,Total Pcs,,,,,
BLACK,4,11,22,11,11,55,,,,,
WHITE,4,11,22,11,11,55,,,,,
RED,4,11,22,11,11,55,,,,,
SURF,0,0,0,0,0,0,,,,,
ORANGE,0,0,0,0,0,0,,,,,
ROYAL,4,10,20,10,10,50,,,,,
YELLOW,4,10,20,10,10,50,,,,,
Total,,53,106,53,53,265,,,,,
,,,,,,,,,,,
,,,,,,,,,,,
Cutting Matrix — Lot 68005,,,,,,,,,,,
Lot Number:,68005,Style:,COLLAR + THOKA,,,,,,,,
Fabric:,LYCRA SINKER,Garment Type:,T-SHIRT COLLAR,,,,,,,,
,,,,,,,,,,,
Color,Cutting Table,M,L,XL,2XL,Total Pcs,,,,,
D. BEIGE,3,19,38,19,19,95,,,,,
ROYAL,3,17,34,17,17,85,,,,,
NAVY,3,12,24,12,12,60,,,,,
COFFEE,3,17,34,17,17,85,,,,,
BLACK,3,16,32,16,16,80,,,,,
AQUA,3,19,38,19,19,95,,,,,
B. GREEN,3,17,34,17,17,85,,,,,
WHITE,3,15,30,15,15,75,,,,,
Total,,132,264,132,132,660,,,,,
,,,,,,,,,,,
,,,,,,,,,,,
Cutting Matrix — Lot 11386,,,,,,,,,,,
Lot Number:,11386,Style:,COLLAR + THOKA,,,,,,,,
Fabric:,COTTON LYCRA,Garment Type:,T-SHIRT,,,,,,,,
,,,,,,,,,,,
Color,Cutting Table,M,L,XL,XXL,Total Pcs,,,,,
NAVY (COLLER -RED),11,45,90,45,45,225,,,,,
OFFWHITE (COLLER-RED),11,45,90,45,45,225,,,,,
GREEN (COLLER-CAMEL),11,45,90,45,45,225,,,,,
CAMEL (COLLER-CAMEL),11,49,98,49,49,245,,,,,
Total,,184,368,184,184,920,,,,,
,,,,,,,,,,,
,,,,,,,,,,,
Cutting Matrix — Lot 11425,,,,,,,,,,,
Lot Number:,11425,Style:,lower,,,,,,,,
Fabric:,CEMO,Garment Type:,LOWER,,,,,,,,
,,,,,,,,,,,
Color,Cutting Table,M,L,XL,2XL,Total Pcs,,,,,
OLIVE,9,21,42,21,21,105,,,,,
COFEE,9,25,50,25,25,125,,,,,
D/GREY,9,23,46,23,23,115,,,,,
Total,,69,138,69,69,345,,,,,
,,,,,,,,,,,
,,,,,,,,,,,
Cutting Matrix — Lot 61055,,,,,,,,,,,
Lot Number:,61055,Style:,ROUND NECK,,,,,,,,
Fabric:,LYCRA,Garment Type:,T-SHIRT,,,,,,,,
,,,,,,,,,,,
Color,Cutting Table,M,L,XL,XXL,Total Pcs,,,,,
NAVY,0,0,0,0,0,0,,,,,
BLACK,6,28,28,14,14,84,,,,,
OFF WHITE,6,26,26,13,13,78,,,,,
RED,6,26,26,13,13,78,,,,,
Total,,80,80,40,40,240,,,,,
,,,,,,,,,,,
,,,,,,,,,,,
Cutting Matrix — Lot 61056,,,,,,,,,,,
Lot Number:,61056,Style:,DROPSHOULDER ROUND NECK,,,,,,,,
Fabric:,LYCRA,Garment Type:,T-SHIRT,,,,,,,,
,,,,,,,,,,,
Color,Cutting Table,M,L,XL,XXL,Total Pcs,,,,,
BLACK,6,28,28,14,14,84,,,,,
OFF WHITE,6,26,26,13,13,78,,,,,
RED,0,0,0,0,0,0,,,,,
15%,6,26,26,13,13,78,,,,,
RUST,6,28,28,14,14,84,,,,,
Total,,108,108,54,54,324,,,,,
,,,,,,,,,,,
,,,,,,,,,,,
Cutting Matrix — Lot 61057,,,,,,,,,,,
Lot Number:,61057,Style:,ROUND NECK,,,,,,,,
Fabric:,LYCRA,Garment Type:,T-SHIRT,,,,,,,,
,,,,,,,,,,,
Color,Cutting Table,M,L,XL,XXL,Total Pcs,,,,,
BLACK,6,28,28,14,14,84,,,,,
OFF WHITE,6,26,26,13,13,78,,,,,
15%,6,26,26,13,13,78,,,,,
RUST,11,25,25,13,12,75,,,,,
Total,,105,105,53,52,315,,,,,
,,,,,,,,,,,
,,,,,,,,,,,
Cutting Matrix — Lot 61058,,,,,,,,,,,
Lot Number:,61058,Style:,ROUND NECK,,,,,,,,
Fabric:,LYCRA,Garment Type:,T-SHIRT,,,,,,,,
,,,,,,,,,,,
Color,Cutting Table,M,L,XL,XXL,Total Pcs,,,,,
BLACK,6,28,28,14,14,84,,,,,
OFF WHITE,6,24,24,12,12,72,,,,,
15%,6,26,26,13,13,78,,,,,
Total,,78,78,39,39,234,,,,,
,,,,,,,,,,,
,,,,,,,,,,,
Cutting Matrix — Lot 11423,,,,,,,,,,,
Lot Number:,11423,Style:,lower,,,,,,,,
Fabric:,TWILL TERRY,Garment Type:,LOWER,,,,,,,,
,,,,,,,,,,,
Color,Cutting Table,M,L,XL,2XL,Total Pcs,,,,,
BEIGE,9,23,46,23,23,115,,,,,
L GREY,9,24,48,24,24,120,,,,,
L BROWN,9,24,48,24,24,120,,,,,
DARK GREY,9,23,46,23,23,115,,,,,
STONE,9,23,46,23,23,115,,,,,
BLACK,9,46,92,46,46,230,,,,,
Total,,163,326,163,163,815,,,,,
,,,,,,,,,,,
,,,,,,,,,,,
Cutting Matrix — Lot 11424,,,,,,,,,,,
Lot Number:,11424,Style:,lower,,,,,,,,
Fabric:,TWILL TERRY,Garment Type:,LOWER,,,,,,,,
,,,,,,,,,,,
Color,Cutting Table,M,L,XL,2XL,Total Pcs,,,,,
BEIGE,9,23,46,23,23,115,,,,,
L GREY,9,22,44,22,22,110,,,,,
L BROWN,9,24,48,24,24,120,,,,,
DARK GREY,9,24,48,24,24,120,,,,,
STONE,9,24,48,24,24,120,,,,,
BLACK,9,48,96,48,48,240,,,,,
Total,,165,330,165,165,825,,,,,
,,,,,,,,,,,
,,,,,,,,,,,
Cutting Matrix — Lot 11438,,,,,,,,,,,
Lot Number:,11438,Style:,LOWER,,,,,,,,
Fabric:,TWELL TERRY,Garment Type:,LOWER,,,,,,,,
,,,,,,,,,,,
Color,Cutting Table,M,L,XL,XXL,Total Pcs,,,,,
L GREY,8,24,48,24,24,120,,,,,
BEIGE,8,24,48,24,24,120,,,,,
OLIVE,8,24,48,24,24,120,,,,,
D GREY,8,24,48,24,24,120,,,,,
MOUSE,8,24,48,24,24,120,,,,,
BLACK,8,49,98,49,49,245,,,,,
Total,,169,338,169,169,845,,,,,
,,,,,,,,,,,
,,,,,,,,,,,
Cutting Matrix — Lot 76017,,,,,,,,,,,
Lot Number:,76017,Style:,full baju,,,,,,,,
Fabric:,BURBERRY CEACK,Garment Type:,SHIRT,,,,,,,,
,,,,,,,,,,,
Color,Cutting Table,M,L,XL,2XL,Total Pcs,,,,,
COFFEE,1,14,28,14,14,70,,,,,
NAVY,0,0,0,0,0,0,,,,,
GREEN,1,15,30,15,15,75,,,,,
BEIGE,0,0,0,0,0,0,,,,,
BLACK,1,14,28,14,14,70,,,,,
D/GREY,1,30,60,30,30,150,,,,,
CAMEL,1,14,28,14,14,70,,,,,
BLUE,1,14,28,14,14,70,,,,,
Total,,101,202,101,101,505,,,,,
,,,,,,,,,,,
,,,,,,,,,,,
Cutting Matrix — Lot 76013,,,,,,,,,,,
Lot Number:,76013,Style:,shirt full baju,,,,,,,,
Fabric:,BERRY BLAST,Garment Type:,SHIRT,,,,,,,,
,,,,,,,,,,,
Color,Cutting Table,M,L,XL,2XL,Total Pcs,,,,,
BLACK (RUST- WHITE),1,30,60,30,30,150,,,,,
NAVY (WHITE- RUST),1,30,60,30,30,150,,,,,
WHITE (NAVU-RUST),1,30,60,30,30,150,,,,,
SKY (NAVY-WHITE),1,30,60,30,30,150,,,,,
Total,,120,240,120,120,600,,,,,
,,,,,,,,,,,
,,,,,,,,,,,
Cutting Matrix — Lot 62052,,,,,,,,,,,
Lot Number:,62052,Style:,NORMAL PATTERN,,,,,,,,
Fabric:,LYCRA  SINKER,Garment Type:,T-SHIRT R/N,,,,,,,,
,,,,,,,,,,,
Color,Cutting Table,M,L,XL,XXL,Total Pcs,,,,,
BLACK,1,90,120,60,30,300,,,,,
WHITE,1,96,128,64,32,320,,,,,
D/GREY,1,96,128,64,31,319,,,,,
FANTIER,1,51,70,35,16,172,,,,,
1%,1,52,70,35,17,174,,,,,
SURF,1,45,60,30,15,150,,,,,
Total,,430,576,288,141,1435,,,,,
Cutting Matrix — Lot 68004,,,,,,,,,,,
Lot Number:,68004,Style:,COLLAR + THOKA,,,,,,,,
Fabric:,LYCRA SINKER,Garment Type:,T-SHIRT COLLAR,,,,,,,,
,,,,,,,,,,,
Color,Cutting Table,M,L,XL,2XL,Total Pcs,,,,,
D. BEIGE,2,18,36,18,18,90,,,,,
ROYAL,2,17,34,17,17,85,,,,,
NAVY,2,16,32,16,16,80,,,,,
COFFEE,2,17,34,17,17,85,,,,,
BLACK,2,16,32,16,16,80,,,,,
AQUA,2,16,32,16,16,80,,,,,
B. GREEN,2,17,34,17,17,85,,,,,
WHITE,2,16,32,16,16,80,,,,,
Total,,133,266,133,133,665,,,,,
,,,,,,,,,,,
,,,,,,,,,,,
Cutting Matrix — Lot 11404,,,,,,,,,,,
Lot Number:,11404,Style:,ROUNDNECK,,,,,,,,
Fabric:,TIE PRINT,Garment Type:,T-SHIRT,,,,,,,,
,,,,,,,,,,,
Color,Cutting Table,M,L,XL,2XL,Total Pcs,,,,,
BEIGE,4,33,66,33,33,165,,,,,
COFFEE,4,35,70,35,35,175,,,,,
GREY,4,32,64,32,32,160,,,,,
L GREY,4,32,64,32,32,160,,,,,
Total,,132,264,132,132,660,,,,,
,,,,,,,,,,,
,,,,,,,,,,,
Cutting Matrix — Lot 11440,,,,,,,,,,,
Lot Number:,11440,Style:,cargo nikkar,,,,,,,,
Fabric:,TWELL TERRY,Garment Type:,LOWER,,,,,,,,
,,,,,,,,,,,
Color,Cutting Table,L,XL,2XL,3XL,Total Pcs,,,,,
L GREY,12,24,24,24,24,96,,,,,
BEIGE,12,24,24,24,24,96,,,,,
OLIVE,12,24,24,24,24,96,,,,,
D GREY,12,24,24,24,24,96,,,,,
MOUSE,12,24,24,24,24,96,,,,,
BLACK,12,48,48,48,48,192,,,,,
Total,,168,168,168,168,672,,,,,
,,,,,,,,,,,
,,,,,,,,,,,
Cutting Matrix — Lot 62056,,,,,,,,,,,
Lot Number:,62056,Style:,sandow,,,,,,,,
Fabric:,LYCRA,Garment Type:,SANDOW,,,,,,,,
,,,,,,,,,,,
Color,Cutting Table,S,M,L,XL,Total Pcs,,,,,
NEON GREEN,3,20,40,20,20,100,,,,,
NEON ORANGE,3,20,40,20,20,100,,,,,
BLACK,3,20,40,20,20,100,,,,,
OFF WHITE,3,23,46,23,23,115,,,,,
RED,0,0,0,0,0,0,,,,,
ROYAL,3,23,46,23,23,115,,,,,
RANI,3,24,48,24,24,120,,,,,
Total,,130,260,130,130,650,,,,,
,,,,,,,,,,,
,,,,,,,,,,,
Cutting Matrix — Lot 62041,,,,,,,,,,,
Lot Number:,62041,Style:,DROPSHOULDER ROUND NECK,,,,,,,,
Fabric:,LYCRA SINKER,Garment Type:,T-SHIRT R/N,,,,,,,,
,,,,,,,,,,,
Color,Cutting Table,S,M,L,XL,Total Pcs,,,,,
BLACK,3,33,66,33,33,165,,,,,
WHITE,3,28,56,28,28,140,,,,,
GOLD,3,15,30,15,15,75,,,,,
R.GREEN,3,15,30,15,15,75,,,,,
15%,3,15,30,15,15,75,,,,,
RANI,3,17,34,17,17,85,,,,,
Total,,123,246,123,123,615,,,,,
,,,,,,,,,,,
,,,,,,,,,,,
Cutting Matrix — Lot 61045,,,,,,,,,,,
Lot Number:,61045,Style:,NIKKER,,,,,,,,
Fabric:,POLYSTER JALI (MESH),Garment Type:,NIKKER,,,,,,,,
,,,,,,,,,,,
Color,Cutting Table,M,L,XL,XXL,XXXL,Total Pcs,,,,
NAVY,1,15,30,15,15,15,90,,,,
GREY,1,15,30,15,15,15,90,,,,
BLACK,1,15,30,15,15,15,90,,,,
RED,1,15,30,15,15,15,90,,,,
ROYAL,1,15,30,15,15,15,90,,,,
OFF WHITE,1,15,30,15,15,15,90,,,,
LIGHT GREY,1,15,30,15,15,15,90,,,,
Total,,105,210,105,105,105,630,,,,
,,,,,,,,,,,
,,,,,,,,,,,
Cutting Matrix — Lot 62040,,,,,,,,,,,
Lot Number:,62040,Style:,DROPSHOULDER ROUND NECK,,,,,,,,
Fabric:,LYCRA SINKER,Garment Type:,T-SHIRT R/N,,,,,,,,
,,,,,,,,,,,
Color,Cutting Table,S,M,L,XL,Total Pcs,,,,,
BLACK,4,26,52,26,26,130,,,,,
WHITE,4,34,68,34,34,170,,,,,
BLUE,4,12,24,12,12,60,,,,,
RANI,4,15,30,15,15,75,,,,,
SURF,4,16,32,16,16,80,,,,,
15,4,15,30,15,15,75,,,,,
Total,,118,236,118,118,590,,,,,
,,,,,,,,,,,
,,,,,,,,,,,
Cutting Matrix — Lot 11439,,,,,,,,,,,
Lot Number:,11439,Style:,lower,,,,,,,,
Fabric:,TWELL TERRY,Garment Type:,LOWER,,,,,,,,
,,,,,,,,,,,
Color,Cutting Table,M,L,XL,2XL,Total Pcs,,,,,
L GREY,8,24,48,24,24,120,,,,,
BEIGE,8,24,48,24,24,120,,,,,
OLIVE,8,24,48,24,24,120,,,,,
D GREY,8,24,48,24,24,120,,,,,
MOUSE,8,24,48,24,24,120,,,,,
BLACK,8,48,96,48,48,240,,,,,
Total,,168,336,168,168,840,,,,,
,,,,,,,,,,,
,,,,,,,,,,,
Cutting Matrix — Lot 69001,,,,,,,,,,,
Lot Number:,69001,Style:,18-19 MOHRI,,,,,,,,
Fabric:,UK LYCRA,Garment Type:,LOWER,,,,,,,,
,,,,,,,,,,,
Color,Cutting Table,M,L,XL,2XL,Total Pcs,,,,,
BLACK - 350,9,70,140,70,70,350,,,,,
RED -50,9,10,20,10,10,50,,,,,
LAMON -40,9,8,16,8,8,40,,,,,
ICE BLUE - 40,9,8,16,8,8,40,,,,,
R. GREEN -30,9,6,12,6,6,30,,,,,
ROYAL BLUE - 30,9,6,12,6,6,30,,,,,
MID GREY - 70,9,14,28,14,14,70,,,,,
FONT - 70,9,14,28,14,14,70,,,,,
MENDHI - 60,9,12,24,12,12,60,,,,,
ORANGE - 30,9,6,12,6,6,30,,,,,
WHITE - 40,0,0,0,0,0,0,,,,,
LE BEIGE -70,9,13,26,13,13,65,,,,,
Total,,167,334,167,167,835,,,,,
,,,,,,,,,,,
,,,,,,,,,,,
Cutting Matrix — Lot 11441,,,,,,,,,,,
Lot Number:,11441,Style:,cargo nikkar,,,,,,,,
Fabric:,TWELL TERRY,Garment Type:,LOWER,,,,,,,,
,,,,,,,,,,,
Color,Cutting Table,L,XL,2XL,3XL,Total Pcs,,,,,
L GREY,12,24,24,24,24,96,,,,,
BEIGE,12,24,24,24,24,96,,,,,
OLIVE,12,24,24,24,24,96,,,,,
D GREY,12,24,24,24,24,96,,,,,
MOUSE,12,24,24,24,24,96,,,,,
BLACK,12,55,55,55,55,220,,,,,
Total,,175,175,175,175,700,,,,,
,,,,,,,,,,,
,,,,,,,,,,,
,,,,,,,,,,,
,,,,,,,,,,,
,,,,,,,,,,,
,,,,,,,,,,,
,,,,,,,,,,,
,,,,,,,,,,,
,,,,,,,,,,,
,,,,,,,,,,,
,,,,,,,,,,,
,,,,,,,,,,,
Cutting Matrix — Lot 62044,,,,,,,,,,,
Lot Number:,62044,Style:,DROPSHOULDER ROUND NECK,,,,,,,,
Fabric:,LYCRA SINKER,Garment Type:,T-SHIRT R/N,,,,,,,,
,,,,,,,,,,,
Color,Cutting Table,S,M,L,XL,Total Pcs,,,,,
BLACK,1,35,70,35,35,175,,,,,
WHITE,14,28,56,28,28,140,,,,,
OLIVE,1,14,28,14,14,70,,,,,
ORANGE,0,0,0,0,0,0,,,,,
ROYAL,1,17,34,17,17,85,,,,,
NAVY,1,19,38,19,19,95,,,,,
RANI,1,15,30,15,15,75,,,,,
Total,,128,256,128,128,640,,,,,
,,,,,,,,,,,
Cutting Matrix — Lot 62050,,,,,,,,,,,
Lot Number:,62050,Style:,NORMAL PATTERN,,,,,,,,
Fabric:,LYCRA  SINKER,Garment Type:,T-SHIRT R/N,,,,,,,,
,,,,,,,,,,,
Color,Cutting Table,M,L,XL,XXL,Total Pcs,,,,,
BLACK,6,99,132,66,33,330,,,,,
WHITE,6,45,60,30,15,150,,,,,
1%,6,48,64,32,16,160,,,,,
CREAM,6,48,64,32,16,160,,,,,
FANTIER,6,54,72,36,18,180,,,,,
D/GREY,6,93,124,62,31,310,,,,,
SURF,6,48,64,32,16,160,,,,,
Total,,435,580,290,145,1450,,,,,
,,,,,,,,,,,
,,,,,,,,,,,
Cutting Matrix — Lot 11430,,,,,,,,,,,
Lot Number:,11430,Style:,18-19 MOHRI,,,,,,,,
Fabric:,UK LYCRA,Garment Type:,LOWER,,,,,,,,
,,,,,,,,,,,
Color,Cutting Table,M,L,XL,2XL,Total Pcs,,,,,
YELLOW (BON-R GREEN),8,14,28,14,14,70,,,,,
R GREEN (BON-YELLOW),8,13,26,13,13,65,,,,,
RED (BON-WHITE),8,14,28,14,14,70,,,,,
ROYAL (BON-WHITE),8,14,28,14,14,70,,,,,
ICE BLUE (BON-YELLOW),8,18,36,18,18,90,,,,,
FIROZY (BON-WHITE),8,16,32,16,16,80,,,,,
WHITE (BON-R GREEN),0,0,0,0,0,0,,,,,
BLACK (BON-YELLOW),8,14,28,14,14,70,,,,,
BLACK (BON-RED),8,14,28,14,14,70,,,,,
BLACK (BON-ORANGE),8,14,28,14,14,70,,,,,
Z GREY (BON-TOM GREEN),8,17,34,17,17,85,,,,,
Total,,148,296,148,148,740,,,,,
,,,,,,,,,,,
,,,,,,,,,,,
Cutting Matrix — Lot 76018,,,,,,,,,,,
Lot Number:,76018,Style:,full baju,,,,,,,,
Fabric:,BERRY BLAST,Garment Type:,SHIRT,,,,,,,,
,,,,,,,,,,,
Color,Cutting Table,M,L,XL,2XL,Total Pcs,,,,,
BLACK (CK TONE),1,32,64,32,32,160,,,,,
BLACK (BLACK WHITE),1,30,60,30,30,150,,,,,
WHITE (B GREEN WHITE),1,32,64,32,32,160,,,,,
CREAM (OLIVE),1,33,66,33,33,165,,,,,
SKY (NAVY),1,34,68,34,34,170,,,,,
BROWN (CREAM),1,26,52,26,26,130,,,,,
GREY (BLACK GREY),1,33,66,33,33,165,,,,,
NAVY (REDBL),1,26,52,26,26,130,,,,,
Total,,246,492,246,246,1230,,,,,
,,,,,,,,,,,
,,,,,,,,,,,
Cutting Matrix — Lot 61071,,,,,,,,,,,
Lot Number:,61071,Style:,BOOT CUT,,,,,,,,
Fabric:,UK LYCRA,Garment Type:,LOWER,,,,,,,,
,,,,,,,,,,,
Color,Cutting Table,M,L,XL,2XL,Total Pcs,,,,,
BLACK,12,48,48,24,24,144,,,,,
NAVY,12,24,24,12,12,72,,,,,
IVORY,12,32,32,16,16,96,,,,,
SILVER,12,20,20,10,10,60,,,,,
CARGO OLIVE,12,24,24,12,12,72,,,,,
Total,,148,148,74,74,444,,,,,
,,,,,,,,,,,
,,,,,,,,,,,
Cutting Matrix — Lot 61072,,,,,,,,,,,
Lot Number:,61072,Style:,BOOT CUT,,,,,,,,
Fabric:,UK LYCRA,Garment Type:,LOWER,,,,,,,,
,,,,,,,,,,,
Color,Cutting Table,M,L,XL,2XL,Total Pcs,,,,,
BLACK,12,46,46,23,23,138,,,,,
NAVY,12,24,24,12,12,72,,,,,
IVORY,12,24,24,12,12,72,,,,,
SILVER,12,34,34,17,17,102,,,,,
CARGO SILVER,0,0,0,0,0,0,,,,,
OLIVE,12,32,32,16,16,96,,,,,
Total,,160,160,80,80,480,,,,,
,,,,,,,,,,,
,,,,,,,,,,,
Cutting Matrix — Lot 61036,,,,,,,,,,,
Lot Number:,61036,Style:,nikker,,,,,,,,
Fabric:,RAYBEN,Garment Type:,NIKKER,,,,,,,,
,,,,,,,,,,,
Color,Cutting Table,M,L,XL,XXL,XXXL,Total Pcs,,,,
GREY,8,18,18,36,18,18,108,,,,
RED (HALF),8,7,7,14,7,7,42,,,,
ROYAL (HALF),8,8,8,16,8,8,48,,,,
MINT,8,16,16,32,16,16,96,,,,
BEIGE,8,20,20,40,20,20,120,,,,
BLACK,8,17,17,34,17,17,102,,,,
Total,,86,86,172,86,86,516,,,,
,,,,,,,,,,,
,,,,,,,,,,,
Cutting Matrix — Lot 69003,,,,,,,,,,,
Lot Number:,69003,Style:,18-19 MOHRI,,,,,,,,
Fabric:,UK LYCRA,Garment Type:,LOWER,,,,,,,,
,,,,,,,,,,,
Color,Cutting Table,M,L,XL,2XL,Total Pcs,,,,,
BLACK - 350,9,70,140,70,70,350,,,,,
RED - 50,9,10,20,10,10,50,,,,,
LAMON - 40,9,8,16,8,8,40,,,,,
ICE BLUE - 40,9,8,16,8,8,40,,,,,
R.GREEN -30,9,6,12,6,6,30,,,,,
ROYAL BLUE -30,9,6,12,6,6,30,,,,,
MID.GRAY - 70,9,14,28,14,14,70,,,,,
FONT - 70,9,14,28,14,14,70,,,,,
MENDHI - 60,9,12,24,12,12,60,,,,,
ORANGE - 30,9,6,12,6,6,30,,,,,
WHITE - 40,0,0,0,0,0,0,,,,,
LE. BEIGE -70,9,14,28,14,14,70,,,,,
Total,,168,336,168,168,840,,,,,
,,,,,,,,,,,
,,,,,,,,,,,
Cutting Matrix — Lot 62051,,,,,,,,,,,
Lot Number:,62051,Style:,NORMAL PATTERN,,,,,,,,
Fabric:,LYCRA  SINKER,Garment Type:,T-SHIRT R/N,,,,,,,,
,,,,,,,,,,,
Color,Cutting Table,M,L,XL,XXL,Total Pcs,,,,,
BLACK,11,102,136,68,34,340,,,,,
WHITE,11,45,60,30,15,150,,,,,
CREAM,11,51,68,34,17,170,,,,,
1%,11,54,72,36,18,180,,,,,
D.GREEN,11,51,68,34,17,170,,,,,
SURF,11,48,64,32,16,160,,,,,
FANTIER,11,51,68,34,17,170,,,,,
D.GREY,11,51,68,34,17,170,,,,,
Total,,453,604,302,151,1510,,,,,
,,,,,,,,,,,
,,,,,,,,,,,
Cutting Matrix — Lot 62042,,,,,,,,,,,
Lot Number:,62042,Style:,DROPSHOULDER ROUND NECK,,,,,,,,
Fabric:,LYCRA SINKER,Garment Type:,T-SHIRT R/N,,,,,,,,
,,,,,,,,,,,
Color,Cutting Table,S,M,L,XL,Total Pcs,,,,,
BLACK,11,31,62,31,31,155,,,,,
WHITE,11,16,32,16,16,80,,,,,
N.YELLOW,11,16,32,16,16,80,,,,,
RUST,11,18,36,18,18,90,,,,,
1%,11,16,32,16,16,80,,,,,
Total,,97,194,97,97,485,,,,,
,,,,,,,,,,,
,,,,,,,,,,,
Cutting Matrix — Lot 11437,,,,,,,,,,,
Lot Number:,11437,Style:,sandow,,,,,,,,
Fabric:,HEAVY COTTON,Garment Type:,SANDOW,,,,,,,,
,,,,,,,,,,,
Color,Cutting Table,M,L,XL,XXL,Total Pcs,,,,,
BLACK DOUBLE,11,30,60,30,30,150,,,,,
OFF WHITE DOUBLE,11,29,58,29,29,145,,,,,
NEON GREEN,11,15,30,15,15,75,,,,,
NEON YELLOW,11,14,28,14,14,70,,,,,
15%,0,0,0,0,0,0,,,,,
RED,11,17,34,17,17,85,,,,,
Total,,105,210,105,105,525,,,,,
,,,,,,,,,,,
,,,,,,,,,,,
Cutting Matrix — Lot 76021,,,,,,,,,,,
Lot Number:,76021,Style:,full baju,,,,,,,,
Fabric:,BERRY BLAST,Garment Type:,SHIRT,,,,,,,,
,,,,,,,,,,,
Color,Cutting Table,M,L,XL,2XL,Total Pcs,,,,,
BLACK (BLACK),7,25,25,25,25,100,,,,,
NAVY (WHITE),7,25,25,25,25,100,,,,,
WHITE (SKY),7,25,25,25,25,100,,,,,
AIR FORCE (CREAM),7,25,25,25,25,100,,,,,
CREAM (CK TONE),7,25,25,25,25,100,,,,,
Total,,125,125,125,125,500,,,,,
,,,,,,,,,,,
,,,,,,,,,,,
Cutting Matrix — Lot 76019,,,,,,,,,,,
Lot Number:,76019,Style:,full baju,,,,,,,,
Fabric:,TOMY BIO,Garment Type:,SHIRT,,,,,,,,
,,,,,,,,,,,
Color,Cutting Table,M,L,XL,2XL,Total Pcs,,,,,
BLACK (BLACK),7,25,25,25,25,100,,,,,
WHITE (KHAKHI),7,25,25,25,25,100,,,,,
DUSTY (OFF WHITE),7,25,25,25,25,100,,,,,
KHAKHI (COFFEE),7,25,25,25,25,100,,,,,
Total,,100,100,100,100,400,,,,,
,,,,,,,,,,,
,,,,,,,,,,,
Cutting Matrix — Lot 76016,,,,,,,,,,,
Lot Number:,76016,Style:,full baju,,,,,,,,
Fabric:,STRIPE X,Garment Type:,SHIRT,,,,,,,,
,,,,,,,,,,,
Color,Cutting Table,M,L,XL,2XL,Total Pcs,,,,,
NAVY,0,0,0,0,0,0,,,,,
BLACK,0,0,0,0,0,0,,,,,
ORANGE,14,10,20,10,10,50,,,,,
CARROT,0,0,0,0,0,0,,,,,
FAWN,14,22,44,22,22,110,,,,,
WINE,14,15,30,15,15,75,,,,,
OLIVE,14,12,24,12,12,60,,,,,
RUST,14,12,24,12,12,60,,,,,
STONE,14,10,20,10,10,50,,,,,
D.GREY,14,27,54,27,27,135,,,,,
D.RUST,14,7,14,7,7,35,,,,,
PISTA,14,7,14,7,7,35,,,,,
COFFEE,14,14,28,14,14,70,,,,,
GREEN,14,10,20,10,10,50,,,,,
Total,,146,292,146,146,730,,,,,
,,,,,,,,,,,
,,,,,,,,,,,
Cutting Matrix — Lot 61068,,,,,,,,,,,
Lot Number:,61068,Style:,lower,,,,,,,,
Fabric:,UK LYCRA,Garment Type:,LOWER,,,,,,,,
,,,,,,,,,,,
Color,Cutting Table,M,L,XL,2XL,Total Pcs,,,,,
RED,12,16,16,8,8,48,,,,,
ROYAL,12,20,20,10,10,60,,,,,
BLACK,12,48,48,24,24,144,,,,,
WHITE,,,,,.,0,,,,,
L GREY,12,32,32,16,16,96,,,,,
IVORY,12,32,32,16,16,96,,,,,
Total,,148,148,74,74,444,,,,,
,,,,,,,,,,,
,,,,,,,,,,,
Cutting Matrix — Lot 61044,,,,,,,,,,,
Lot Number:,61044,Style:,lower,,,,,,,,
Fabric:,VISSION,Garment Type:,LOWER,,,,,,,,
,,,,,,,,,,,
Color,Cutting Table,M,L,XL,XXL,XXXL,Total Pcs,,,,
BEIGE,1,26,26,13,13,,78,,,,
BROWN,1,26,26,13,13,,78,,,,
BLACE,1,52,52,26,26,,156,,,,
DARK GREY,1,26,26,13,13,,78,,,,
Total,,130,130,65,65,0,390,,,,
,,,,,,,,,,,
,,,,,,,,,,,
Cutting Matrix — Lot 11461,,,,,,,,,,,
Lot Number:,11461,Style:,SANDO,,,,,,,,
Fabric:,HEAVY COTTON,Garment Type:,SANDOW,,,,,,,,
,,,,,,,,,,,
Color,Cutting Table,M,L,XL,2XL,Total Pcs,,,,,
BLACK,1,33,66,33,33,165,,,,,
OFF WHITE,1,30,60,30,30,150,,,,,
OFFWHITE,0,0,0,0,0,0,,,,,
NEO GREEN,1,15,30,15,15,75,,,,,
ROYAL,1,13,26,13,13,65,,,,,
GOLD,1,15,30,15,15,75,,,,,
RANI,1,17,34,17,17,85,,,,,
Total,,123,246,123,123,615,,,,,
,,,,,,,,,,,
,,,,,,,,,,,
Cutting Matrix — Lot 62053,,,,,,,,,,,
Lot Number:,62053,Style:,NORMAL PATTERN,,,,,,,,
Fabric:,LYCRA  SINKER,Garment Type:,T-SHIRT R/N,,,,,,,,
,,,,,,,,,,,
Color,Cutting Table,M,L,XL,XXL,Total Pcs,,,,,
BLACK,11,94,126,62,31,313,,,,,
WHITE,11,91,122,60,31,304,,,,,
RANI,11,55,73,37,18,183,,,,,
15%,11,48,64,32,16,160,,,,,
SURF,11,43,58,29,15,145,,,,,
BLUE,11,51,68,34,17,170,,,,,
Total,,382,511,254,128,1275,,,,,
,,,,,,,,,,,
,,,,,,,,,,,
Cutting Matrix — Lot 11442,,,,,,,,,,,
Lot Number:,11442,Style:,cargo lower,,,,,,,,
Fabric:,JUNGALI PRINT K9,Garment Type:,LOWER,,,,,,,,
,,,,,,,,,,,
Color,Cutting Table,M,L,XL,2XL,Total Pcs,,,,,
OLIVE,8,24,48,24,24,120,,,,,
GREY,8,24,48,24,24,120,,,,,
BLACK,8,24,48,24,24,120,,,,,
Total,,72,144,72,72,360,,,,,
,,,,,,,,,,,
,,,,,,,,,,,
Cutting Matrix — Lot 11443,,,,,,,,,,,
Lot Number:,11443,Style:,cargo lower,,,,,,,,
Fabric:,JUNGALI PRINT K10,Garment Type:,LOWER,,,,,,,,
,,,,,,,,,,,
Color,Cutting Table,M,L,XL,2XL,Total Pcs,,,,,
OLIVE,8,24,48,24,24,120,,,,,
GREY,8,24,48,24,24,120,,,,,
BLACK,8,24,48,24,24,120,,,,,
Total,,72,144,72,72,360,,,,,
,,,,,,,,,,,
,,,,,,,,,,,
Cutting Matrix — Lot 69009,,,,,,,,,,,
Lot Number:,69009,Style:,18-19 MOHRI,,,,,,,,
Fabric:,UK LYCRA,Garment Type:,LOWER,,,,,,,,
,,,,,,,,,,,
Color,Cutting Table,M,L,XL,XXL,Total Pcs,,,,,
BLACK - 350,9,70,140,70,70,350,,,,,
RED -50,9,10,20,10,10,50,,,,,
LAMON -40,9,8,16,8,8,40,,,,,
ICE BLUE - 40,9,8,16,8,8,40,,,,,
R. GREEN -30,9,6,12,6,6,30,,,,,
ROYAL BLUE - 30,9,6,12,6,6,30,,,,,
MID GREY - 70,9,14,28,14,14,70,,,,,
FONT - 70,9,14,28,14,14,70,,,,,
MENDHI - 60,9,12,24,12,12,60,,,,,
ORANGE - 30,9,6,12,6,6,30,,,,,
LE BEIGE -70,9,14,28,14,14,70,,,,,
Total,,168,336,168,168,840,,,,,
,,,,,,,,,,,
,,,,,,,,,,,
Cutting Matrix — Lot 62057,,,,,,,,,,,
Lot Number:,62057,Style:,t shirt r/n,,,,,,,,
Fabric:,LYCRA,Garment Type:,T-SHIRT R/N,,,,,,,,
,,,,,,,,,,,
Color,Cutting Table,S,M,L,XL,Total Pcs,,,,,
NEON GREEN,0,0,0,0,0,0,,,,,
NEON ORANGE,1,51,66,33,17,167,,,,,
BLACK,1,51,68,34,17,170,,,,,
OFF EHITE,1,46,62,31,15,154,,,,,
RED,14,47,62,31,15,155,,,,,
ROYAL,1,48,64,34,17,163,,,,,
RANI,1,54,72,36,18,180,,,,,
Total,,297,394,199,99,989,,,,,
,,,,,,,,,,,
,,,,,,,,,,,
Cutting Matrix — Lot 62054,,,,,,,,,,,
Lot Number:,62054,Style:,normal pattern,,,,,,,,
Fabric:,LYCRA  SINKER,Garment Type:,T-SHIRT R/N,,,,,,,,
,,,,,,,,,,,
Color,Cutting Table,M,L,XL,XXL,Total Pcs,,,,,
BLACK,1,91,122,61,30,304,,,,,
WHITE,1,48,64,32,16,160,,,,,
RED,1,46,62,31,15,154,,,,,
RUST,1,45,60,30,15,150,,,,,
N.GREEN,1,43,58,29,14,144,,,,,
ROYAL,1,46,62,31,15,154,,,,,
R/GREEN,1,48,64,32,16,160,,,,,
Total,,367,492,246,121,1226,,,,,
,,,,,,,,,,,
,,,,,,,,,,,
Cutting Matrix — Lot 11446,,,,,,,,,,,
Lot Number:,11446,Style:,ROUND NECK,,,,,,,,
Fabric:,FINE COTTON,Garment Type:,T-SHIRT,,,,,,,,
,,,,,,,,,,,
Color,Cutting Table,M,L,XL,2XL,Total Pcs,,,,,
BLACK,2,50,100,50,50,250,,,,,
RUST,2,26,52,26,26,130,,,,,
OFF WHITE,2,25,50,25,25,125,,,,,
CREAM,2,25,50,25,25,125,,,,,
D GREY,2,25,50,25,25,125,,,,,
RGREEN,2,26,52,26,26,130,,,,,
Total,,177,354,177,177,885,,,,,
,,,,,,,,,,,
,,,,,,,,,,,
Cutting Matrix — Lot 61080,,,,,,,,,,,
Lot Number:,61080,Style:,LOWER,,,,,,,,
Fabric:,CRUSH TERRY,Garment Type:,LOWER,,,,,,,,
,,,,,,,,,,,
Color,Cutting Table,M,L,XL,XXL,Total Pcs,,,,,
BLACK (RED),1,28,28,14,14,84,,,,,
BLACK (WHITE),1,28,28,14,14,84,,,,,
WHITE,1,28,28,14,14,84,,,,,
NAVY,1,28,28,14,14,84,,,,,
DARK GREY,1,28,28,14,14,84,,,,,
RED,1,28,28,14,14,84,,,,,
ROYAL,1,28,28,14,14,84,,,,,
Total,,196,196,98,98,588,,,,,
,,,,,,,,,,,
,,,,,,,,,,,
Cutting Matrix — Lot 61083,,,,,,,,,,,
Lot Number:,61083,Style:,LOWER CARGO,,,,,,,,
Fabric:,K-16,Garment Type:,LOWER,,,,,,,,
,,,,,,,,,,,
Color,Cutting Table,M,L,XL,XXL,Total Pcs,,,,,
GREY,8,10,20,20,10,60,,,,,
BLACK,8,20,40,40,20,120,,,,,
OLIVE,8,20,40,40,20,120,,,,,
SILVER,8,10,20,20,10,60,,,,,
Total,,60,120,120,60,360,,,,,
,,,,,,,,,,,
,,,,,,,,,,,
Cutting Matrix — Lot 61085,,,,,,,,,,,
Lot Number:,61085,Style:,LOWER,,,,,,,,
Fabric:,K-15,Garment Type:,LOWER,,,,,,,,
,,,,,,,,,,,
Color,Cutting Table,M,L,XL,XXL,Total Pcs,,,,,
GREY,8,11,22,22,11,66,,,,,
BLACK,8,24,48,48,24,144,,,,,
OLIVE,8,24,48,48,24,144,,,,,
FAWN,8,12,24,24,12,72,,,,,
Total,,71,142,142,71,426,,,,,
,,,,,,,,,,,
,,,,,,,,,,,
Cutting Matrix — Lot 11445,,,,,,,,,,,
Lot Number:,11445,Style:,DROPSHOULDER ROUND NECK,,,,,,,,
Fabric:,LYCRA SINKER,Garment Type:,T-SHIRT R/N,,,,,,,,
,,,,,,,,,,,
Color,Cutting Table,M,L,XL,XXL,Total Pcs,,,,,
BLACK,2,68,136,68,68,340,,,,,
OFF-WHITE,2,32,64,32,32,160,,,,,
15%,2,30,60,30,30,150,,,,,
RED,2,33,66,33,33,165,,,,,
R.GREEN,2,31,62,31,31,155,,,,,
SKY,2,31,62,31,31,155,,,,,
ROYAL,2,32,64,32,32,160,,,,,
GOLD,2,30,60,30,30,150,,,,,
1%,2,32,64,32,32,160,,,,,
Total,,319,638,319,319,1595,,,,,
,,,,,,,,,,,
,,,,,,,,,,,
Cutting Matrix — Lot 11444,,,,,,,,,,,
Lot Number:,11444,Style:,cargo nikkar,,,,,,,,
Fabric:,JUNGALI PRINT K9,Garment Type:,NIKKER,,,,,,,,
,,,,,,,,,,,
Color,Cutting Table,L,XL,2XL,3XL,Total Pcs,,,,,
OLIVE,8,44,44,44,44,176,,,,,
GREY,0,0,0,0,0,0,,,,,
BLACK,8,46,46,46,46,184,,,,,
SILVER,8,22,22,22,22,88,,,,,
FAWN,8,22,22,22,22,88,,,,,
Total,,134,134,134,134,536,,,,,
,,,,,,,,,,,
,,,,,,,,,,,
Cutting Matrix — Lot 61084,,,,,,,,,,,
Lot Number:,61084,Style:,LOWER,,,,,,,,
Fabric:,U K LYCRA,Garment Type:,LOWER,,,,,,,,
,,,,,,,,,,,
Color,Cutting Table,M,L,XXL,XL,Total Pcs,,,,,
NAVY (WHITE  NAVY),8,16,32,13,32,93,,,,,
BLACK (WHITE  BLACK),8,14,28,14,28,84,,,,,
BLACK (L.GREY  BLACK),8,13,26,13,26,78,,,,,
WHITE (FIROZY  WHITE),0,0,0,0,0,0,,,,,
L. GREY (WHITE  L. GREY),8,15,30,15,30,90,,,,,
MINT (WHITE MINT),8,17,34,17,34,102,,,,,
ROYAL (WHITE ROYAL),8,13,26,13,26,78,,,,,
M GREY,8,17,34,17,34,102,,,,,
Total,,105,210,102,210,627,,,,,
,,,,,,,,,,,
,,,,,,,,,,,
Cutting Matrix — Lot 61091,,,,,,,,,,,
Lot Number:,61091,Style:,LOWER,,,,,,,,
Fabric:,UK LYCRA,Garment Type:,LOWER,,,,,,,,
,,,,,,,,,,,
Color,Cutting Table,M,L,XL,XXL,Total Pcs,,,,,
BLACK (GREY),12,10,20,20,10,60,,,,,
BLACK (WHITE),12,12,24,24,12,72,,,,,
WHITE (GREY),0,00,0,0,0,0,,,,,
ROYAL (WHITE),12,11,22,22,11,66,,,,,
RED (WHITE),12,11,22,22,11,66,,,,,
L. GREY (WHITE),12,11,22,22,11,66,,,,,
NAVY (WHITE),12,11,22,22,11,66,,,,,
LEMON,0,0,0,0,0,0,,,,,
ICE BLUE,0,0,0,0,0,0,,,,,
R.GREEN,0,0,0,0,0,0,,,,,
IVORY,12,11,22,22,11,66,,,,,
Total,,77,154,154,77,462,,,,,
,,,,,,,,,,,
,,,,,,,,,,,
Cutting Matrix — Lot 69006,,,,,,,,,,,
Lot Number:,69006,Style:,18-19 MOHRI,,,,,,,,
Fabric:,UK LYCRA,Garment Type:,LOWER,,,,,,,,
,,,,,,,,,,,
Color,Cutting Table,M,L,XL,XXL,Total Pcs,,,,,
BLACK - 350,9,70,140,70,70,350,,,,,
RED -50,9,10,20,10,10,50,,,,,
LAMON -40,9,8,16,8,8,40,,,,,
ICE BLUE - 40,9,8,16,8,8,40,,,,,
R. GREEN -30,9,6,12,6,6,30,,,,,
ROYAL BLUE - 30,9,6,12,6,6,30,,,,,
MID GREY - 70,9,14,28,14,14,70,,,,,
FONT - 70,9,14,28,14,14,70,,,,,
MENDHI - 60,9,12,24,12,12,60,,,,,
ORANGE - 30,9,6,12,6,6,30,,,,,
LE BEIGE -70,9,14,28,14,14,70,,,,,
Total,,168,336,168,168,840,,,,,
,,,,,,,,,,,
,,,,,,,,,,,
Cutting Matrix — Lot 11454,,,,,,,,,,,
Lot Number:,11454,Style:,DROPSHOULDER ROUND NECK,,,,,,,,
Fabric:,FINE COTTON,Garment Type:,T-SHIRT,,,,,,,,
,,,,,,,,,,,
Color,Cutting Table,M,L,XL,2XL,Total Pcs,,,,,
OFF WHITE,6,30,60,30,30,150,,,,,
BLACK,6,59,118,59,59,295,,,,,
RUST,6,29,58,29,29,145,,,,,
SURF,6,30,60,30,30,150,,,,,
15%,6,37,74,37,37,185,,,,,
R.GREEN,6,31,62,31,31,155,,,,,
D.GRAY,6,30,60,30,30,150,,,,,
AIRFORCE,6,29,58,29,29,145,,,,,
WHITE,6,29,58,29,29,145,,,,,
Total,,304,608,304,304,1520,,,,,
,,,,,,,,,,,
,,,,,,,,,,,
Cutting Matrix — Lot 11453,,,,,,,,,,,
Lot Number:,11453,Style:,noemal,,,,,,,,
Fabric:,FINE COTTON,Garment Type:,T-SHIRT,,,,,,,,
,,,,,,,,,,,
Color,Cutting Table,M,L,XL,2XL,Total Pcs,,,,,
OFF WHITE,3,27,54,27,27,135,,,,,
BLACK,3,32,64,32,32,160,,,,,
RUST,3,32,64,32,32,160,,,,,
SURF,3,31,62,31,31,155,,,,,
Total,,122,244,122,122,610,,,,,
,,,,,,,,,,,
,,,,,,,,,,,
Cutting Matrix — Lot 11451,,,,,,,,,,,
Lot Number:,11451,Style:,round neck,,,,,,,,
Fabric:,LYCRA,Garment Type:,T-SHIRT,,,,,,,,
,,,,,,,,,,,
Color,Cutting Table,M,L,XL,2XL,Total Pcs,,,,,
OFF WHITE,3,34,68,34,34,170,,,,,
BLACK,3,32,64,32,32,160,,,,,
15%,3,37,74,37,37,185,,,,,
Total,,103,206,103,103,515,,,,,
,,,,,,,,,,,
,,,,,,,,,,,
Cutting Matrix — Lot 11450,,,,,,,,,,,
Lot Number:,11450,Style:,r/n regular baju,,,,,,,,
Fabric:,LYCRA,Garment Type:,T-SHIRT,,,,,,,,
,,,,,,,,,,,
Color,Cutting Table,M,L,XL,2XL,Total Pcs,,,,,
OFF WHITE (RED),3,32,64,32,32,160,,,,,
RED (NAVY),3,32,64,32,32,160,,,,,
NAVY (OFF WHITE),3,32,64,32,32,160,,,,,
Total,,96,192,96,96,480,,,,,
,,,,,,,,,,,
,,,,,,,,,,,
Cutting Matrix — Lot 61078,,,,,,,,,,,
Lot Number:,61078,Style:,BOOT CUT WITH BUTTON,,,,,,,,
Fabric:,UK LYCRA,Garment Type:,LOWER,,,,,,,,
,,,,,,,,,,,
Color,Cutting Table,M,L,XL,2XL,Total Pcs,,,,,
BLACK (WHITE),8,22,22,11,11,66,,,,,
BLACK (M.GREY),8,24,24,12,12,72,,,,,
RED,8,22,22,11,11,66,,,,,
ROYAL,8,32,32,16,16,96,,,,,
WHITE,8,24,24,12,12,72,,,,,
GREY,8,24,24,12,12,72,,,,,
FIROZY,8,30,30,15,15,90,,,,,
IVORY,0,0,0,0,0,0,,,,,
OLIVE,0,0,0,0,0,0,,,,,
Total,,178,178,89,89,534,,,,,
,,,,,,,,,,,
,,,,,,,,,,,
Cutting Matrix — Lot 11457,,,,,,,,,,,
Lot Number:,11457,Style:,round neck,,,,,,,,
Fabric:,FINE COTTON,Garment Type:,T-SHIRT,,,,,,,,
,,,,,,,,,,,
Color,Cutting Table,M,L,XL,2XL,3XL,4XL,5XL,Total Pcs,,
BLACK,13,83,165,81,81,36,36,36,518,,
OFF WHITE,13,37,76,36,36,17,17,17,236,,
CREAM,13,38,76,38,38,17,17,17,241,,
AIRFORCE,13,33,66,33,33,17,17,17,216,,
DARK GREY,13,37,74,37,37,17,17,17,236,,
ORANGE,13,37,74,37,37,17,17,17,236,,
NEON GREEN,13,36,72,36,36,16,16,16,228,,
NEON YELLOW,13,34,68,34,34,17,17,17,221,,
RED,13,39,78,39,39,18,18,18,249,,
RUST,13,34,68,34,34,17,17,17,221,,
R.GREEN,13,34,68,34,34,17,17,17,221,,
Total,,442,885,439,439,206,206,206,2823,,
,,,,,,,,,,,
,,,,,,,,,,,
Cutting Matrix — Lot 11456,,,,,,,,,,,
Lot Number:,11456,Style:,round neck,,,,,,,,
Fabric:,FINE COTTON,Garment Type:,T-SHIRT,,,,,,,,
,,,,,,,,,,,
Color,Cutting Table,M,L,XL,2XL,3XL,4XL,5XL,Total Pcs,,
BLACK,14,78,156,78,78,39,39,39,507,,
N. GREEN,14,36,72,36,36,18,18,18,234,,
RUST,14,35,70,35,35,17,17,17,226,,
RED,14,35,70,35,35,17,17,17,226,,
N.YELLOW,14,34,68,34,34,17,17,17,221,,
C.GREEN,14,34,68,34,34,17,17,17,221,,
AIRFORCE,14,33,66,33,33,16,16,16,213,,
D.GRAY,14,34,68,34,34,17,17,17,221,,
NEON ORANGE,14,33,66,33,33,16,16,16,213,,
CREAM,14,37,74,37,37,18,18,18,239,,
OFF WHITE,14,37,74,37,37,18,18,18,239,,
Total,,426,852,426,426,210,210,210,2760,,
,,,,,,,,,,,
,,,,,,,,,,,
Cutting Matrix — Lot 11455,,,,,,,,,,,
Lot Number:,11455,Style:,fit normal,,,,,,,,
Fabric:,FINE COTTON,Garment Type:,T-SHIRT,,,,,,,,
,,,,,,,,,,,
Color,Cutting Table,M,L,XL,2XL,3XL,4XL,5XL,Total Pcs,,
RED,4,32,64,32,32,,,,160,,
NAVY,4,34,68,34,34,,,,170,,
OFF WHITE,4,32,64,32,32,,,,160,,
CREAM,4,32,64,32,32,,,,160,,
15%,4,40,80,40,40,,,,200,,
ROYAL,4,32,64,32,32,,,,160,,
Total,,202,404,202,202,0,0,0,1010,,
,,,,,,,,,,,
,,,,,,,,,,,
Cutting Matrix — Lot 11472,,,,,,,,,,,
Lot Number:,11472,Style:,COLLAR + THOKA,,,,,,,,
Fabric:,LYCRA MATTY,Garment Type:,T-SHIRT,,,,,,,,
,,,,,,,,,,,
Color,Cutting Table,M,L,XL,2XL,3XL,4XL,5XL,Total Pcs,,
BLACK,4,84,156,80,80,64,64,64,592,,
OFF WHITE,4,30,60,30,30,30,30,30,240,,
D COFFEE,4,30,60,30,30,30,30,30,240,,
KHAKHI,4,30,60,30,30,30,30,30,240,,
Total,,174,336,170,170,154,154,154,1312,,
,,,,,,,,,,,
,,,,,,,,,,,
Cutting Matrix — Lot 11462,,,,,,,,,,,
Lot Number:,11462,Style:,SANDO,,,,,,,,
Fabric:,HEAVY COTTON,Garment Type:,SANDOW,,,,,,,,
,,,,,,,,,,,
Color,Cutting Table,M,L,XL,2XL,Total Pcs,,,,,
BLACK,4,31,62,31,31,155,,,,,
OFF WHITE,4,30,60,30,30,150,,,,,
OFFWHITE,,0,0,0,0,0,,,,,
SURF,4,15,30,15,15,75,,,,,
D GREY,4,15,30,15,15,75,,,,,
NEO YELLOE,,0,0,0,0,0,,,,,
RANI,0,15,30,15,15,75,,,,,
N.GREY,4,16,32,16,16,80,,,,,
Total,,122,244,122,122,610,,,,,
,,,,,,,,,,,
,,,,,,,,,,,
Cutting Matrix — Lot 11447,,,,,,,,,,,
Lot Number:,11447,Style:,normal,,,,,,,,
Fabric:,PEACH,Garment Type:,T-SHIRT,,,,,,,,
,,,,,,,,,,,
Color,Cutting Table,M,L,XL,2XL,3XL,4XL,5XL,Total Pcs,,
RED,3,32,64,32,32,22,22,22,226,,
NEON GREEN,3,30,60,30,30,20,20,20,210,,
SURF,3,32,64,32,32,22,22,22,226,,
NEON YELLOW,3,31,62,31,31,20,20,20,215,,
CREAM,3,32,64,32,32,24,24,24,232,,
WHITE,3,32,64,32,32,21,21,21,223,,
D.WINE,3,31,62,31,31,23,23,23,224,,
NAVY,3,30,60,30,30,22,22,22,216,,
15%,0,0,0,0,0,0,0,0,0,,
Total,,250,500,250,250,174,174,174,1772,,
,,,,,,,,,,,
,,,,,,,,,,,
Cutting Matrix — Lot 11477,,,,,,,,,,,
Lot Number:,11477,Style:,half zipper,,,,,,,,
Fabric:,LYCRA MATTY,Garment Type:,T-SHIRT,,,,,,,,
,,,,,,,,,,,
Color,Cutting Table,M,L,XL,2XL,3XL,4XL,5XL,Total Pcs,,
BLACK,14,147,294,147,147,96,96,96,1023,,
M GREY,0,0,0,0,0,0,0,0,0,,
NAVY,1,49,98,49,49,32,32,32,341,,
WHITE,14,49,98,49,49,32,32,32,341,,
CK TONE,14,43,86,43,43,28,28,28,299,,
OLIVE,14,49,98,49,49,32,32,32,341,,
Total,,337,674,337,337,220,220,220,2345,,
,,,,,,,,,,,
,,,,,,,,,,,
Cutting Matrix — Lot 69005,,,,,,,,,,,
Lot Number:,69005,Style:,18-19 MOHRI,,,,,,,,
Fabric:,UK LYCRA,Garment Type:,LOWER,,,,,,,,
,,,,,,,,,,,
Color,Cutting Table,M,L,XL,XXL,Total Pcs,,,,,
BLACK - 350,9,70,140,70,70,350,,,,,
RED -50,9,10,20,10,10,50,,,,,
LAMON -40,9,8,16,8,8,40,,,,,
ICE BLUE - 40,9,8,16,8,8,40,,,,,
R. GREEN -30,9,6,12,6,6,30,,,,,
ROYAL BLUE - 30,9,6,12,6,6,30,,,,,
MID GREY - 70,9,14,28,14,14,70,,,,,
FONT - 70,9,14,28,14,14,70,,,,,
MENDHI - 60,9,12,24,12,12,60,,,,,
ORANGE - 30,9,6,12,6,6,30,,,,,
LE BEIGE -70,9,14,28,14,14,70,,,,,
Total,,168,336,168,168,840,,,,,
,,,,,,,,,,,
,,,,,,,,,,,
Cutting Matrix — Lot 61075,,,,,,,,,,,
Lot Number:,61075,Style:,LOWER,,,,,,,,
Fabric:,UK LYCRA,Garment Type:,LOWER,,,,,,,,
,,,,,,,,,,,
Color,Cutting Table,M,L,XL,2XL,Total Pcs,,,,,
BLACK,12,48,48,24,24,144,,,,,
ROYAL,12,34,34,17,17,102,,,,,
ICE BLUE,12,20,20,10,10,60,,,,,
NAVY,12,24,24,12,12,72,,,,,
JUNGALI,12,32,32,16,16,96,,,,,
IVORY,12,30,30,15,15,90,,,,,
PEACOCK,12,32,32,16,16,96,,,,,
STONE,12,32,32,16,16,96,,,,,
WHITE,0,0,0,0,0,0,,,,,
SILVER,12,20,20,10,10,60,,,,,
Total,,272,272,136,136,816,,,,,
,,,,,,,,,,,
,,,,,,,,,,,
Cutting Matrix — Lot 61079,,,,,,,,,,,
Lot Number:,61079,Style:,LOWER,,,,,,,,
Fabric:,CRUSH TERRY,Garment Type:,LOWER,,,,,,,,
,,,,,,,,,,,
Color,Cutting Table,M,L,XL,XXL,Total Pcs,,,,,
BLACK,8,12,24,24,12,72,,,,,
WHITE,0,0,0,0,0,0,,,,,
IVORY,8,10,20,20,10,60,,,,,
ROYAL,8,12,24,24,12,72,,,,,
OLIVE,8,15,30,30,15,90,,,,,
Total,,49,98,98,49,294,,,,,
,,,,,,,,,,,
,,,,,,,,,,,
Cutting Matrix — Lot 11465,,,,,,,,,,,
Lot Number:,11465,Style:,COLLAR + THOKA,,,,,,,,
Fabric:,FINE COTTON,Garment Type:,T-SHIRT,,,,,,,,
,,,,,,,,,,,
Color,Cutting Table,M,L,XL,Total Pcs,,,,,,
BLACK,2,110,110,55,275,,,,,,
OFF WHITYE,2,54,54,27,135,,,,,,
D GREY,2,44,44,22,110,,,,,,
SURF,2,42,42,21,105,,,,,,
TEAL,2,52,52,26,130,,,,,,
C GREEN,2,54,54,27,135,,,,,,
RUST,2,42,42,21,105,,,,,,
GOLD,2,56,56,28,140,,,,,,
RED,2,52,52,26,130,,,,,,
NAVY,2,48,48,24,120,,,,,,
WHITE,2,54,54,27,135,,,,,,
15%,2,56,56,28,140,,,,,,
Total,,664,664,332,1660,,,,,,
,,,,,,,,,,,
,,,,,,,,,,,
Cutting Matrix — Lot 11463,,,,,,,,,,,
Lot Number:,11463,Style:,DROPSHOULDER ROUND NECK,,,,,,,,
Fabric:,LYCRA SINKAR,Garment Type:,T-SHIRT,,,,,,,,
,,,,,,,,,,,
Color,Cutting Table,M,L,XL,2XL,Total Pcs,,,,,
BLACK(2),11,30,60,30,30,150,,,,,
BLACK(3),11,30,60,30,30,150,,,,,
WHITE(2),11,28,56,28,28,140,,,,,
WHITE(3),11,28,56,28,28,140,,,,,
BLUE,11,32,64,32,32,160,,,,,
15%,11,32,64,32,32,160,,,,,
LIGHT GREY,11,34,68,34,34,170,,,,,
D GREY,11,36,72,36,36,180,,,,,
Total,,250,500,250,250,1250,,,,,
,,,,,,,,,,,
,,,,,,,,,,,
Cutting Matrix — Lot 69007,,,,,,,,,,,
Lot Number:,69007,Style:,18-19 MOHRI,,,,,,,,
Fabric:,UK LYCRA,Garment Type:,LOWER,,,,,,,,
,,,,,,,,,,,
Color,Cutting Table,M,L,XL,XXL,Total Pcs,,,,,
BLACK - 350,9,70,140,70,70,350,,,,,
RED -50,9,10,20,10,10,50,,,,,
LAMON -40,9,8,16,8,8,40,,,,,
ICE BLUE - 40,9,8,16,8,8,40,,,,,
R. GREEN -30,9,6,12,6,6,30,,,,,
ROYAL BLUE - 30,9,6,12,6,6,30,,,,,
MID GREY - 70,9,14,28,14,14,70,,,,,
FONT - 70,9,14,28,14,14,70,,,,,
MENDHI - 60,9,12,24,12,12,60,,,,,
ORANGE - 30,9,6,12,6,6,30,,,,,
LE BEIGE -70,9,14,28,14,14,70,,,,,
Total,,168,336,168,168,840,,,,,
,,,,,,,,,,,
,,,,,,,,,,,
Cutting Matrix — Lot 11480,,,,,,,,,,,
Lot Number:,11480,Style:,ROUNDNECK,,,,,,,,
Fabric:,SINKER LYCRA,Garment Type:,T-SHIRT,,,,,,,,
,,,,,,,,,,,
Color,Cutting Table,M,L,XL,2XL,Total Pcs,,,,,
CREAM,2,29,58,29,29,145,,,,,
OFF WHITE,2,34,68,34,34,170,,,,,
BLACK,2,63,126,63,63,315,,,,,
ROYAL,2,33,66,33,33,165,,,,,
SURF,2,32,64,32,32,160,,,,,
ORANGE,2,32,64,32,32,160,,,,,
D GREY,2,36,72,36,36,180,,,,,
NEO  GREEN,2,31,62,31,31,155,,,,,
NAVY,2,30,60,30,30,150,,,,,
R GREEM,2,31,62,31,31,155,,,,,
L BEIGE,2,32,64,32,32,160,,,,,
KHAKHI,2,34,68,34,34,170,,,,,
AQUA,2,30,60,30,30,150,,,,,
Total,,447,894,447,447,2235,,,,,
,,,,,,,,,,,
,,,,,,,,,,,
Cutting Matrix — Lot 11448,,,,,,,,,,,
Lot Number:,11448,Style:,round neck,,,,,,,,
Fabric:,PEACH,Garment Type:,T-SHIRT,,,,,,,,
,,,,,,,,,,,
Color,Cutting Table,M,L,XL,2XL,3XL,4XL,5XL,Total Pcs,,
RANI,3,36,72,36,36,18,18,18,234,,
NEON GREEN,3,38,76,38,38,19,19,19,247,,
NEON YELLOW,3,35,70,35,35,17,17,17,226,,
SURF,3,35,70,35,35,17,17,17,226,,
CREAM,3,31,62,31,31,15,15,15,200,,
WHITE,3,35,70,35,35,17,17,17,226,,
D.GRAY,3,41,82,41,41,20,20,20,265,,
L.ORANGE,3,37,74,37,37,18,18,18,239,,
NAVY,3,35,70,35,35,17,17,17,226,,
Total,,323,646,323,323,158,158,158,2089,,
,,,,,,,,,,,
,,,,,,,,,,,
Cutting Matrix — Lot 11483,,,,,,,,,,,
Lot Number:,11483,Style:,lower,,,,,,,,
Fabric:,JORDAN RIB,Garment Type:,LOWER,,,,,,,,
,,,,,,,,,,,
Color,Cutting Table,M,L,XL,2XL,Total Pcs,,,,,
PK GREEN,8,48,48,24,24,144,,,,,
BLACK,8,140,140,70,70,420,,,,,
WHITE,8,36,36,18,18,108,,,,,
ROYAL,8,48,48,24,24,144,,,,,
NAVY,8,48,48,24,24,144,,,,,
M GREY,8,42,42,21,21,126,,,,,
FAWN,8,48,48,24,24,144,,,,,
ORANGE,8,48,48,24,24,144,,,,,
RED,8,44,44,22,22,132,,,,,
SKY,8,44,44,22,22,132,,,,,
B GREEN,8,48,48,24,24,144,,,,,
Total,,594,594,297,297,1782,,,,,
,,,,,,,,,,,
,,,,,,,,,,,
Cutting Matrix — Lot 61094,,,,,,,,,,,
Lot Number:,61094,Style:,lower,,,,,,,,
Fabric:,K9/K10,Garment Type:,LOWER,,,,,,,,
,,,,,,,,,,,
Color,Cutting Table,M,L,XL,2XL,Total Pcs,,,,,
OLIVE (K10),12,23,46,46,23,138,,,,,
SIVER (K10),12,23,46,46,23,138,,,,,
BLACK (K10),12,22,44,44,22,132,,,,,
FAWN (K9),12,19,38,38,19,114,,,,,
BLACK (K9),12,23,46,46,23,138,,,,,
OLIVE (K9),12,23,46,46,23,138,,,,,
Total,,133,266,266,133,798,,,,,
,,,,,,,,,,,
,,,,,,,,,,,
Cutting Matrix — Lot 11469,,,,,,,,,,,
Lot Number:,11469,Style:,half zipper,,,,,,,,
Fabric:,LYCRA MATTY,Garment Type:,T-SHIRT COLLAR,,,,,,,,
,,,,,,,,,,,
Color,Cutting Table,M,L,XL,2XL,3XL,4XL,5XL,Total Pcs,,
BLACK,11,98,196,98,98,66,66,66,688,,
ROYAL,11,49,98,49,49,33,33,33,344,,
B GREEN,11,49,98,49,49,33,33,33,344,,
WHITE,11,49,98,49,49,33,33,33,344,,
CK TONE,0,0,0,0,0,0,0,0,0,,
GREY,11,49,98,49,49,33,33,33,344,,
OLIVE,11,49,98,49,49,33,33,33,344,,
WINE,11,49,98,49,49,33,33,33,344,,
CREAM,11,49,98,49,49,33,33,33,344,,
Total,,441,882,441,441,297,297,297,3096,,
,,,,,,,,,,,
,,,,,,,,,,,
Cutting Matrix — Lot 11476,,,,,,,,,,,
Lot Number:,11476,Style:,COLLAR + THOKA,,,,,,,,
Fabric:,SINKAR LYCRA,Garment Type:,T-SHIRT,,,,,,,,
,,,,,,,,,,,
Color,Cutting Table,M,L,XL,2XL,3XL,4XL,5XL,Total Pcs,,
CREAM (OLIVE),4,49,98,49,49,32,32,32,341,,
L BEIGE (KHAKHI),4,49,98,49,49,32,32,32,341,,
BLACK (BLACK),4,98,196,98,98,64,64,64,682,,
RUST (CREAM),4,44,88,44,44,29,29,29,307,,
OFF WHITE (L PISTA),4,49,98,49,49,32,32,32,341,,
15% (L BEIGE),4,49,98,49,49,32,32,32,341,,
Total,,338,676,338,338,221,221,221,2353,,
,,,,,,,,,,,
,,,,,,,,,,,
Cutting Matrix — Lot 61093,,,,,,,,,,,
Lot Number:,61093,Style:,lower,,,,,,,,
Fabric:,VISION,Garment Type:,LOWER,,,,,,,,
,,,,,,,,,,,
Color,Cutting Table,M,L,XL,XXL,Total Pcs,,,,,
BEIGE,8,24,24,12,12,72,,,,,
BROWN,8,24,24,12,12,72,,,,,
BLACK,8,48,48,24,24,144,,,,,
D GREY,8,22,22,11,11,66,,,,,
Total,,118,118,59,59,354,,,,,
,,,,,,,,,,,
,,,,,,,,,,,
Cutting Matrix — Lot 11468,,,,,,,,,,,
Lot Number:,11468,Style:,thoka zip,,,,,,,,
Fabric:,LYCRA MATTY,Garment Type:,T-SHIRT,,,,,,,,
,,,,,,,,,,,
Color,Cutting Table,M,L,XL,2XL,3XL,4XL,5XL,Total Pcs,,
BLACK,13,49,98,49,49,32,32,32,341,,
WHITE,13,49,98,49,49,32,32,32,341,,
L KHAKHI,13,49,98,49,49,32,32,32,341,,
PEACOCK,13,49,98,49,49,32,32,32,341,,
ARMANI BLUE,13,49,98,49,49,32,32,32,341,,
NAVY,0,0,0,0,0,0,0,0,0,,
ROYAL,13,49,98,49,49,32,32,32,341,,
PURE WHITE,6,49,98,49,49,33,33,33,344,,
Total,,343,686,343,343,225,225,225,2390,,
,,,,,,,,,,,
Cutting Matrix — Lot 65017,,,,,,,,,,,
Lot Number:,65017,Style:,nikker + sando,,,,,,,,
Fabric:,MASS,Garment Type:,TRACK SUIT,,,,,,,,
,,,,,,,,,,,
Color,Cutting Table,L,XL,2XL,3XL,Total Pcs,,,,,
BLACK,1,50,50,50,50,200,,,,,
BLACK (HALF),0,0,0,0,0,0,,,,,
CREAM,1,25,25,25,25,100,,,,,
OFF WHITE,1,25,25,25,25,100,,,,,
SKY,1,25,25,25,25,100,,,,,
L GREY,1,25,25,25,25,100,,,,,
FIROZY,1,25,25,25,25,100,,,,,
OLIVE,1,25,25,25,25,100,,,,,
NAVY,1,25,25,25,25,100,,,,,
GREY,1,25,25,25,25,100,,,,,
YELLOW,1,25,25,25,25,100,,,,,
RED,1,25,25,25,25,100,,,,,
ROYAL,1,25,25,25,25,100,,,,,
ORANGE,1,25,25,25,25,100,,,,,
Total,,350,350,350,350,1400,,,,,
,,,,,,,,,,,
,,,,,,,,,,,
Cutting Matrix — Lot 65018,,,,,,,,,,,
Lot Number:,65018,Style:,nikker + sando,,,,,,,,
Fabric:,MASS,Garment Type:,TRACK SUIT,,,,,,,,
,,,,,,,,,,,
Color,Cutting Table,L,XL,2XL,3XL,Total Pcs,,,,,
BLACK,1,50,50,50,50,200,,,,,
BLACK (HALF),0,0,0,0,0,0,,,,,
CREAM,1,25,25,25,25,100,,,,,
OFF WHITE,1,25,25,25,25,100,,,,,
SKY,1,25,25,25,25,100,,,,,
L GREY,1,25,25,25,25,100,,,,,
FIROZY,1,25,25,25,25,100,,,,,
OLIVE,1,25,25,25,25,100,,,,,
NAVY,1,25,25,25,25,100,,,,,
GREY,1,25,25,25,25,100,,,,,
YELLOW,1,25,25,25,25,100,,,,,
RED,1,25,25,25,25,100,,,,,
ROYAL,1,25,25,25,25,100,,,,,
ORANGE,2,25,25,25,25,100,,,,,
Total,,350,350,350,350,1400,,,,,
,,,,,,,,,,,
,,,,,,,,,,,
Cutting Matrix — Lot 62058,,,,,,,,,,,
Lot Number:,62058,Style:,DROPSHOULDER ROUND NECK,,,,,,,,
Fabric:,HEAVY COTTON,Garment Type:,T-SHIRT,,,,,,,,
,,,,,,,,,,,
Color,Cutting Table,S,M,L,XL,Total Pcs,,,,,
BLACK,1,36,72,72,36,216,,,,,
CREAM,1,37,74,74,37,222,,,,,
OFF WHITE,1,36,72,72,36,216,,,,,
15%,1,50,100,100,50,300,,,,,
Total,,159,318,318,159,954,,,,,
,,,,,,,,,,,
,,,,,,,,,,,
Cutting Matrix — Lot 62059,,,,,,,,,,,
Lot Number:,62059,Style:,DROPSHOULDER ROUND NECK,,,,,,,,
Fabric:,HEAVY COTTON,Garment Type:,T-SHIRT,,,,,,,,
,,,,,,,,,,,
Color,Cutting Table,S,M,L,XL,Total Pcs,,,,,
BLACK,1,24,48,48,24,144,,,,,
CREAM,1,24,48,48,24,144,,,,,
OFF WHITE,1,23,46,46,23,138,,,,,
D GREY,1,24,48,48,24,144,,,,,
Total,,95,190,190,95,570,,,,,
,,,,,,,,,,,
,,,,,,,,,,,
Cutting Matrix — Lot 11467,,,,,,,,,,,
Lot Number:,11467,Style:,COLLAR + THOKA,,,,,,,,
Fabric:,NON LYCRA MATTY,Garment Type:,T-SHIRT,,,,,,,,
,,,,,,,,,,,
Color,Cutting Table,M,L,XL,2XL,Total Pcs,,,,,
NEO GREEN,11,32,64,32,32,160,,,,,
NEO YELLOW,11,31,62,31,31,155,,,,,
OFF WHITE,11,60,120,60,60,300,,,,,
B GREEN,11,29,58,29,29,145,,,,,
PINK,11,30,60,30,30,150,,,,,
BLACK,11,60,120,60,60,300,,,,,
RED,11,33,66,33,33,165,,,,,
Total,,275,550,275,275,1375,,,,,
,,,,,,,,,,,
,,,,,,,,,,,
Cutting Matrix — Lot 69002,,,,,,,,,,,
Lot Number:,69002,Style:,18-19 MOHRI,,,,,,,,
Fabric:,UK LYCRA,Garment Type:,LOWER,,,,,,,,
,,,,,,,,,,,
Color,Cutting Table,M,L,XL,2XL,Total Pcs,,,,,
BLACK - 350,9,70,140,70,70,350,,,,,
RED -50,9,10,20,10,10,50,,,,,
LAMON -40,9,8,16,8,8,40,,,,,
ICE BLUE - 40,9,8,16,8,8,40,,,,,
R. GREEN -30,9,6,12,6,6,30,,,,,
ROYAL BLUE - 30,9,6,12,6,6,30,,,,,
MID GREY - 70,9,14,28,14,14,70,,,,,
FONT - 70,9,14,28,14,14,70,,,,,
MENDHI - 60,9,12,24,12,12,60,,,,,
ORANGE - 30,9,6,12,6,6,30,,,,,
LE BEIGE -70,9,14,28,14,14,70,,,,,
Total,,168,336,168,168,840,,,,,
,,,,,,,,,,,
,,,,,,,,,,,
Cutting Matrix — Lot 11484,,,,,,,,,,,
Lot Number:,11484,Style:,lower,,,,,,,,
Fabric:,FIGHTER,Garment Type:,LOWER,,,,,,,,
,,,,,,,,,,,
Color,Cutting Table,M,L,XL,2XL,Total Pcs,,,,,
BLACK1,12,43,86,43,43,215,,,,,
BLACK2,12,44,88,44,44,220,,,,,
BLACK3,12,43,86,43,43,215,,,,,
BLACK4,12,44,88,44,44,220,,,,,
BLACK5,12,43,86,43,43,215,,,,,
BLACK6,12,44,88,44,44,220,,,,,
BLACK7,12,35,70,35,35,175,,,,,
BLACK8,12,43,86,43,43,215,,,,,
BLACK9,12,28,56,28,28,140,,,,,
Total,,367,734,367,367,1835,,,,,
,,,,,,,,,,,
,,,,,,,,,,,
Cutting Matrix — Lot 61095,,,,,,,,,,,
Lot Number:,61095,Style:,lower,,,,,,,,
Fabric:,K9/K10,Garment Type:,LOWER,,,,,,,,
,,,,,,,,,,,
Color,Cutting Table,M,L,XL,2XL,Total Pcs,,,,,
OLIVE (K11),12,23,46,46,23,138,,,,,
COFFEE (K11),12,23,46,46,23,138,,,,,
BLACK (K11),12,22,44,44,22,132,,,,,
FAWN (K9),12,23,46,46,23,138,,,,,
BLACK (K9),12,23,46,46,23,138,,,,,
OLIVE (K9),12,23,46,46,23,138,,,,,
Total,,137,274,274,137,822,,,,,
,,,,,,,,,,,
,,,,,,,,,,,
Cutting Matrix — Lot 11464,,,,,,,,,,,
Lot Number:,11464,Style:,DROPSHOULDER ROUND NECK,,,,,,,,
Fabric:,HEAVY COTTON,Garment Type:,T-SHIRT R/N,,,,,,,,
,,,,,,,,,,,
Color,Cutting Table,M,L,XL,2XL,Total Pcs,,,,,
SURF,4,27,54,27,27,135,,,,,
FAINTER,4,31,62,31,31,155,,,,,
BLACK,4,78,156,78,78,390,,,,,
WHITE,4,26,52,26,26,130,,,,,
TEAL,4,27,54,27,27,135,,,,,
GOLD,4,31,62,31,31,155,,,,,
NEO GREEN,4,28,56,28,28,140,,,,,
CREAM,4,27,54,27,27,135,,,,,
15%,4,38,76,38,38,190,,,,,
RUST,0,0,0,0,0,0,,,,,
D GREY,4,27,54,27,27,135,,,,,
D COFFEE,4,29,58,29,29,145,,,,,
OLIVE,4,28,56,28,28,140,,,,,
RED,4,27,54,27,27,135,,,,,
NAVY,4,27,54,27,27,135,,,,,
B GREEN,4,24,48,24,24,120,,,,,
RANI,4,30,60,30,30,150,,,,,
Total,,505,1010,505,505,2525,,,,,
,,,,,,,,,,,
,,,,,,,,,,,
Cutting Matrix — Lot 11466,,,,,,,,,,,
Lot Number:,11466,Style:,coller thoka full baju,,,,,,,,
Fabric:,FINE COTTON,Garment Type:,T-SHIRT,,,,,,,,
,,,,,,,,,,,
Color,Cutting Table,M,L,XL,Total Pcs,,,,,,
COFFEE,6,48,48,24,120,,,,,,
BLACK,6,102,102,51,255,,,,,,
CREAM,6,48,48,24,120,,,,,,
NAVY,6,50,50,25,125,,,,,,
BEIGE,6,48,48,24,120,,,,,,
D GREEN,6,44,44,22,110,,,,,,
Total,,340,340,170,850,,,,,,
,,,,,,,,,,,
,,,,,,,,,,,
Cutting Matrix — Lot 11470,,,,,,,,,,,
Lot Number:,11470,Style:,half zipper,,,,,,,,
Fabric:,LYCRA MATTY,Garment Type:,T-SHIRT,,,,,,,,
,,,,,,,,,,,
Color,Cutting Table,M,L,XL,XXL,XXXL,4XL,5XL,Total Pcs,,
BLACK,6,49,98,49,49,32,32,32,341,,
OFFWHITE,6,49,98,49,49,32,32,32,341,,
COFFEE,6,49,98,49,49,32,32,32,341,,
KHAKHI,6,49,98,49,49,32,32,32,341,,
PEACOCK,6,49,98,49,49,32,32,32,341,,
GREY,6,49,98,49,49,32,32,32,341,,
Total,,294,588,294,294,192,192,192,2046,,
,,,,,,,,,,,
,,,,,,,,,,,
Cutting Matrix — Lot 65021,,,,,,,,,,,
Lot Number:,65021,Style:,nikker,,,,,,,,
Fabric:,UK LYCRA,Garment Type:,NIKKER,,,,,,,,
,,,,,,,,,,,
Color,Cutting Table,L,XL,2XL,3XL,Total Pcs,,,,,
BLACK,8,30,30,30,30,120,,,,,
RED,8,15,15,15,15,60,,,,,
Z GREY,8,15,15,15,15,60,,,,,
ROYAL,8,15,15,15,15,60,,,,,
NAVY,8,15,15,15,15,60,,,,,
Total,,90,90,90,90,360,,,,,
,,,,,,,,,,,
,,,,,,,,,,,
Cutting Matrix — Lot 65022,,,,,,,,,,,
Lot Number:,65022,Style:,nikker,,,,,,,,
Fabric:,UK LYCRA,Garment Type:,NIKKER,,,,,,,,
,,,,,,,,,,,
Color,Cutting Table,L,XL,2XL,3XL,Total Pcs,,,,,
BLACK,8,34,34,34,34,136,,,,,
RED,8,15,15,15,15,60,,,,,
Z GREY,8,15,15,15,15,60,,,,,
ROYAL,8,15,15,15,15,60,,,,,
NAVY,8,16,16,16,16,64,,,,,
Total,,95,95,95,95,380,,,,,
,,,,,,,,,,,
,,,,,,,,,,,
Cutting Matrix — Lot 65023,,,,,,,,,,,
Lot Number:,65023,Style:,nikker,,,,,,,,
Fabric:,UK LYCRA,Garment Type:,NIKKER,,,,,,,,
,,,,,,,,,,,
Color,Cutting Table,L,XL,2XL,3XL,Total Pcs,,,,,
BLACK,8,31,31,31,31,124,,,,,
RED,8,15,15,15,15,60,,,,,
Z GREY,8,15,15,15,15,60,,,,,
ROYAL,8,16,16,16,16,64,,,,,
NAVY,8,16,16,16,16,64,,,,,
Total,,93,93,93,93,372,,,,,
,,,,,,,,,,,
,,,,,,,,,,,
Cutting Matrix — Lot 62060,,,,,,,,,,,
Lot Number:,62060,Style:,DROPSHOULDER ROUND NECK,,,,,,,,
Fabric:,LOPPER LYCRA,Garment Type:,T-SHIRT R/N,,,,,,,,
,,,,,,,,,,,
Color,Cutting Table,S,M,L,XL,Total Pcs,,,,,
RED,3,12,24,24,12,72,,,,,
BLACK,3,25,50,50,25,150,,,,,
BEIGE,3,13,26,26,13,78,,,,,
CREAM,3,12,24,24,12,72,,,,,
OFF WHITE,3,12,24,24,12,72,,,,,
GREEN,3,13,26,26,13,78,,,,,
SURF,3,12,24,24,12,72,,,,,
RUST,3,11,22,22,11,66,,,,,
TEAL,3,10,20,20,10,60,,,,,
COFFEE,3,13,26,26,13,78,,,,,
GOLD,3,11,22,22,11,66,,,,,
Total,,144,288,288,144,864,,,,,
,,,,,,,,,,,
,,,,,,,,,,,
Cutting Matrix — Lot 11449,,,,,,,,,,,
Lot Number:,11449,Style:,round neck,,,,,,,,
Fabric:,PEACH,Garment Type:,T-SHIRT,,,,,,,,
,,,,,,,,,,,
Color,Cutting Table,M,L,XL,2XL,3XL,4XL,5XL,Total Pcs,,
RANI,3,30,60,30,30,15,15,15,195,,
15%,0,0,0,0,0,0,0,0,0,,
NEON YELLOW,3,28,56,28,28,14,14,14,182,,
SURF,3,24,48,24,24,12,12,12,156,,
PINK,3,37,74,37,37,18,18,18,239,,
WHITE,3,37,74,37,37,18,18,18,239,,
NEON GREEN,3,37,74,37,37,18,18,18,239,,
CREAM,3,37,74,37,37,18,18,18,239,,
NAVY,3,29,58,29,29,14,14,14,187,,
Total,,259,518,259,259,127,127,127,1676,,
,,,,,,,,,,,
,,,,,,,,,,,
Cutting Matrix — Lot 76014,,,,,,,,,,,
Lot Number:,76014,Style:,shirt full baju,,,,,,,,
Fabric:,BERRY BLAST,Garment Type:,SHIRT,,,,,,,,
,,,,,,,,,,,
Color,Cutting Table,M,L,XL,2XL,Total Pcs,,,,,
NAVY,7,24,48,24,24,120,,,,,
WHITE,7,24,48,24,24,120,,,,,
BROWN,7,24,48,24,24,120,,,,,
AIRFORCE,7,24,48,24,24,120,,,,,
WINE,7,24,48,24,24,120,,,,,
CREAM,7,24,48,24,24,120,,,,,
Total,,144,288,144,144,720,,,,,
,,,,,,,,,,,
,,,,,,,,,,,
Cutting Matrix — Lot 11489,,,,,,,,,,,
Lot Number:,11489,Style:,COLLAR + THOKA,,,,,,,,
Fabric:,PRINT MATTY LYCRA,Garment Type:,T-SHIRT,,,,,,,,
,,,,,,,,,,,
Color,Cutting Table,M,L,XL,2XL,Total Pcs,,,,,
BLACK,11,40,80,40,40,200,,,,,
BEIGE,11,40,80,40,40,200,,,,,
COFFEE,11,40,80,40,40,200,,,,,
D GREY,11,40,80,40,40,200,,,,,
Total,,160,320,160,160,800,,,,,
,,,,,,,,,,,
,,,,,,,,,,,
Cutting Matrix — Lot 11475,,,,,,,,,,,
Lot Number:,11475,Style:,COLLAR + THOKA,,,,,,,,
Fabric:,SINKAR LYCRA,Garment Type:,T-SHIRT,,,,,,,,
,,,,,,,,,,,
Color,Cutting Table,M,L,XL,2XL,3XL,4XL,5XL,Total Pcs,,
BLACK (WHITE),1,49,98,49,49,32,32,32,341,,
BLACK (GREEN),1,49,98,49,49,32,32,32,341,,
BLACK (GREY),1,49,98,49,49,32,32,32,341,,
L KHAKHI (D COFFEE),1,49,98,49,49,32,32,32,341,,
GREY (WHITE),1,49,98,49,49,32,32,32,341,,
RED (WHITE),1,49,98,49,49,32,32,32,341,,
GREEN (WHITE),1,49,98,49,49,32,32,32,341,,
COFFEE (WHITE),1,49,98,49,49,32,32,32,341,,
M OLIVE (NAVY),1,49,98,49,49,32,32,32,341,,
OLIVE (WHITE),1,49,98,49,49,32,32,32,341,,
WHITE (NAVY),1,49,98,49,49,32,32,32,341,,
WHITE (KHAKHI),1,49,98,49,49,32,32,32,341,,
PEACOCK (OFF WHITE),1,49,98,49,49,32,32,32,341,,
Total,,637,1274,637,637,416,416,416,4433,,
,,,,,,,,,,,
,,,,,,,,,,,
Cutting Matrix — Lot 61090,,,,,,,,,,,
Lot Number:,61090,Style:,NIKKER,,,,,,,,
Fabric:,LINON,Garment Type:,NIKKER,,,,,,,,
,,,,,,,,,,,
Color,Cutting Table,M,L,XL,XXL,Total Pcs,,,,,
ACRO,12,27,54,27,27,135,,,,,
CHIKU,12,28,56,28,28,140,,,,,
BEIGE,12,28,56,28,28,140,,,,,
BROWN,12,26,52,26,26,130,,,,,
KHAKI,12,24,48,24,24,120,,,,,
BLACK,12,27,54,27,27,135,,,,,
Total,,160,320,160,160,800,,,,,
,,,,,,,,,,,
,,,,,,,,,,,
Cutting Matrix — Lot 11490,,,,,,,,,,,
Lot Number:,11490,Style:,LOWER CARGO,,,,,,,,
Fabric:,JT 512,Garment Type:,LOWER,,,,,,,,
,,,,,,,,,,,
Color,Cutting Table,M,L,XL,2XL,Total Pcs,,,,,
BLACK,8,55,110,55,55,275,,,,,
RED,8,27,54,27,27,135,,,,,
ROYAL,8,27,54,27,27,135,,,,,
SILVER,8,28,56,28,28,140,,,,,
FAWN,8,27,54,27,27,135,,,,,
FOREST,8,27,54,27,27,135,,,,,
D GREY,8,26,52,26,26,130,,,,,
NAVY,8,28,56,28,28,140,,,,,
Total,,245,490,245,245,1225,,,,,
,,,,,,,,,,,
,,,,,,,,,,,
Cutting Matrix — Lot 11486,,,,,,,,,,,
Lot Number:,11486,Style:,NIKKER,,,,,,,,
Fabric:,PRINT CLOTH,Garment Type:,NIKKER,,,,,,,,
,,,,,,,,,,,
Color,Cutting Table,L,XL,2XL,3XL,Total Pcs,,,,,
GREY,5,51,51,51,51,204,,,,,
BEIGE,5,32,32,32,32,128,,,,,
ACVE,5,26,26,26,26,104,,,,,
BROWN,5,26,26,26,26,104,,,,,
ACRU,5,26,26,26,26,104,,,,,
Total,,161,161,161,161,644,,,,,
,,,,,,,,,,,
,,,,,,,,,,,
Cutting Matrix — Lot 62061,,,,,,,,,,,
Lot Number:,62061,Style:,full baju baju folding,,,,,,,,
Fabric:,FINE COTTON,Garment Type:,T-SHIRT R/N,,,,,,,,
,,,,,,,,,,,
Color,Cutting Table,M,L,XL,Total Pcs,,,,,,
FANTIER,6,48,48,24,120,,,,,,
CREAM,6,54,54,27,135,,,,,,
RUST,6,52,52,26,130,,,,,,
COFFEE,6,52,52,26,130,,,,,,
BLACK,6,92,92,46,230,,,,,,
NAVY,6,56,56,28,140,,,,,,
15%,6,68,68,34,170,,,,,,
Total,,422,422,211,1055,,,,,,
,,,,,,,,,,,
,,,,,,,,,,,
Cutting Matrix — Lot 61025,,,,,,,,,,,
Lot Number:,61025,Style:,nikkar,,,,,,,,
Fabric:,JORDAN RIB,Garment Type:,NIKKER,,,,,,,,
,,,,,,,,,,,
Color,Cutting Table,M,L,XL,XXL,4XL,XXXL,Total Pcs,,,
BLACK,9,39,43,78,39,39,39,277,,,
NAVY,9,19,21,38,19,19,19,135,,,
DGREY,9,20,20,40,20,20,20,140,,,
L GREY,9,19,24,38,19,19,19,138,,,
CAMEL,9,19,23,38,19,19,19,137,,,
ROYAL,9,19,24,38,19,19,19,138,,,
Total,,135,155,270,135,135,135,965,,,
,,,,,,,,,,,
,,,,,,,,,,,
Cutting Matrix — Lot 62047,,,,,,,,,,,
Lot Number:,62047,Style:,DROPSHOULDER ROUND NECK,,,,,,,,
Fabric:,LYCRA SINKER,Garment Type:,T-SHIRT R/N,,,,,,,,
,,,,,,,,,,,
Color,Cutting Table,S,M,L,XL,Total Pcs,,,,,
BLACK,11,25,50,25,25,125,,,,,
WHITE,11,35,70,35,35,175,,,,,
D GREY,11,16,32,16,16,80,,,,,
D GREEN,11,16,32,16,16,80,,,,,
FANTIRE,11,17,34,17,17,85,,,,,
1%,11,15,30,15,15,75,,,,,
SURF,11,15,30,15,15,75,,,,,
Total,,139,278,139,139,695,,,,,
,,,,,,,,,,,
,,,,,,,,,,,
Cutting Matrix — Lot 11485,,,,,,,,,,,
Lot Number:,11485,Style:,LOWER CARGO,,,,,,,,
Fabric:,PRINT CLOTH,Garment Type:,LOWER,,,,,,,,
,,,,,,,,,,,
Color,Cutting Table,M,L,XL,2XL,Total Pcs,,,,,
GREY,9,51,105,51,51,258,,,,,
BEIGE,9,26,52,26,26,130,,,,,
ACVE,9,29,60,29,29,147,,,,,
BROWN,9,28,58,28,28,142,,,,,
ACRU,9,27,56,27,27,137,,,,,
Total,,161,331,161,161,814,,,,,
,,,,,,,,,,,
,,,,,,,,,,,
Cutting Matrix — Lot 11460,,,,,,,,,,,
Lot Number:,11460,Style:,round neck,,,,,,,,
Fabric:,FINE COTTON,Garment Type:,T-SHIRT,,,,,,,,
,,,,,,,,,,,
Color,Cutting Table,M,L,XL,2XL,3XL,4XL,5XL,Total Pcs,,
N.YELLOW,2,35,70,35,35,18,18,18,229,,
N.GREEN,2,34,68,34,34,17,17,17,221,,
ROYAL,2,34,68,34,34,17,17,17,221,,
D.GRAY,2,33,66,33,33,17,17,17,216,,
RUST,2,26,52,26,26,13,13,13,169,,
AIRFORCE,0,0,0,0,0,0,0,0,0,,
RED,2,36,72,36,36,18,18,18,234,,
OFF WHITE,2,36,72,36,36,18,18,18,234,,
CREAM,2,36,72,36,36,18,18,18,234,,
NAVY,2,36,72,36,36,18,18,18,234,,
BLACK,2,61,122,61,61,31,31,31,398,,
BLUE,0,0,0,0,0,0,0,0,0,,
Total,,367,734,367,367,185,185,185,2390,,
,,,,,,,,,,,
Cutting Matrix — Lot 11491,,,,,,,,,,,
Lot Number:,11491,Style:,LOWER CARGO,,,,,,,,
Fabric:,KL11,Garment Type:,LOWER,,,,,,,,
,,,,,,,,,,,
Color,Cutting Table,M,L,XL,2XL,Total Pcs,,,,,
OLIVE (K11),8,26,52,26,26,130,,,,,
BLACK (K11),8,26,52,26,26,130,,,,,
COFFEE (K11),8,26,52,26,26,130,,,,,
OLIVE2 (K12),8,26,52,26,26,130,,,,,
FAWN (K12),8,25,50,25,25,125,,,,,
BLACK (K12),8,26,52,26,26,130,,,,,
Total,,155,310,155,155,775,,,,,
,,,,,,,,,,,
,,,,,,,,,,,
Cutting Matrix — Lot 76020,,,,,,,,,,,
Lot Number:,76020,Style:,full baju,,,,,,,,
Fabric:,BERRY BLAST,Garment Type:,SHIRT,,,,,,,,
,,,,,,,,,,,
Color,Cutting Table,M,L,XL,2XL,Total Pcs,,,,,
BLACK (BLACK),11,24,24,24,24,96,,,,,
WHITE (WHITE),11,24,24,24,24,96,,,,,
SKY (NAVY),11,24,24,24,24,96,,,,,
BLACK (GREY),11,24,24,24,24,96,,,,,
WHITE (AIR FORCE),11,24,24,24,24,96,,,,,
Total,,120,120,120,120,480,,,,,
,,,,,,,,,,,
,,,,,,,,,,,
Cutting Matrix — Lot 62046,,,,,,,,,,,
Lot Number:,62046,Style:,DROPSHOULDER ROUND NECK,,,,,,,,
Fabric:,LYCRA SINKER,Garment Type:,T-SHIRT R/N,,,,,,,,
,,,,,,,,,,,
Color,Cutting Table,S,M,L,XL,Total Pcs,,,,,
BLACK,3,29,58,29,29,145,,,,,
WHITE,3,33,66,33,33,165,,,,,
D GREEN,3,23,46,23,23,115,,,,,
SURF,3,16,32,16,16,80,,,,,
FANTIRE,3,16,32,16,16,80,,,,,
RED,3,12,24,12,12,60,,,,,
D GREY,3,15,30,15,15,75,,,,,
Total,,144,288,144,144,720,,,,,
,,,,,,,,,,,
,,,,,,,,,,,
Cutting Matrix — Lot 11500,,,,,,,,,,,
Lot Number:,11500,Style:,half zipper coller,,,,,,,,
Fabric:,CT6750,Garment Type:,T-SHIRT,,,,,,,,
,,,,,,,,,,,
Color,Cutting Table,M,L,XL,2XL,Total Pcs,,,,,
BLACK,1,40,80,40,40,200,,,,,
DK GREY,1,40,80,40,40,200,,,,,
BRICK,1,40,80,40,40,200,,,,,
COFFEE,1,40,80,40,40,200,,,,,
WHITE,1,40,80,40,40,200,,,,,
GREEN,1,40,80,40,40,200,,,,,
Total,,240,480,240,240,1200,,,,,
,,,,,,,,,,,
,,,,,,,,,,,
Cutting Matrix — Lot 11505,,,,,,,,,,,
Lot Number:,11505,Style:,half zipper coller,,,,,,,,
Fabric:,6750,Garment Type:,T-SHIRT,,,,,,,,
,,,,,,,,,,,
Color,Cutting Table,M,L,XL,2XL,Total Pcs,,,,,
BLACK,1,40,80,40,40,200,,,,,
D GREY,1,40,80,40,40,200,,,,,
BRICK,1,40,80,40,40,200,,,,,
COFFEE,1,40,80,40,40,200,,,,,
WHITE,1,40,80,40,40,200,,,,,
GREEN,1,40,80,40,40,200,,,,,
Total,,240,480,240,240,1200,,,,,
,,,,,,,,,,,
,,,,,,,,,,,
Cutting Matrix — Lot 11458,,,,,,,,,,,
Lot Number:,11458,Style:,round neck,,,,,,,,
Fabric:,FINE COTTON,Garment Type:,T-SHIRT,,,,,,,,
,,,,,,,,,,,
Color,Cutting Table,M,L,XL,2XL,3XL,4XL,5XL,Total Pcs,,
BLACK,1,71,142,71,71,35,35,35,460,,
R. GREEN,1,32,64,32,32,16,16,16,208,,
NAVY,1,36,72,36,36,18,18,18,234,,
ORANGE,1,34,68,34,34,17,17,17,221,,
COFFEE,1,33,66,33,33,16,16,16,213,,
GOLD,1,40,80,40,40,20,20,20,260,,
SURF,1,37,74,37,37,18,18,18,239,,
NEON GREEN,1,35,70,35,35,17,17,17,226,,
OFF WHITE,1,32,64,32,32,16,16,16,208,,
CREAM,1,24,48,24,24,12,12,12,156,,
RED,1,36,72,36,36,18,18,18,234,,
Total,,410,820,410,410,203,203,203,2659,,
,,,,,,,,,,,
,,,,,,,,,,,
Cutting Matrix — Lot 11459,,,,,,,,,,,
Lot Number:,11459,Style:,round neck,,,,,,,,
Fabric:,FINE COTTON,Garment Type:,T-SHIRT,,,,,,,,
,,,,,,,,,,,
Color,Cutting Table,M,L,XL,2XL,3XL,4XL,5XL,Total Pcs,,
BLACK,1,72,144,72,72,35,35,35,465,,
R. GREEN,1,32,64,32,32,16,16,16,208,,
NAVY,1,35,70,35,35,17,17,17,226,,
ORANGE,1,33,66,33,33,16,16,16,213,,
COFFEE,1,34,68,34,34,17,17,17,221,,
GOLD,1,40,80,40,40,20,20,20,260,,
SURF,1,40,80,40,40,20,20,20,260,,
NEON GREEN,1,35,70,35,35,17,17,17,226,,
OFF WHITE,1,33,66,33,33,16,16,16,213,,
CREAM,1,36,72,36,36,18,18,18,234,,
RED,1,33,66,33,33,16,16,16,213,,
Total,,423,846,423,423,208,208,208,2739,,
,,,,,,,,,,,
,,,,,,,,,,,
Cutting Matrix — Lot 11495,,,,,,,,,,,
Lot Number:,11495,Style:,18-19 MOHRI,,,,,,,,
Fabric:,ELEGANT LILLEN,Garment Type:,LOWER,,,,,,,,
,,,,,,,,,,,
Color,Cutting Table,M,L,XL,2XL,Total Pcs,,,,,
BLACK,12,27,54,54,27,162,,,,,
BROWN,12,35,70,70,35,210,,,,,
BEIGE,12,36,72,72,36,216,,,,,
Total,,98,196,196,98,588,,,,,
,,,,,,,,,,,
,,,,,,,,,,,
Cutting Matrix — Lot 11494,,,,,,,,,,,
Lot Number:,11494,Style:,18-19 MOHRI,,,,,,,,
Fabric:,ELEGANT LILLEN,Garment Type:,LOWER,,,,,,,,
,,,,,,,,,,,
Color,Cutting Table,M,L,XL,2XL,Total Pcs,,,,,
BLACK,12,37,74,74,37,222,,,,,
BROWN,12,31,62,62,31,186,,,,,
BEIGE,12,33,66,66,33,198,,,,,
Total,,101,202,202,101,606,,,,,
,,,,,,,,,,,
,,,,,,,,,,,
Cutting Matrix — Lot 62039,,,,,,,,,,,
Lot Number:,62039,Style:,DROPSHOULDER ROUND NECK,,,,,,,,
Fabric:,LYCRA SINKER,Garment Type:,T-SHIRT R/N,,,,,,,,
,,,,,,,,,,,
Color,Cutting Table,S,M,L,XL,Total Pcs,,,,,
BLACK,11,31,62,31,31,155,,,,,
WHITE,11,28,56,28,28,140,,,,,
GOLD,11,14,28,14,14,70,,,,,
R GREEN,11,15,30,15,15,75,,,,,
RED,11,17,34,17,17,85,,,,,
15%,11,16,32,16,16,80,,,,,
Total,,121,242,121,121,605,,,,,
,,,,,,,,,,,
,,,,,,,,,,,
Cutting Matrix — Lot 62045,,,,,,,,,,,
Lot Number:,62045,Style:,DROPSHOULDER ROUND NECK,,,,,,,,
Fabric:,LYCRA SINKER,Garment Type:,T-SHIRT R/N,,,,,,,,
,,,,,,,,,,,
Color,Cutting Table,S,M,L,XL,Total Pcs,,,,,
BLACK,11,31,62,31,31,155,,,,,
WHITE,11,34,68,34,34,170,,,,,
SURF,11,16,32,16,16,80,,,,,
15%,11,15,30,15,15,75,,,,,
RED,11,15,30,15,15,75,,,,,
AIRFORCE,11,9,18,9,9,45,,,,,
Total,,120,240,120,120,600,,,,,
,,,,,,,,,,,
,,,,,,,,,,,
Cutting Matrix — Lot 62062,,,,,,,,,,,
Lot Number:,62062,Style:,full baju baju folding,,,,,,,,
Fabric:,FINE COTTON,Garment Type:,T-SHIRT R/N,,,,,,,,
,,,,,,,,,,,
Color,Cutting Table,M,L,XL,Total Pcs,,,,,,
WHITE,6,54,54,27,135,,,,,,
BLACK,6,58,58,29,145,,,,,,
15%,6,68,68,34,170,,,,,,
COFFEE,6,54,54,27,135,,,,,,
NAVY,6,54,54,27,135,,,,,,
Total,,288,288,144,720,,,,,,
,,,,,,,,,,,
,,,,,,,,,,,
Cutting Matrix — Lot 69008,,,,,,,,,,,
Lot Number:,69008,Style:,18-19 MOHRI,,,,,,,,
Fabric:,UK LYCRA,Garment Type:,LOWER,,,,,,,,
,,,,,,,,,,,
Color,Cutting Table,M,L,XL,XXL,Total Pcs,,,,,
BLACK - 350,9,70,140,70,70,350,,,,,
RED -50,9,10,20,10,10,50,,,,,
LAMON -40,9,8,16,8,8,40,,,,,
ICE BLUE - 40,9,8,16,8,8,40,,,,,
R. GREEN -30,9,6,12,6,6,30,,,,,
ROYAL BLUE - 30,9,6,12,6,6,30,,,,,
MID GREY - 70,9,14,28,14,14,70,,,,,
FONT - 70,9,14,28,14,14,70,,,,,
MENDHI - 60,9,12,24,12,12,60,,,,,
ORANGE - 30,9,6,12,6,6,30,,,,,
LE BEIGE -70,9,14,28,14,14,70,,,,,
Total,,168,336,168,168,840,,,,,
,,,,,,,,,,,
,,,,,,,,,,,
Cutting Matrix — Lot 11498,,,,,,,,,,,
Lot Number:,11498,Style:,18-19 MOHRI,,,,,,,,
Fabric:,LINEN ELASTIC,Garment Type:,LOWER,,,,,,,,
,,,,,,,,,,,
Color,Cutting Table,M,L,XL,2XL,Total Pcs,,,,,
BLACK,12,23,46,46,23,138,,,,,
BROWN,12,21,42,42,21,126,,,,,
LEAF,12,20,40,40,20,120,,,,,
BEIGE,12,20,40,40,20,120,,,,,
Total,,84,168,168,84,504,,,,,
,,,,,,,,,,,
,,,,,,,,,,,
Cutting Matrix — Lot 11518,,,,,,,,,,,
Lot Number:,11518,Style:,ROUNDNECK,,,,,,,,
Fabric:,LYCRA SINKAR,Garment Type:,T-SHIRT,,,,,,,,
,,,,,,,,,,,
Color,Cutting Table,M,L,XL,2XL,Total Pcs,,,,,
BLACK,1,33,66,33,33,165,,,,,
OFF WHITE,1,31,62,31,31,155,,,,,
1%,1,31,62,31,31,155,,,,,
RED,1,34,68,34,34,170,,,,,
Total,,129,258,129,129,645,,,,,
,,,,,,,,,,,
,,,,,,,,,,,
Cutting Matrix — Lot 11517,,,,,,,,,,,
Lot Number:,11517,Style:,ROUNDNECK,,,,,,,,
Fabric:,LYCRA SINKAR,Garment Type:,T-SHIRT,,,,,,,,
,,,,,,,,,,,
Color,Cutting Table,M,L,XL,2XL,Total Pcs,,,,,
BLACK,1,31,62,31,31,155,,,,,
OFF WHITE,1,31,62,31,31,155,,,,,
COFFEE,1,35,70,35,35,175,,,,,
BLUE,1,27,54,27,27,135,,,,,
1%,1,30,60,30,30,150,,,,,
Total,,154,308,154,154,770,,,,,
,,,,,,,,,,,
,,,,,,,,,,,
Cutting Matrix — Lot 11516,,,,,,,,,,,
Lot Number:,11516,Style:,DROPSHOULDER ROUND NECK,,,,,,,,
Fabric:,LYCRA SINKAR,Garment Type:,T-SHIRT,,,,,,,,
,,,,,,,,,,,
Color,Cutting Table,M,L,XL,2XL,Total Pcs,,,,,
BLACK,1,26,52,26,26,130,,,,,
OFF WHITE,1,31,62,31,31,155,,,,,
NEON YELLOW,1,33,66,33,33,165,,,,,
1%,1,31,62,31,31,155,,,,,
Total,,121,242,121,121,605,,,,,
,,,,,,,,,,,
,,,,,,,,,,,
Cutting Matrix — Lot 11513,,,,,,,,,,,
Lot Number:,11513,Style:,ROUNDNECK,,,,,,,,
Fabric:,LYCRA SINKER,Garment Type:,T-SHIRT,,,,,,,,
,,,,,,,,,,,
Color,Cutting Table,M,L,XL,2XL,Total Pcs,,,,,
BLACK,1,34,68,34,34,170,,,,,
OFF WHITE,1,31,62,31,31,155,,,,,
SURF,1,29,58,29,29,145,,,,,
15%,1,34,68,34,34,170,,,,,
Total,,128,256,128,128,640,,,,,
,,,,,,,,,,,
,,,,,,,,,,,
Cutting Matrix — Lot 11503,,,,,,,,,,,
Lot Number:,11503,Style:,18-19 MOHRI,,,,,,,,
Fabric:,CT1873,Garment Type:,TRACK SUIT,,,,,,,,
,,,,,,,,,,,
Color,Cutting Table,M,L,XL,2XL,Total Pcs,,,,,
WHITE,1,28,56,28,28,140,,,,,
L BEIGE,1,29,58,29,29,145,,,,,
BLACK,1,29,58,29,29,145,,,,,
GREEN,1,29,58,29,29,145,,,,,
DENIM,1,28,56,28,28,140,,,,,
ONION,1,32,64,32,32,160,,,,,
Total,,175,350,175,175,875,,,,,
,,,,,,,,,,,
,,,,,,,,,,,
Cutting Matrix — Lot 11502,,,,,,,,,,,
Lot Number:,11502,Style:,18-19 MOHRI,,,,,,,,
Fabric:,CT1873,Garment Type:,TRACK SUIT,,,,,,,,
,,,,,,,,,,,
Color,Cutting Table,M,L,XL,2XL,Total Pcs,,,,,
WHITE,1,28,56,28,28,140,,,,,
L BEIGE,1,29,58,29,29,145,,,,,
BLACK,1,29,58,29,29,145,,,,,
GREEN,1,29,58,29,29,145,,,,,
DENIM,1,28,56,28,28,140,,,,,
ONION,1,32,64,32,32,160,,,,,
Total,,175,350,175,175,875,,,,,
,,,,,,,,,,,
,,,,,,,,,,,
Cutting Matrix — Lot 11507,,,,,,,,,,,
Lot Number:,11507,Style:,half zipper coller,,,,,,,,
Fabric:,3237,Garment Type:,SWEATSHIRT,,,,,,,,
,,,,,,,,,,,
Color,Cutting Table,M,L,XL,2XL,Total Pcs,,,,,
D GREY,0,0,0,0,0,0,,,,,
OFF WHITE,1,40,80,40,40,200,,,,,
GREEN,1,40,80,40,40,200,,,,,
BLACK,1,40,80,40,40,200,,,,,
ONION,1,40,80,40,40,200,,,,,
BEIGE,1,40,80,40,40,200,,,,,
MOUSE,1,40,80,40,40,200,,,,,
Total,,240,480,240,240,1200,,,,,
,,,,,,,,,,,
,,,,,,,,,,,
Cutting Matrix — Lot 11501,,,,,,,,,,,
Lot Number:,11501,Style:,COLLAR + THOKA,,,,,,,,
Fabric:,2877,Garment Type:,T-SHIRT,,,,,,,,
,,,,,,,,,,,
Color,Cutting Table,M,L,XL,2XL,Total Pcs,,,,,
OFF WHITE,1,40,80,40,40,200,,,,,
BEIGE,1,40,80,40,40,200,,,,,
MOUSE,1,40,80,40,40,200,,,,,
BLACK,1,40,80,40,40,200,,,,,
GREEN,1,40,80,40,40,200,,,,,
ONION,1,40,80,40,40,200,,,,,
Total,,240,480,240,240,1200,,,,,
,,,,,,,,,,,
,,,,,,,,,,,
Cutting Matrix — Lot 11504,,,,,,,,,,,
Lot Number:,11504,Style:,COLLAR + THOKA,,,,,,,,
Fabric:,2877,Garment Type:,T-SHIRT,,,,,,,,
,,,,,,,,,,,
Color,Cutting Table,M,L,XL,2XL,Total Pcs,,,,,
OFF WHITE,2,40,80,40,40,200,,,,,
BEIGE,2,40,80,40,40,200,,,,,
MOUSE,2,40,80,40,40,200,,,,,
BLACK,2,40,80,40,40,200,,,,,
GREEN,2,40,80,40,40,200,,,,,
ONION,2,40,80,40,40,200,,,,,
Total,,240,480,240,240,1200,,,,,
,,,,,,,,,,,
,,,,,,,,,,,
Cutting Matrix — Lot 65025,,,,,,,,,,,
Lot Number:,65025,Style:,NIKKER,,,,,,,,
Fabric:,UK LYCRA,Garment Type:,NIKKER,,,,,,,,
,,,,,,,,,,,
Color,Cutting Table,L,XL,XXL,XXXL,Total Pcs,,,,,
BLACK,7,58,58,58,58,232,,,,,
SAGE,7,38,38,38,38,152,,,,,
RED,7,37,37,37,37,148,,,,,
ROYAL,7,38,38,38,38,152,,,,,
D. GREY,7,29,29,29,29,116,,,,,
ICE BLUE,7,35,35,35,35,140,,,,,
Total,,235,235,235,235,940,,,,,
,,,,,,,,,,,
,,,,,,,,,,,
Cutting Matrix — Lot 11506,,,,,,,,,,,
Lot Number:,11506,Style:,COLLAR + THOKA,,,,,,,,
Fabric:,3237,Garment Type:,T-SHIRT,,,,,,,,
,,,,,,,,,,,
Color,Cutting Table,M,L,XL,2XL,Total Pcs,,,,,
D GREY,11,44,88,44,44,220,,,,,
OFF WHITE,11,44,88,44,44,220,,,,,
GREEN,11,46,92,46,46,230,,,,,
BLACK,11,46,92,46,46,230,,,,,
ONION,11,46,92,46,46,230,,,,,
BEIGE,11,47,94,47,47,235,,,,,
Total,,273,546,273,273,1365,,,,,
,,,,,,,,,,,
,,,,,,,,,,,
Cutting Matrix — Lot 65024,,,,,,,,,,,
Lot Number:,65024,Style:,NIKKER,,,,,,,,
Fabric:,JORDAN RIB,Garment Type:,NIKKER,,,,,,,,
,,,,,,,,,,,
Color,Cutting Table,L,XL,XXL,3XL,4XL,5XL,Total Pcs,,,
BLACK,5,30,30,30,30,30,30,180,,,
ORANGE,5,15,15,15,15,15,15,90,,,
WHITE,5,15,15,15,15,15,15,90,,,
RED,5,15,15,15,15,15,15,90,,,
ROYAL,5,15,15,15,15,15,15,90,,,
YELLOW (HALF) BEIGE,5,15,15,15,15,15,15,90,,,
D. GREY,5,15,15,15,15,15,15,90,,,
BEIGE,5,15,15,15,15,15,15,90,,,
Total,,135,135,135,135,135,135,810,,,
,,,,,,,,,,,
,,,,,,,,,,,
Cutting Matrix — Lot 11487,,,,,,,,,,,
Lot Number:,11487,Style:,LOWER,,,,,,,,
Fabric:,K14 TYE DIA,Garment Type:,LOWER,,,,,,,,
,,,,,,,,,,,
Color,Cutting Table,M,L,XL,2XL,Total Pcs,,,,,
OLIVE (K14),8,28,56,28,28,140,,,,,
SILVER (K14),8,28,56,28,28,140,,,,,
BLACK (K14),8,27,54,27,27,135,,,,,
OLIVE (K15),8,28,56,28,28,140,,,,,
BLACK (K15),8,27,54,27,27,135,,,,,
GREY (K15),8,27,54,27,27,135,,,,,
Total,,165,330,165,165,825,,,,,
,,,,,,,,,,,
,,,,,,,,,,,
Cutting Matrix — Lot 11499,,,,,,,,,,,
Lot Number:,11499,Style:,18-19 MOHRI,,,,,,,,
Fabric:,LINEN ELASTIC,Garment Type:,LOWER,,,,,,,,
,,,,,,,,,,,
Color,Cutting Table,M,L,XL,2XL,Total Pcs,,,,,
BLACK,12,23,46,46,23,138,,,,,
BROWN,12,23,46,46,23,138,,,,,
LEAF,12,19,38,38,19,114,,,,,
BEIGE,12,23,46,46,23,138,,,,,
Total,,88,176,176,88,528,,,,,
,,,,,,,,,,,
,,,,,,,,,,,
Cutting Matrix — Lot 11519,,,,,,,,,,,
Lot Number:,11519,Style:,lower,,,,,,,,
Fabric:,JUNGALI PRINT,Garment Type:,LOWER,,,,,,,,
,,,,,,,,,,,
Color,Cutting Table,M,L,XL,2XL,Total Pcs,,,,,
BLACK,9,68,136,136,68,408,,,,,
OLIVE,9,65,130,130,65,390,,,,,
GREY,9,35,70,70,35,210,,,,,
SILVER,9,36,72,72,36,216,,,,,
Total,,204,408,408,204,1224,,,,,
,,,,,,,,,,,
,,,,,,,,,,,
Cutting Matrix — Lot 65027,,,,,,,,,,,
Lot Number:,65027,Style:,NIKKER,,,,,,,,
Fabric:,CEMO,Garment Type:,NIKKER,,,,,,,,
,,,,,,,,,,,
Color,Cutting Table,L,XL,XXL,3XL,4XL,5XL,Total Pcs,,,
OLIVE,5,29,29,29,29,29,29,174,,,
COFFEE,5,26,26,26,26,26,26,156,,,
Total,,55,55,55,55,55,55,330,,,
,,,,,,,,,,,
,,,,,,,,,,,
Cutting Matrix — Lot 11488,,,,,,,,,,,
Lot Number:,11488,Style:,NIKKER,,,,,,,,
Fabric:,K14 TYE DIA,Garment Type:,NIKKER,,,,,,,,
,,,,,,,,,,,
Color,Cutting Table,L,XL,2XL,3XL,Total Pcs,,,,,
OLIVE (K14),8,27,27,27,27,108,,,,,
SILVER (K14),8,17,17,17,17,68,,,,,
BLACK (K14),8,29,29,29,29,116,,,,,
OLIVE (K15),8,27,27,27,27,108,,,,,
BLACK (K15),8,30,30,30,30,120,,,,,
GREY (K15),8,28,28,28,28,112,,,,,
Total,,158,158,158,158,632,,,,,
,,,,,,,,,,,
,,,,,,,,,,,
Cutting Matrix — Lot 11528,,,,,,,,,,,
Lot Number:,11528,Style:,COLLAR + THOKA,,,,,,,,
Fabric:,SINKAR LYCRA,Garment Type:,T-SHIRT COLLAR,,,,,,,,
,,,,,,,,,,,
Color,Cutting Table,M,L,XL,2XL,Total Pcs,,,,,
1%,1,32,64,32,32,160,,,,,
NAVY,1,64,128,64,64,320,,,,,
RED,1,64,128,64,64,320,,,,,
OFF WHITE,1,54,108,54,54,270,,,,,
ROYAL,1,32,64,32,32,160,,,,,
BLUE,1,29,58,29,29,145,,,,,
NEO YELLOW,1,32,64,32,32,160,,,,,
L COFFEE,1,37,74,37,37,185,,,,,
AQUA,1,30,60,30,30,150,,,,,
OLIVE,1,32,64,32,32,160,,,,,
L PINK,1,34,68,34,34,170,,,,,
Total,,440,880,440,440,2200,,,,,
,,,,,,,,,,,
,,,,,,,,,,,
Cutting Matrix — Lot 61110,,,,,,,,,,,
Lot Number:,61110,Style:,LOWER CARGO,,,,,,,,
Fabric:,K13/K15,Garment Type:,LOWER,,,,,,,,
,,,,,,,,,,,
Color,Cutting Table,M,L,XL,2XL,Total Pcs,,,,,
BLACK K13,2,21,42,42,21,126,,,,,
SIVER K13,2,21,42,42,21,126,,,,,
FAWN K13,2,21,42,42,21,126,,,,,
OLIVE K16,2,21,42,42,21,126,,,,,
BLACK K16,2,21,42,42,21,126,,,,,
GREY K16,2,21,42,42,21,126,,,,,
Total,,126,252,252,126,756,,,,,
,,,,,,,,,,,
,,,,,,,,,,,
Cutting Matrix — Lot 61111,,,,,,,,,,,
Lot Number:,61111,Style:,LOWER CARGO,,,,,,,,
Fabric:,Q20,Garment Type:,LOWER,,,,,,,,
,,,,,,,,,,,
Color,Cutting Table,M,L,XL,2XL,Total Pcs,,,,,
OLIVE,3,23,46,46,23,138,,,,,
COFFEE,3,15,30,30,15,90,,,,,
KHAKHI,3,21,42,42,21,126,,,,,
Total,,59,118,118,59,354,,,,,
,,,,,,,,,,,
,,,,,,,,,,,
Cutting Matrix — Lot 11520,,,,,,,,,,,
Lot Number:,11520,Style:,LOWER CARGO,,,,,,,,
Fabric:,Q20,Garment Type:,LOWER,,,,,,,,
,,,,,,,,,,,
Color,Cutting Table,M,L,XL,2XL,Total Pcs,,,,,
OLIVE,3,23,46,46,23,138,,,,,
COFFEE,3,15,30,30,15,90,,,,,
KHAKHI,3,21,42,42,21,126,,,,,
Total,,59,118,118,59,354,,,,,
,,,,,,,,,,,
,,,,,,,,,,,
Cutting Matrix — Lot 61103,,,,,,,,,,,
Lot Number:,61103,Style:,NIKKER,,,,,,,,
Fabric:,Q16,Garment Type:,NIKKER,,,,,,,,
,,,,,,,,,,,
Color,Cutting Table,L,XL,2XL,3XL,4XL,Total Pcs,,,,
BLACK,5,42,84,42,42,42,252,,,,
L GREY,5,42,84,42,42,42,252,,,,
BEIGE,5,21,42,21,21,21,126,,,,
L OLIVE,5,20,40,20,20,20,120,,,,
M GREY,5,21,42,21,21,21,126,,,,
KHAKHI,5,21,42,21,21,21,126,,,,
COFFEE,5,18,36,18,18,18,108,,,,
OFF WHITE,5,20,40,20,20,20,120,,,,
MOUSE,5,21,42,21,21,21,126,,,,
Total,,226,452,226,226,226,1356,,,,
,,,,,,,,,,,
,,,,,,,,,,,
Cutting Matrix — Lot 62055,,,,,,,,,,,
Lot Number:,62055,Style:,normal pattern,,,,,,,,
Fabric:,LYCRA  SINKER,Garment Type:,T-SHIRT R/N,,,,,,,,
,,,,,,,,,,,
Color,Cutting Table,M,L,XL,XXL,Total Pcs,,,,,
BLACK,11,60,80,40,20,200,,,,,
WHITE,11,46,62,31,16,155,,,,,
D GREY,11,24,32,16,8,80,,,,,
FANTIRE,11,26,34,17,8,85,,,,,
SURF,11,22,30,15,8,75,,,,,
1%,11,24,32,16,8,80,,,,,
GREEN,11,26,34,17,8,85,,,,,
Total,,228,304,152,76,760,,,,,
,,,,,,,,,,,
,,,,,,,,,,,
Cutting Matrix — Lot 61102,,,,,,,,,,,
Lot Number:,61102,Style:,lower,,,,,,,,
Fabric:,UK LYCRA,Garment Type:,LOWER,,,,,,,,
,,,,,,,,,,,
Color,Cutting Table,M,L,XL,2XL,Total Pcs,,,,,
BLACK,8,45,90,90,45,270,,,,,
IVORY,8,32,64,64,32,192,,,,,
SILVER,8,26,52,52,26,156,,,,,
D GREY,8,30,60,60,30,180,,,,,
ICE BLUE,8,28,56,56,28,168,,,,,
RED,8,31,62,62,31,186,,,,,
ROYAL,8,31,62,62,31,186,,,,,
Total,,223,446,446,223,1338,,,,,
,,,,,,,,,,,
,,,,,,,,,,,
Cutting Matrix — Lot 11492,,,,,,,,,,,
Lot Number:,11492,Style:,18-19 MOHRI,,,,,,,,
Fabric:,LINEN,Garment Type:,TRACK SUIT + SHIRT,,,,,,,,
,,,,,,,,,,,
Color,Cutting Table,M,L,XL,2XL,Total Pcs,,,,,
IVORY,7,19,38,19,19,95,,,,,
D GREY,7,19,38,19,19,95,,,,,
L GREY,7,13,26,13,13,65,,,,,
BLACK,7,25,50,25,25,125,,,,,
SILVER,7,14,28,14,14,70,,,,,
KHAKHI,7,16,32,16,16,80,,,,,
BEIGE,7,20,40,20,20,100,,,,,
FAWN,7,14,28,14,14,70,,,,,
COFFEE,7,17,34,17,17,85,,,,,
Total,,157,314,157,157,785,,,,,
,,,,,,,,,,,
,,,,,,,,,,,
Cutting Matrix — Lot 11496,,,,,,,,,,,
Lot Number:,11496,Style:,18-19 MOHRI,,,,,,,,
Fabric:,ZIG ZAG LILEN,Garment Type:,LOWER,,,,,,,,
,,,,,,,,,,,
Color,Cutting Table,M,L,XL,2XL,Total Pcs,,,,,
BLACK,12,17,34,34,17,102,,,,,
BROWN,12,21,42,42,21,126,,,,,
BEIGE,12,18,36,36,18,108,,,,,
OLIVE,12,17,34,34,17,102,,,,,
Total,,73,146,146,73,438,,,,,
,,,,,,,,,,,
,,,,,,,,,,,
Cutting Matrix — Lot 11497,,,,,,,,,,,
Lot Number:,11497,Style:,18-19 MOHRI,,,,,,,,
Fabric:,ZIG ZAG LILEN,Garment Type:,LOWER,,,,,,,,
,,,,,,,,,,,
Color,Cutting Table,M,L,XL,2XL,Total Pcs,,,,,
BLACK,12,19,41,38,19,117,,,,,
BROWN,12,15,34,30,15,94,,,,,
BEIGE,12,15,39,30,15,99,,,,,
OLIVE,12,19,43,38,19,119,,,,,
Total,,68,157,136,68,429,,,,,
,,,,,,,,,,,
,,,,,,,,,,,
Cutting Matrix — Lot 11521,,,,,,,,,,,
Lot Number:,11521,Style:,LOWER CARGO,,,,,,,,
Fabric:,K13/K15,Garment Type:,LOWER,,,,,,,,
,,,,,,,,,,,
Color,Cutting Table,M,L,XL,2XL,Total Pcs,,,,,
BLACK K13,4,21,42,42,21,126,,,,,
SIVER K13,4,21,42,42,21,126,,,,,
FAWN K13,4,21,42,42,21,126,,,,,
OLIVE K16,4,21,42,42,21,126,,,,,
BLACK K16,4,24,48,48,24,144,,,,,
GREY K16,4,21,42,42,21,126,,,,,
Total,,129,258,258,129,774,,,,,
,,,,,,,,,,,
,,,,,,,,,,,
Cutting Matrix — Lot 11508,,,,,,,,,,,
Lot Number:,11508,Style:,NIKKER,,,,,,,,
Fabric:,MASS,Garment Type:,NIKKER,,,,,,,,
,,,,,,,,,,,
Color,Cutting Table,L,XL,2XL,3XL,Total Pcs,,,,,
D GREY,4,50,50,50,50,200,,,,,
WHITE,4,50,50,50,50,200,,,,,
BEIGE,4,50,50,50,50,200,,,,,
SKY,4,50,50,50,50,200,,,,,
L GREY,4,50,50,50,50,200,,,,,
FIROZY,4,50,50,50,50,200,,,,,
OLIVE,4,50,50,50,50,200,,,,,
NAVY,4,50,50,50,50,200,,,,,
GREY,4,50,50,50,50,200,,,,,
BLACK,4,100,100,100,100,400,,,,,
YELLOW,4,50,50,50,50,200,,,,,
RED,4,50,50,50,50,200,,,,,
ROYAL,4,50,50,50,50,200,,,,,
ORANGE,4,50,50,50,50,200,,,,,
Total,,750,750,750,750,3000,,,,,
,,,,,,,,,,,
,,,,,,,,,,,
Cutting Matrix — Lot 11529,,,,,,,,,,,
Lot Number:,11529,Style:,COLLAR + THOKA,,,,,,,,
Fabric:,SINKAR LYCRA,Garment Type:,T-SHIRT COLLAR,,,,,,,,
,,,,,,,,,,,
Color,Cutting Table,M,L,XL,2XL,Total Pcs,,,,,
NAVY (COLLER- RED),3,29,58,29,29,145,,,,,
BLACK (COLLER -RED),3,35,70,35,35,175,,,,,
OFF WHITE (COLLER-OLIVE),3,28,56,28,28,140,,,,,
RED (COLLER-NAVY),3,32,64,32,32,160,,,,,
BLACK (COLLER-CREAM),3,35,70,35,35,175,,,,,
15% (COLLER-D GREY),3,34,68,34,34,170,,,,,
1% (COLLER-COFFEE),3,33,66,33,33,165,,,,,
R GREEN (COLLER-WHITE),3,30,60,30,30,150,,,,,
Total,,256,512,256,256,1280,,,,,
,,,,,,,,,,,
,,,,,,,,,,,
Cutting Matrix — Lot 61089,,,,,,,,,,,
Lot Number:,61089,Style:,NIKKER,,,,,,,,
Fabric:,LINON,Garment Type:,NIKKER,,,,,,,,
,,,,,,,,,,,
Color,Cutting Table,L,XL,XXL,3XL,4XL,Total Pcs,,,,
ACRO,9,17,34,17,17,17,102,,,,
CHICU,9,20,40,20,20,20,120,,,,
BEIGE,9,19,38,19,19,19,114,,,,
BROWN,9,17,34,17,17,17,102,,,,
KHAKI,9,16,32,16,16,16,96,,,,
BLACK,9,20,40,20,20,20,120,,,,
Total,,109,218,109,109,109,654,,,,
,,,,,,,,,,,
,,,,,,,,,,,
Cutting Matrix — Lot 11522,,,,,,,,,,,
Lot Number:,11522,Style:,COLLAR + THOKA,,,,,,,,
Fabric:,LYCRA MATTY,Garment Type:,T-SHIRT,,,,,,,,
,,,,,,,,,,,
Color,Cutting Table,M,L,XL,2XL,3XL,4XL,5XL,Total Pcs,,
BLACK,1,98,196,98,98,64,64,64,682,,
WHITE,1,49,98,49,49,32,32,32,341,,
B GREEN,1,49,98,49,49,32,32,32,341,,
L GREY,1,49,98,49,49,32,32,32,341,,
OLIVE,0,0,0,0,0,0,0,0,0,,
L KHAKHI,1,49,98,49,49,32,32,32,341,,
CK TONE,1,49,98,49,49,32,32,32,341,,
Total,,343,686,343,343,224,224,224,2387,,
,,,,,,,,,,,
,,,,,,,,,,,
Cutting Matrix — Lot 61112,,,,,,,,,,,
Lot Number:,61112,Style:,lower,,,,,,,,
Fabric:,Q20 CEMO,Garment Type:,LOWER,,,,,,,,
,,,,,,,,,,,
Color,Cutting Table,M,L,XL,2XL,Total Pcs,,,,,
OLIVE,1,26,52,52,26,156,,,,,
COFFEE,1,26,52,52,26,156,,,,,
KHAKHI,1,26,52,52,26,156,,,,,
Total,,78,156,156,78,468,,,,,
,,,,,,,,,,,
,,,,,,,,,,,
Cutting Matrix — Lot 61113,,,,,,,,,,,
Lot Number:,61113,Style:,lower,,,,,,,,
Fabric:,Q20 CEMO,Garment Type:,LOWER,,,,,,,,
,,,,,,,,,,,
Color,Cutting Table,M,L,XL,2XL,Total Pcs,,,,,
OLIVE,1,26,52,52,26,156,,,,,
COFFEE,1,26,52,52,26,156,,,,,
KHAKHI,1,26,52,52,26,156,,,,,
Total,,78,156,156,78,468,,,,,
,,,,,,,,,,,
,,,,,,,,,,,
Cutting Matrix — Lot 11527,,,,,,,,,,,
Lot Number:,11527,Style:,COLLAR + THOKA,,,,,,,,
Fabric:,SINKAR LYCRA,Garment Type:,T-SHIRT COLLAR,,,,,,,,
,,,,,,,,,,,
Color,Cutting Table,M,L,XL,2XL,Total Pcs,,,,,
15%,1,31,62,31,31,155,,,,,
NAVY,1,63,126,63,63,315,,,,,
RED,1,66,132,66,66,330,,,,,
OFF WHITE,1,54,108,54,54,270,,,,,
SURF,1,35,70,35,35,175,,,,,
BLUE,1,34,68,34,34,170,,,,,
NEO GREEN,1,32,64,32,32,160,,,,,
L BEIGE,1,32,64,32,32,160,,,,,
NEW SKY,1,29,58,29,29,145,,,,,
COFFEE,1,32,64,32,32,160,,,,,
CYBVER YELLOW,1,31,62,31,31,155,,,,,
Total,,439,878,439,439,2195,,,,,
,,,,,,,,,,,
,,,,,,,,,,,
Cutting Matrix — Lot 61109,,,,,,,,,,,
Lot Number:,61109,Style:,NIKKER,,,,,,,,
Fabric:,UK LYCRA,Garment Type:,NIKKER,,,,,,,,
,,,,,,,,,,,
Color,Cutting Table,M,L,XL,2XL,Total Pcs,,,,,
BLACK,8,70,140,140,70,420,,,,,
IVORY,8,43,86,86,43,258,,,,,
SILVER,8,48,96,96,48,288,,,,,
ROYAL,8,48,96,96,48,288,,,,,
ICE BLUE,8,49,98,98,49,294,,,,,
COFFEE,8,43,86,86,43,258,,,,,
Total,,301,602,602,301,1806,,,,,
,,,,,,,,,,,
,,,,,,,,,,,
Cutting Matrix — Lot 61114,,,,,,,,,,,
Lot Number:,61114,Style:,lower,,,,,,,,
Fabric:,Q20 CEMO,Garment Type:,LOWER,,,,,,,,
,,,,,,,,,,,
Color,Cutting Table,M,L,XL,2XL,Total Pcs,,,,,
OLIVE,1,36,72,72,36,216,,,,,
COFFEE,1,36,72,72,36,216,,,,,
KHAKHI,1,36,72,72,36,216,,,,,
Total,,108,216,216,108,648,,,,,
,,,,,,,,,,,
,,,,,,,,,,,
Cutting Matrix — Lot 61115,,,,,,,,,,,
Lot Number:,61115,Style:,lower,,,,,,,,
Fabric:,Q20 CEMO,Garment Type:,LOWER,,,,,,,,
,,,,,,,,,,,
Color,Cutting Table,M,L,XL,2XL,Total Pcs,,,,,
OLIVE,1,35,70,70,35,210,,,,,
COFFEE,1,26,52,52,26,156,,,,,
KHAKHI,1,24,48,48,24,144,,,,,
Total,,85,170,170,85,510,,,,,
,,,,,,,,,,,
,,,,,,,,,,,
Cutting Matrix — Lot 61120,,,,,,,,,,,
Lot Number:,61120,Style:,AS PER SAMPLE,,,,,,,,
Fabric:,HARISH PRINT,Garment Type:,LOWER,,,,,,,,
,,,,,,,,,,,
Color,Cutting Table,M,L,XL,2XL,Total Pcs,,,,,
GREY,1,24,48,48,24,144,,,,,
BROWN,1,25,50,50,25,150,,,,,
BEIGE,1,25,50,50,25,150,,,,,
B.GREEN,1,26,52,52,26,156,,,,,
Total,,100,200,200,100,600,,,,,
,,,,,,,,,,,
,,,,,,,,,,,
Cutting Matrix — Lot 11535,,,,,,,,,,,
Lot Number:,11535,Style:,ROUNDNECK,,,,,,,,
Fabric:,K.T 6451,Garment Type:,T-SHIRT,,,,,,,,
,,,,,,,,,,,
Color,Cutting Table,M,L,XL,2XL,Total Pcs,,,,,
CREAM,1,40,80,40,40,200,,,,,
B.GREEN,1,41,82,41,41,205,,,,,
WINE,1,41,82,41,41,205,,,,,
L.BROWN,1,41,82,41,41,205,,,,,
BLACK,1,44,88,44,44,220,,,,,
CEMENT,1,39,78,39,39,195,,,,,
Total,,246,492,246,246,1230,,,,,
,,,,,,,,,,,
,,,,,,,,,,,
Cutting Matrix — Lot 68002,,,,,,,,,,,
Lot Number:,68002,Style:,DROPSHOULDER ROUND NECK,,,,,,,,
Fabric:,LYCRA SINKER,Garment Type:,T-SHIRT R/N,,,,,,,,
,,,,,,,,,,,
Color,Cutting Table,M,L,XL,2XL,Total Pcs,,,,,
BLACK,6,14,28,14,14,70,,,,,
OFF WHITE,6,14,28,14,14,70,,,,,
B GREEN,6,13,26,13,13,65,,,,,
COFFEE,6,15,30,15,15,75,,,,,
CAMEL,6,15,30,15,15,75,,,,,
Total,,71,142,71,71,355,,,,,
,,,,,,,,,,,
,,,,,,,,,,,
Cutting Matrix — Lot 11536,,,,,,,,,,,
Lot Number:,11536,Style:,ROUNDNECK,,,,,,,,
Fabric:,LYCRA  SINKER,Garment Type:,T-SHIRT,,,,,,,,
,,,,,,,,,,,
Color,Cutting Table,M,L,XL,2XL,Total Pcs,,,,,
BLACK,6,34,68,34,34,170,,,,,
OFFWHITE,4,34,68,34,34,170,,,,,
NEON YELLOW,6,29,58,29,29,145,,,,,
NEON GREEN,6,33,66,33,33,165,,,,,
ROYAL,6,32,64,32,32,160,,,,,
RUST,6,23,46,23,23,115,,,,,
BLUE,6,38,76,38,38,190,,,,,
Total,,223,446,223,223,1115,,,,,
,,,,,,,,,,,
,,,,,,,,,,,
Cutting Matrix — Lot 11493,,,,,,,,,,,
Lot Number:,11493,Style:,18-19 MOHRI,,,,,,,,
Fabric:,LINEN,Garment Type:,LOWER,,,,,,,,
,,,,,,,,,,,
Color,Cutting Table,M,L,XL,2XL,Total Pcs,,,,,
IVORY,7,19,38,19,19,95,,,,,
D GREY,7,19,38,19,19,95,,,,,
L GREY,7,13,26,13,13,65,,,,,
BLACK,7,25,50,25,25,125,,,,,
SILVER,7,14,28,14,14,70,,,,,
KHAKHI,7,16,32,16,16,80,,,,,
BEIGE,7,20,40,20,20,100,,,,,
FAWN,7,14,28,14,14,70,,,,,
COFFEE,7,17,34,17,17,85,,,,,
Total,,157,314,157,157,785,,,,,
,,,,,,,,,,,
,,,,,,,,,,,
Cutting Matrix — Lot 11510,,,,,,,,,,,
Lot Number:,11510,Style:,DROPSHOULDER ROUND NECK,,,,,,,,
Fabric:,SINKAR LYCRA,Garment Type:,T-SHIRT,,,,,,,,
,,,,,,,,,,,
Color,Cutting Table,M,L,XL,2XL,Total Pcs,,,,,
BLACK,2,32,64,32,32,160,,,,,
OFF WHITE,2,29,58,29,29,145,,,,,
NEO YELLOW,2,29,58,29,29,145,,,,,
RUST,0,0,0,0,0,0,,,,,
RED,2,32,64,32,32,160,,,,,
Total,,122,244,122,122,610,,,,,
,,,,,,,,,,,
,,,,,,,,,,,
Cutting Matrix — Lot 61105,,,,,,,,,,,
Lot Number:,61105,Style:,lower,,,,,,,,
Fabric:,UK LYCRA,Garment Type:,LOWER,,,,,,,,
,,,,,,,,,,,
Color,Cutting Table,M,L,XL,2XL,Total Pcs,,,,,
BLACK,8,24,48,48,24,144,,,,,
ICE BLUE,8,16,32,32,16,96,,,,,
RED,8,15,30,30,15,90,,,,,
ROYAL,8,16,32,32,16,96,,,,,
SILVER,8,15,30,30,15,90,,,,,
NAVY,8,12,24,24,12,72,,,,,
L GREY,8,12,24,24,12,72,,,,,
IVORY,8,15,30,30,15,90,,,,,
Total,,125,250,250,125,750,,,,,
,,,,,,,,,,,
,,,,,,,,,,,
Cutting Matrix — Lot 11532,,,,,,,,,,,
Lot Number:,11532,Style:,lower,,,,,,,,
Fabric:,FIGHTER,Garment Type:,LOWER,,,,,,,,
,,,,,,,,,,,
Color,Cutting Table,M,L,XL,2XL,3XL,4XL,5XL,Total Pcs,,
BLACK1 (ADIDAS SELF),9,45,90,45,45,44,44,44,357,,
BLACK2 (ARMY ADIDAS),9,45,90,45,45,44,44,44,357,,
BLACK3 (ADIADS WHITE),9,44,88,44,44,44,44,44,352,,
BLACK4 (GYM SHARK),9,44,88,44,44,44,44,44,352,,
BLACK5 (NIKE LOGO),9,44,88,44,44,44,44,44,352,,
BLACK6 (UNDER ARMOUR),9,44,88,44,44,42,42,42,346,,
BLACK7 (SCHECHER),9,45,90,45,45,44,44,44,357,,
BLACK8 (JORDAN),9,47,94,47,47,44,44,44,367,,
BLACK9 (JORDAN),9,43,86,43,43,64,64,64,407,,
BLACK10 (LACOSTA),0,0,0,0,0,0,0,0,0,,
BLACK11 (ADIDAS TERRX),0,0,0,0,0,0,0,0,0,,
BLACK 12 (RL POLO),0,0,0,0,0,0,0,0,0,,
BLLACK 13 (ESS),9,15,30,15,15,22,22,22,141,,
Total,,416,832,416,416,436,436,436,3388,,
,,,,,,,,,,,
,,,,,,,,,,,
Cutting Matrix — Lot 11534,,,,,,,,,,,
Lot Number:,11534,Style:,ROUNDNECK,,,,,,,,
Fabric:,2814,Garment Type:,T-SHIRT,,,,,,,,
,,,,,,,,,,,
Color,Cutting Table,M,L,XL,2XL,Total Pcs,,,,,
NAVY,11,33,66,33,33,165,,,,,
WHITE,11,33,66,33,33,165,,,,,
GREY,11,32,64,32,32,160,,,,,
BROWN,11,33,66,33,33,165,,,,,
WINE,11,32,64,32,32,160,,,,,
BLACK,11,33,66,33,33,165,,,,,
Total,,196,392,196,196,980,,,,,
,,,,,,,,,,,
,,,,,,,,,,,
Cutting Matrix — Lot 61121,,,,,,,,,,,
Lot Number:,61121,Style:,AS PER SAMPLE,,,,,,,,
Fabric:,HARISH PRINT,Garment Type:,LOWER,,,,,,,,
,,,,,,,,,,,
Color,Cutting Table,M,L,XL,2XL,Total Pcs,,,,,
GREY,12,26,52,52,26,156,,,,,
BROWN,12,26,52,52,26,156,,,,,
BEIGE,12,26,52,52,26,156,,,,,
B.GREEN,12,26,52,52,26,156,,,,,
Total,,104,208,208,104,624,,,,,
,,,,,,,,,,,
,,,,,,,,,,,
Cutting Matrix — Lot 61119,,,,,,,,,,,
Lot Number:,61119,Style:,AS PER SAMPLE,,,,,,,,
Fabric:,TWILL TERRY,Garment Type:,LOWER,,,,,,,,
,,,,,,,,,,,
Color,Cutting Table,M,L,XL,2XL,Total Pcs,,,,,
L.GREY,9,23,46,46,23,138,,,,,
BEIGE,9,24,48,48,24,144,,,,,
OLIVE,9,22,44,44,22,132,,,,,
D.GREY,9,24,48,48,24,144,,,,,
BROWN,9,23,46,46,23,138,,,,,
BLACK,9,46,92,92,46,276,,,,,
Total,,162,324,324,162,972,,,,,
,,,,,,,,,,,
,,,,,,,,,,,
Cutting Matrix — Lot 11533,,,,,,,,,,,
Lot Number:,11533,Style:,DROPSHOULDER ROUND NECK,,,,,,,,
Fabric:,HEAVY COTTON,Garment Type:,T-SHIRT R/N,,,,,,,,
,,,,,,,,,,,
Color,Cutting Table,M,L,XL,2XL,Total Pcs,,,,,
SURF,3,15,30,15,15,75,,,,,
FAINTER,3,13,26,13,13,65,,,,,
BLACK,3,37,74,37,37,185,,,,,
WHITE,3,14,28,14,14,70,,,,,
TEAL,0,0,0,0,0,0,,,,,
GOLD,3,15,30,15,15,75,,,,,
NEO GREEN,3,14,28,14,14,70,,,,,
CREAM,3,12,24,12,12,60,,,,,
15%,0,0,0,0,0,0,,,,,
RUST,3,14,28,14,14,70,,,,,
D GREY,3,14,28,14,14,70,,,,,
D COFFEE,3,15,30,15,15,75,,,,,
OLIVE,3,15,30,15,15,75,,,,,
RED,3,14,28,14,14,70,,,,,
NAVY,3,15,30,15,15,75,,,,,
B GREEN,3,12,24,12,12,60,,,,,
Total,,219,438,219,219,1095,,,,,
,,,,,,,,,,,
,,,,,,,,,,,
Cutting Matrix — Lot 61122,,,,,,,,,,,
Lot Number:,61122,Style:,AS PER SAMPLE,,,,,,,,
Fabric:,HARISH PRINT,Garment Type:,LOWER,,,,,,,,
,,,,,,,,,,,
Color,Cutting Table,M,L,XL,2XL,Total Pcs,,,,,
GREY,12,26,52,52,26,156,,,,,
BROWN,12,26,52,52,26,156,,,,,
BEIGE,12,25,50,50,25,150,,,,,
B.GREEN,12,25,50,50,25,150,,,,,
Total,,102,204,204,102,612,,,,,
,,,,,,,,,,,
,,,,,,,,,,,
Cutting Matrix — Lot 61123,,,,,,,,,,,
Lot Number:,61123,Style:,AS PER SAMPLE,,,,,,,,
Fabric:,HARISH PRINT,Garment Type:,LOWER,,,,,,,,
,,,,,,,,,,,
Color,Cutting Table,M,L,XL,2XL,Total Pcs,,,,,
GREY,12,26,52,52,26,156,,,,,
BROWN,12,25,50,50,25,150,,,,,
BEIGE,12,26,52,52,26,156,,,,,
B.GREEN,12,26,52,52,26,156,,,,,
Total,,103,206,206,103,618,,,,,
,,,,,,,,,,,
,,,,,,,,,,,
Cutting Matrix — Lot 61099,,,,,,,,,,,
Lot Number:,61099,Style:,nikkar,,,,,,,,
Fabric:,UK LYCRA,Garment Type:,NIKKER,,,,,,,,
,,,,,,,,,,,
Color,Cutting Table,L,XL,2XL,3XL,4XL,Total Pcs,,,,
RED,9,17,34,17,17,17,102,,,,
ROYAL,9,17,34,17,17,17,102,,,,
ICE BLUE,9,18,36,18,18,18,108,,,,
SILVER,9,21,42,21,21,21,126,,,,
DARK GREY,9,23,46,23,23,23,138,,,,
BLACK,9,34,68,34,34,34,204,,,,
IVORY,9,22,44,22,22,22,132,,,,
Total,,152,304,152,152,152,912,,,,
,,,,,,,,,,,
,,,,,,,,,,,
Cutting Matrix — Lot 11537,,,,,,,,,,,
Lot Number:,11537,Style:,ROUNDNECK,,,,,,,,
Fabric:,K.T 6451,Garment Type:,T-SHIRT,,,,,,,,
,,,,,,,,,,,
Color,Cutting Table,M,L,XL,2XL,Total Pcs,,,,,
CREAM,1,38,76,38,38,190,,,,,
B.GREEN,1,36,72,36,36,180,,,,,
WINE,1,38,76,38,38,190,,,,,
L.BROWN,1,38,76,38,38,190,,,,,
BLACK,1,32,64,32,32,160,,,,,
CEMENT,1,38,76,38,38,190,,,,,
Total,,220,440,220,220,1100,,,,,
,,,,,,,,,,,
,,,,,,,,,,,
Cutting Matrix — Lot 62064,,,,,,,,,,,
Lot Number:,62064,Style:,ROUNDNECK,,,,,,,,
Fabric:,PEACH,Garment Type:,T-SHIRT,,,,,,,,
,,,,,,,,,,,
Color,Cutting Table,M,L,XL,2XL,3XL,4XL,5XL,Total Pcs,,
RANI,1,52,52,26,26,13,13,13,195,,
15%,0,0,0,0,0,0,0,0,0,,
NEON YELLOW,1,68,68,34,34,17,17,17,255,,
SURF,1,66,66,33,33,17,17,17,249,,
PINK,1,72,72,36,36,18,18,18,270,,
WHITE,0,0,0,0,0,0,0,0,0,,
NEON GREEN,1,70,70,35,35,17,17,17,261,,
CREAM,1,66,66,33,33,16,16,16,246,,
NAVY,1,58,58,29,29,14,14,14,216,,
Total,,452,452,226,226,112,112,112,1692,,
,,,,,,,,,,,
,,,,,,,,,,,
Cutting Matrix — Lot 62063,,,,,,,,,,,
Lot Number:,62063,Style:,ROUNDNECK,,,,,,,,
Fabric:,PEACH,Garment Type:,T-SHIRT,,,,,,,,
,,,,,,,,,,,
Color,Cutting Table,M,L,XL,2XL,3XL,4XL,5XL,Total Pcs,,
RANI,1,60,60,30,30,15,15,15,225,,
NEON GREEN,1,68,68,34,34,17,17,17,255,,
NEON YELLOW,1,68,68,34,34,17,17,17,255,,
SURF,1,60,60,30,30,15,15,15,225,,
CREAM,1,70,70,35,35,17,17,17,261,,
WHITE,0,0,0,0,0,0,0,0,0,,
D.GRAY,1,58,58,29,29,15,15,15,219,,
L.ORANGE,1,64,64,32,32,16,16,16,240,,
NAVY,1,60,60,30,30,15,15,15,225,,
Total,,508,508,254,254,127,127,127,1905,,
,,,,,,,,,,,
,,,,,,,,,,,
Cutting Matrix — Lot 11417,,,,,,,,,,,
Lot Number:,11417,Style:,nikkar,,,,,,,,
Fabric:,MESH JALI,Garment Type:,NIKKER,,,,,,,,
,,,,,,,,,,,
Color,Cutting Table,L,XL,2XL,3XL,4XL,5XL,Total Pcs,,,
BLACK,4,60,60,60,100,40,40,360,,,
WHITE,4,30,30,30,50,20,20,180,,,
RED,4,30,30,30,50,20,20,180,,,
NAVY,4,30,30,30,50,20,20,180,,,
ROYAL,4,30,30,30,50,20,20,180,,,
FIROZY,4,30,30,30,50,20,20,180,,,
D GREY,4,30,30,30,50,20,20,180,,,
Total,,240,240,240,400,160,160,1440,,,
,,,,,,,,,,,
,,,,,,,,,,,
Cutting Matrix — Lot 11471,,,,,,,,,,,
Lot Number:,11471,Style:,COLLAR + THOKA,,,,,,,,
Fabric:,LYCRA MATTY,Garment Type:,T-SHIRT,,,,,,,,
,,,,,,,,,,,
Color,Cutting Table,M,L,XL,2XL,3XL,4XL,5XL,Total Pcs,,
BLACK,2,50,100,50,50,64,64,64,442,,
CK TONE,2,25,50,25,25,32,32,32,221,,
NAVY,2,25,50,25,25,32,32,32,221,,
OFF WHITE,2,25,50,25,25,32,32,32,221,,
M OLIVE,0,0,0,0,0,0,0,0,0,,
RED,2,25,50,25,25,32,32,32,221,,
GREEN,2,25,50,25,25,32,32,32,221,,
KHAKHI,2,25,50,25,25,32,32,32,221,,
Total,,200,400,200,200,256,256,256,1768,,
,,,,,,,,,,,
,,,,,,,,,,,
Cutting Matrix — Lot 11509,,,,,,,,,,,
Lot Number:,11509,Style:,DROPSHOULDER ROUND NECK,,,,,,,,
Fabric:,SINKAR LYCRA,Garment Type:,T-SHIRT,,,,,,,,
,,,,,,,,,,,
Color,Cutting Table,M,L,XL,2XL,Total Pcs,,,,,
OLIVE,2,29,58,29,29,145,,,,,
BLACK,2,34,68,34,34,170,,,,,
OFF WHITE,2,30,60,30,30,150,,,,,
15%,2,29,58,29,29,145,,,,,
Total,,122,244,122,122,610,,,,,
,,,,,,,,,,,
,,,,,,,,,,,
Cutting Matrix — Lot 61107,,,,,,,,,,,
Lot Number:,61107,Style:,lower,,,,,,,,
Fabric:,Q16,Garment Type:,LOWER,,,,,,,,
,,,,,,,,,,,
Color,Cutting Table,M,L,XL,2XL,Total Pcs,,,,,
BEIGE,8,30,60,60,30,180,,,,,
L GREY,8,33,66,66,33,198,,,,,
LGREY,0,0,0,0,0,0,,,,,
L OLIVE,8,34,68,68,34,204,,,,,
M GREY,8,32,64,64,32,192,,,,,
KHAKHI,8,32,64,64,32,192,,,,,
COFFEE,8,22,44,44,22,132,,,,,
OFF WHITE,8,30,60,60,30,180,,,,,
BLACK,8,61,122,122,61,366,,,,,
MOUSE,8,34,68,68,34,204,,,,,
Total,,308,616,616,308,1848,,,,,
,,,,,,,,,,,
,,,,,,,,,,,
Cutting Matrix — Lot 67001,,,,,,,,,,,
Lot Number:,67001,Style:,18-19 MOHRI,,,,,,,,
Fabric:,UK LYCRA,Garment Type:,LOWER,,,,,,,,
,,,,,,,,,,,
Color,Cutting Table,M,L,XL,Total Pcs,,,,,,
BLACK,8,28,28,14,70,,,,,,
RED (half),8,14,14,7,35,,,,,,
ROYAL(half),8,16,16,8,40,,,,,,
JANGALI,8,36,36,18,90,,,,,,
ICE BLUE (half),8,24,24,12,60,,,,,,
D. NAVY,8,28,28,14,70,,,,,,
Total,,146,146,73,365,,,,,,
,,,,,,,,,,,
,,,,,,,,,,,
Cutting Matrix — Lot 61101,,,,,,,,,,,
Lot Number:,61101,Style:,lower,,,,,,,,
Fabric:,Q16,Garment Type:,LOWER,,,,,,,,
,,,,,,,,,,,
Color,Cutting Table,M,L,XL,2XL,Total Pcs,,,,,
BEIGE,8,18,36,36,18,108,,,,,
L GREY,8,33,66,66,33,198,,,,,
L OLIVE,8,33,66,66,33,198,,,,,
M GREY,8,32,64,64,32,192,,,,,
KHAKHI,8,24,48,48,24,144,,,,,
COFFEE,8,24,48,48,24,144,,,,,
OFF WHITE,8,32,64,64,32,192,,,,,
BLACK,8,58,116,116,58,348,,,,,
MOUSE,8,28,56,56,28,168,,,,,
Total,,282,564,564,282,1692,,,,,
,,,,,,,,,,,
,,,,,,,,,,,
Cutting Matrix — Lot 11554,,,,,,,,,,,
Lot Number:,11554,Style:,ROUNDNECK,,,,,,,,
Fabric:,CH-11491,Garment Type:,T-SHIRT,,,,,,,,
,,,,,,,,,,,
Color,Cutting Table,M,L,XL,2XL,Total Pcs,,,,,
DISCOVER VANILLA 1.5,2,33,66,33,33,165,,,,,
SUNGLOW BLACK 2,2,40,80,40,40,200,,,,,
SUNGLOW FAWN 2,3,36,72,36,36,180,,,,,
DISCOVER BLACK 1.5,3,38,76,38,38,190,,,,,
DISCOVER FAWN 1.5,2,35,70,35,35,175,,,,,
SUNGLOW OLIVE 2,3,35,70,35,35,175,,,,,
Total,,217,434,217,217,1085,,,,,
,,,,,,,,,,,
,,,,,,,,,,,
Cutting Matrix — Lot 11550,,,,,,,,,,,
Lot Number:,11550,Style:,CARGO LOWER,,,,,,,,
Fabric:,HARISS PRINT CEMO123,Garment Type:,LOWER,,,,,,,,
,,,,,,,,,,,
Color,Cutting Table,M,L,XL,2XL,Total Pcs,,,,,
GREY,9,40,80,40,40,200,,,,,
OLIVE,9,40,80,40,40,200,,,,,
COFFEE,9,40,80,40,40,200,,,,,
IVORY,9,40,80,40,40,200,,,,,
MILITARY,9,40,80,40,40,200,,,,,
Total,,200,400,200,200,1000,,,,,
,,,,,,,,,,,
,,,,,,,,,,,
Cutting Matrix — Lot 11546,,,,,,,,,,,
Lot Number:,11546,Style:,NIKKER,,,,,,,,
Fabric:,HARISS PRINT CEMO123,Garment Type:,NIKKER,,,,,,,,
,,,,,,,,,,,
Color,Cutting Table,L,XL,2XL,3XL,4XL,5XL,Total Pcs,,,
GREY,8,39,39,39,59,20,20,216,,,
OLIVE,8,40,40,40,60,20,20,220,,,
COFFEE,8,40,40,40,60,20,20,220,,,
IVORY,8,40,40,40,60,20,20,220,,,
MILITARY,8,40,40,40,61,21,21,223,,,
Total,,199,199,199,300,101,101,1099,,,
,,,,,,,,,,,
,,,,,,,,,,,
Cutting Matrix — Lot 11548,,,,,,,,,,,
Lot Number:,11548,Style:,NIKKER,,,,,,,,
Fabric:,HARISS PRINT CEMO123,Garment Type:,NIKKER,,,,,,,,
,,,,,,,,,,,
Color,Cutting Table,L,XL,2XL,3XL,Total Pcs,,,,,
GREY,8,32,32,32,32,128,,,,,
OLIVE,8,32,32,32,32,128,,,,,
COFFEE,8,35,35,35,35,140,,,,,
IVORY,8,30,30,30,30,120,,,,,
MILITARY,8,29,29,29,29,116,,,,,
Total,,158,158,158,158,632,,,,,
,,,,,,,,,,,
,,,,,,,,,,,
Cutting Matrix — Lot 11547,,,,,,,,,,,
Lot Number:,11547,Style:,NIKKER,,,,,,,,
Fabric:,HARISS PRINT CEMO123,Garment Type:,NIKKER,,,,,,,,
,,,,,,,,,,,
Color,Cutting Table,L,XL,2XL,3XL,Total Pcs,,,,,
GREY,8,30,30,30,30,120,,,,,
OLIVE,8,30,30,30,30,120,,,,,
COFFEE,8,30,30,30,30,120,,,,,
IVORY,8,31,31,31,31,124,,,,,
MILITARY,8,30,30,30,30,120,,,,,
Total,,151,151,151,151,604,,,,,
,,,,,,,,,,,
,,,,,,,,,,,
Cutting Matrix — Lot 11549,,,,,,,,,,,
Lot Number:,11549,Style:,CARGO LOWER,,,,,,,,
Fabric:,HARISS PRINT CEMO123,Garment Type:,LOWER,,,,,,,,
,,,,,,,,,,,
Color,Cutting Table,M,L,XL,2XL,Total Pcs,,,,,
GREY,12,41,82,41,41,205,,,,,
OLIVE,12,40,80,40,40,200,,,,,
COFFEE,12,40,80,40,40,200,,,,,
IVORY,12,40,80,40,40,200,,,,,
MILITARY,12,40,80,40,40,200,,,,,
Total,,201,402,201,201,1005,,,,,
,,,,,,,,,,,
,,,,,,,,,,,
Cutting Matrix — Lot 11420,,,,,,,,,,,
Lot Number:,11420,Style:,nikkar,,,,,,,,
Fabric:,MASS JALI,Garment Type:,NIKKER,,,,,,,,
,,,,,,,,,,,
Color,Cutting Table,L,XL,2XL,3XL,4XL,5XL,Total Pcs,,,
BLACK,5,47,47,47,94,47,47,329,,,
RED,5,26,26,26,52,26,26,182,,,
CREAM,5,26,26,26,52,26,26,182,,,
M GREY,5,20,20,20,40,20,20,140,,,
ROYAL,5,25,25,25,50,25,25,175,,,
SKY,5,26,26,26,52,26,26,182,,,
NAVY,5,26,26,26,52,26,26,182,,,
Total,,196,196,196,392,196,196,1372,,,
,,,,,,,,,,,
,,,,,,,,,,,
Cutting Matrix — Lot 11473,,,,,,,,,,,
Lot Number:,11473,Style:,COLLAR + THOKA,,,,,,,,
Fabric:,LYCRA MATTY,Garment Type:,T-SHIRT,,,,,,,,
,,,,,,,,,,,
Color,Cutting Table,M,L,XL,2XL,3XL,4XL,5XL,Total Pcs,,
BLACK (49),7,49,98,49,49,32,32,32,341,,
BLACK (30),7,30,60,30,30,32,32,32,246,,
NAVY (30),7,30,60,30,30,32,32,32,246,,
WHITE (30),7,30,60,30,30,32,32,32,246,,
GREY (30),7,30,60,30,30,32,32,32,246,,
BLUE (30),7,30,60,30,30,32,32,32,246,,
B GREEN (49),7,49,98,49,49,32,32,32,341,,
Total,,248,496,248,248,224,224,224,1912,,
,,,,,,,,,,,
,,,,,,,,,,,
Cutting Matrix — Lot 76027,,,,,,,,,,,
Lot Number:,76027,Style:,AS PER SAMPLE,,,,,,,,
Fabric:,HNM LYCRA,Garment Type:,SHIRT,,,,,,,,
,,,,,,,,,,,
Color,Cutting Table,M,L,XL,2XL,Total Pcs,,,,,
BLACK,7,25,50,25,25,125,,,,,
CREAM,7,25,50,25,25,125,,,,,
MOUSE,7,25,50,25,25,125,,,,,
L.GREY,7,25,50,25,25,125,,,,,
OLIVE,7,25,50,25,25,125,,,,,
Total,,125,250,125,125,625,,,,,
,,,,,,,,,,,
,,,,,,,,,,,
Cutting Matrix — Lot 11543,,,,,,,,,,,
Lot Number:,11543,Style:,ROUNDNECK,,,,,,,,
Fabric:,2814,Garment Type:,T-SHIRT,,,,,,,,
,,,,,,,,,,,
Color,Cutting Table,M,L,XL,2XL,Total Pcs,,,,,
NAVY,6,32,64,32,32,160,,,,,
WHITE,6,32,64,32,32,160,,,,,
GREY,6,32,64,32,32,160,,,,,
BROWN,6,31,62,31,31,155,,,,,
WINE,6,33,66,33,33,165,,,,,
BLACK,6,32,64,32,32,160,,,,,
Total,,192,384,192,192,960,,,,,
,,,,,,,,,,,
,,,,,,,,,,,
Cutting Matrix — Lot 11553,,,,,,,,,,,
Lot Number:,11553,Style:,ROUNDNECK,,,,,,,,
Fabric:,CH-11491,Garment Type:,T-SHIRT,,,,,,,,
,,,,,,,,,,,
Color,Cutting Table,M,L,XL,2XL,Total Pcs,,,,,
DISCOVER VANILLA 1.5,2,24,48,24,24,120,,,,,
SUNGLOW BLACK 2,3,35,70,35,35,175,,,,,
SUNGLOW FAWN 2,3,34,68,34,34,170,,,,,
DISCOVER BLACK 1.5,2,28,56,28,28,140,,,,,
DISCOVER FAWN 1.5,2,25,50,25,25,125,,,,,
SUNGLOW OLIVE 2,3,36,72,36,36,180,,,,,
Total,,182,364,182,182,910,,,,,
,,,,,,,,,,,
,,,,,,,,,,,
Cutting Matrix — Lot 11555,,,,,,,,,,,
Lot Number:,11555,Style:,ROUNDNECK,,,,,,,,
Fabric:,CH-11491,Garment Type:,T-SHIRT,,,,,,,,
,,,,,,,,,,,
Color,Cutting Table,M,L,XL,2XL,Total Pcs,,,,,
DISCOVER VANILLA 1.5,2,24,48,24,24,120,,,,,
SUNGLOW BLACK 2,3,37,74,37,37,185,,,,,
SUNGLOW FAWN 2,3,35,70,35,35,175,,,,,
DISCOVER BLACK 1.5,2,29,58,29,29,145,,,,,
DISCOVER FAWN 1.5,2,25,50,25,25,125,,,,,
SUNGLOW OLIVE 2,3,32,64,32,32,160,,,,,
Total,,182,364,182,182,910,,,,,
,,,,,,,,,,,
,,,,,,,,,,,
Cutting Matrix — Lot 11560,,,,,,,,,,,
Lot Number:,11560,Style:,NIKKER,,,,,,,,
Fabric:,HARISS PRINT CEMO123,Garment Type:,NIKKER,,,,,,,,
,,,,,,,,,,,
Color,Cutting Table,L,XL,2XL,3XL,Total Pcs,,,,,
GREY,15,40,40,40,40,160,,,,,
OLIVE,15,80,80,80,80,320,,,,,
COFFEE,15,40,40,40,40,160,,,,,
SILVER,15,40,40,40,40,160,,,,,
BLACK,15,40,40,40,40,160,,,,,
Total,,240,240,240,240,960,,,,,
,,,,,,,,,,,
,,,,,,,,,,,
Cutting Matrix — Lot 11559,,,,,,,,,,,
Lot Number:,11559,Style:,NIKKER,,,,,,,,
Fabric:,HARISS PRINT CEMO123,Garment Type:,NIKKER,,,,,,,,
,,,,,,,,,,,
Color,Cutting Table,L,XL,2XL,3XL,Total Pcs,,,,,
GREY,9,41,41,41,41,164,,,,,
OLIVE,9,83,83,83,83,332,,,,,
COFFEE,9,41,41,41,41,164,,,,,
SILVER,9,41,41,41,41,164,,,,,
BLACK,9,40,40,40,40,160,,,,,
Total,,246,246,246,246,984,,,,,
,,,,,,,,,,,
,,,,,,,,,,,
Cutting Matrix — Lot 76023,,,,,,,,,,,
Lot Number:,76023,Style:,AS PER SAMPLE,,,,,,,,
Fabric:,HNM LYCRA,Garment Type:,SHIRT,,,,,,,,
,,,,,,,,,,,
Color,Cutting Table,M,L,XL,2XL,Total Pcs,,,,,
BLACK,7,25,50,25,25,125,,,,,
NAVY,7,25,50,25,25,125,,,,,
WHITE,7,25,50,25,25,125,,,,,
TAN,7,25,50,25,25,125,,,,,
Total,,100,200,100,100,500,,,,,
,,,,,,,,,,,
,,,,,,,,,,,
Cutting Matrix — Lot 11562,,,,,,,,,,,
Lot Number:,11562,Style:,t.shirt collar,,,,,,,,
Fabric:,RUGBY STRIPER,Garment Type:,T-SHIRT,,,,,,,,
,,,,,,,,,,,
Color,Cutting Table,M,L,XL,2XL,Total Pcs,,,,,
RED,11,19,38,19,19,95,,,,,
ROYAL,3,19,38,19,19,95,,,,,
BLACK,2,20,42,21,20,103,,,,,
L.BEIGE,2,22,44,22,22,110,,,,,
P.GREEN,3,20,40,20,20,100,,,,,
RUST,11,20,40,20,20,100,,,,,
NAVY MANGO,11,20,40,20,20,100,,,,,
Total,,140,282,141,140,703,,,,,
,,,,,,,,,,,
,,,,,,,,,,,
Cutting Matrix — Lot 11563,,,,,,,,,,,
Lot Number:,11563,Style:,t.shirt collar,,,,,,,,
Fabric:,RUGBY STRIPER,Garment Type:,T-SHIRT,,,,,,,,
,,,,,,,,,,,
Color,Cutting Table,M,L,XL,2XL,Total Pcs,,,,,
RED,11,19,38,19,19,95,,,,,
ROYAL,3,19,38,19,19,95,,,,,
BLACK,2,20,42,21,20,103,,,,,
L.BEIGE,2,22,42,22,22,108,,,,,
P.GREEN,3,20,40,20,20,100,,,,,
RUST,11,20,40,20,20,100,,,,,
NAVY MANGO,11,20,40,20,20,100,,,,,
Total,,140,280,141,140,701,,,,,
,,,,,,,,,,,
,,,,,,,,,,,
Cutting Matrix — Lot 61142,,,,,,,,,,,
Lot Number:,61142,Style:,lower,,,,,,,,
Fabric:,JT 512,Garment Type:,LOWER,,,,,,,,
,,,,,,,,,,,
Color,Cutting Table,M,L,XL,2XL,Total Pcs,,,,,
BLACK,12,24,51,48,24,147,,,,,
RED,12,12,26,24,12,74,,,,,
ROYAL,12,12,24,24,12,72,,,,,
SILVER,12,11,22,22,11,66,,,,,
FAWN,12,11,27,22,11,71,,,,,
FOREST,12,12,24,24,12,72,,,,,
D GREY,12,12,27,24,12,75,,,,,
NAVY,12,12,26,24,12,74,,,,,
Total,,106,227,212,106,651,,,,,
,,,,,,,,,,,
,,,,,,,,,,,
Cutting Matrix — Lot 11577,,,,,,,,,,,
Lot Number:,11577,Style:,LOWER CARGO,,,,,,,,
Fabric:,HARISH PRINT CEMO 123,Garment Type:,LOWER,,,,,,,,
,,,,,,,,,,,
Color,Cutting Table,M,L,XL,2XL,Total Pcs,,,,,
GREY,9,20,40,40,20,120,,,,,
OLIVE,9,20,40,40,20,120,,,,,
COFFEE,9,20,40,40,20,120,,,,,
MILLETRY,9,20,40,40,20,120,,,,,
Total,,80,160,160,80,480,,,,,
,,,,,,,,,,,
,,,,,,,,,,,
Cutting Matrix — Lot 11538,,,,,,,,,,,
Lot Number:,11538,Style:,NIKKER,,,,,,,,
Fabric:,Q-16,Garment Type:,NIKKER,,,,,,,,
,,,,,,,,,,,
Color,Cutting Table,L,XL,2XL,3XL,Total Pcs,,,,,
LGREY,1,30,30,30,30,120,,,,,
BLACK,1,30,30,30,30,120,,,,,
MOUSE,1,30,30,30,30,120,,,,,
KHAKHI,1,30,30,30,30,120,,,,,
L.OLIVE,1,30,30,30,30,120,,,,,
D.GREY HALF,1,18,18,18,18,72,,,,,
Total,,168,168,168,168,672,,,,,
,,,,,,,,,,,
,,,,,,,,,,,
Cutting Matrix — Lot 11539,,,,,,,,,,,
Lot Number:,11539,Style:,NIKKER,,,,,,,,
Fabric:,Q-16,Garment Type:,NIKKER,,,,,,,,
,,,,,,,,,,,
Color,Cutting Table,L,XL,2XL,3XL,Total Pcs,,,,,
LGREY,1,30,30,30,30,120,,,,,
BLACK,1,30,30,30,30,120,,,,,
MOUSE,1,30,30,30,30,120,,,,,
KHAKHI,1,30,30,30,30,120,,,,,
L.OLIVE,1,30,30,30,30,120,,,,,
D.GREY HALF,1,18,18,18,18,72,,,,,
Total,,168,168,168,168,672,,,,,
,,,,,,,,,,,
,,,,,,,,,,,
Cutting Matrix — Lot 61143,,,,,,,,,,,
Lot Number:,61143,Style:,lower,,,,,,,,
Fabric:,JT 512,Garment Type:,LOWER,,,,,,,,
,,,,,,,,,,,
Color,Cutting Table,M,L,XL,2XL,Total Pcs,,,,,
BLACK,15,20,40,40,20,120,,,,,
RED,15,12,25,24,12,73,,,,,
ROYAL,15,12,24,24,12,72,,,,,
SILVER,15,12,24,24,12,72,,,,,
FAWN,15,12,25,24,12,73,,,,,
FOREST,15,12,25,24,12,73,,,,,
D GREY,15,12,25,24,12,73,,,,,
NAVY,15,12,26,24,12,74,,,,,
Total,,104,214,208,104,630,,,,,
,,,,,,,,,,,
,,,,,,,,,,,
Cutting Matrix — Lot 11561,,,,,,,,,,,
Lot Number:,11561,Style:,DROPSHOULDER ROUND NECK,,,,,,,,
Fabric:,LYCRA SINKAR,Garment Type:,T-SHIRT,,,,,,,,
,,,,,,,,,,,
Color,Cutting Table,M,L,XL,2XL,Total Pcs,,,,,
BLACK,2,33,66,33,33,165,,,,,
OFF WHITE,2,29,58,29,29,145,,,,,
NEON YELLOW,2,31,62,31,31,155,,,,,
1%,2,32,64,32,32,160,,,,,
Total,,125,250,125,125,625,,,,,
,,,,,,,,,,,
,,,,,,,,,,,
Cutting Matrix — Lot 65015,,,,,,,,,,,
Lot Number:,65015,Style:,nikkar,,,,,,,,
Fabric:,MASS,Garment Type:,NIKKER,,,,,,,,
,,,,,,,,,,,
Color,Cutting Table,L,XL,2XL,3XL,Total Pcs,,,,,
BLACK,5,48,48,48,48,192,,,,,
BLACK (HALF),5,12,12,12,12,48,,,,,
ORANGE (HALF),5,12,12,12,12,48,,,,,
RED (HALF),5,12,12,12,12,48,,,,,
ROYAL (HALF),5,12,12,12,12,48,,,,,
D GREY,5,24,24,24,24,96,,,,,
WHITE,5,24,24,24,24,96,,,,,
BEIGE,5,24,24,24,24,96,,,,,
SKY,5,24,24,24,24,96,,,,,
L GREY,5,24,24,24,24,96,,,,,
FIROZY,5,24,24,24,24,96,,,,,
OLIVE,5,24,24,24,24,96,,,,,
NAVY,5,24,24,24,24,96,,,,,
GREY,5,24,24,24,24,96,,,,,
YELLOW,5,24,24,24,24,96,,,,,
Total,,336,336,336,336,1344,,,,,
,,,,,,,,,,,
,,,,,,,,,,,
Cutting Matrix — Lot 61116,,,,,,,,,,,
Lot Number:,61116,Style:,LOWER,,,,,,,,
Fabric:,VISION,Garment Type:,LOWER,,,,,,,,
,,,,,,,,,,,
Color,Cutting Table,M,L,XL,2XL,Total Pcs,,,,,
BLACK,8,12,24,24,12,72,,,,,
BEIGE,8,12,24,24,12,72,,,,,
GREY,8,12,24,24,12,72,,,,,
BROWN,8,12,24,24,12,72,,,,,
FAWN,8,12,24,24,12,72,,,,,
Total,,60,120,120,60,360,,,,,
,,,,,,,,,,,
,,,,,,,,,,,
Cutting Matrix — Lot 61108,,,,,,,,,,,
Lot Number:,61108,Style:,lower,,,,,,,,
Fabric:,UK LYCRA,Garment Type:,LOWER,,,,,,,,
,,,,,,,,,,,
Color,Cutting Table,M,L,XL,2XL,Total Pcs,,,,,
BLACK,8,20,40,40,20,120,,,,,
BL;ACK,8,22,44,44,22,132,,,,,
IVORY,8,32,64,64,32,192,,,,,
SILVER,8,21,42,42,21,126,,,,,
ROYAL,8,28,56,56,28,168,,,,,
ICE BLUE,8,23,46,46,23,138,,,,,
COFFEE,8,24,48,48,24,144,,,,,
Total,,170,340,340,170,1020,,,,,
,,,,,,,,,,,
,,,,,,,,,,,
Cutting Matrix — Lot 61139,,,,,,,,,,,
Lot Number:,61139,Style:,cargo lower,,,,,,,,
Fabric:,JT 512,Garment Type:,LOWER,,,,,,,,
,,,,,,,,,,,
Color,Cutting Table,M,L,XL,2XL,Total Pcs,,,,,
BLACK,8,39,78,78,39,234,,,,,
RED,8,21,42,42,21,126,,,,,
ROYAL,8,16,32,32,16,96,,,,,
SILVER,8,19,38,38,19,114,,,,,
FAWN,8,20,40,40,20,120,,,,,
FOREST,8,20,40,40,20,120,,,,,
D GREY,8,17,34,34,17,102,,,,,
NAVY,8,17,34,34,17,102,,,,,
Total,,169,338,338,169,1014,,,,,
,,,,,,,,,,,
,,,,,,,,,,,
Cutting Matrix — Lot 61137,,,,,,,,,,,
Lot Number:,61137,Style:,jogger,,,,,,,,
Fabric:,JT 512,Garment Type:,LOWER,,,,,,,,
,,,,,,,,,,,
Color,Cutting Table,M,L,XL,2XL,Total Pcs,,,,,
BLACK,9,27,54,54,27,162,,,,,
RED,9,16,32,32,16,96,,,,,
ROYAL,9,13,26,26,13,78,,,,,
SILVER,9,13,26,26,13,78,,,,,
FAWN,9,13,26,26,13,78,,,,,
FOREST,9,13,26,26,13,78,,,,,
D GREY,9,13,26,26,13,78,,,,,
NAVY,9,13,26,26,13,78,,,,,
Total,,121,242,242,121,726,,,,,
,,,,,,,,,,,
,,,,,,,,,,,
Cutting Matrix — Lot 61136,,,,,,,,,,,
Lot Number:,61136,Style:,jogger,,,,,,,,
Fabric:,JT 512,Garment Type:,LOWER,,,,,,,,
,,,,,,,,,,,
Color,Cutting Table,M,L,XL,2XL,Total Pcs,,,,,
BLACK,9,28,56,56,28,168,,,,,
RED,9,12,24,24,12,72,,,,,
ROYAL,9,14,28,28,14,84,,,,,
SILVER,9,14,28,28,14,84,,,,,
FAWN,9,14,28,28,14,84,,,,,
FOREST,9,9,18,18,9,54,,,,,
D GREY,9,14,28,28,14,84,,,,,
NAVY,9,15,30,30,15,90,,,,,
Total,,120,240,240,120,720,,,,,
,,,,,,,,,,,
,,,,,,,,,,,
Cutting Matrix — Lot 61135,,,,,,,,,,,
Lot Number:,61135,Style:,LOWER CARGO,,,,,,,,
Fabric:,ROODSTAR,Garment Type:,LOWER,,,,,,,,
,,,,,,,,,,,
Color,Cutting Table,M,L,XL,2XL,Total Pcs,,,,,
BLACK,15,27,54,54,27,162,,,,,
BEIGE,15,12,24,24,12,72,,,,,
D GREY,15,12,24,24,12,72,,,,,
L GREY,15,12,24,24,12,72,,,,,
OLIVE,15,12,24,24,12,72,,,,,
Total,,75,150,150,75,450,,,,,
,,,,,,,,,,,
,,,,,,,,,,,
Cutting Matrix — Lot 61138,,,,,,,,,,,
Lot Number:,61138,Style:,jogger,,,,,,,,
Fabric:,JT 512,Garment Type:,LOWER,,,,,,,,
,,,,,,,,,,,
Color,Cutting Table,M,L,XL,2XL,Total Pcs,,,,,
BLACK,12,26,52,52,26,156,,,,,
RED,12,13,26,26,13,78,,,,,
ROYAL,12,13,26,26,13,78,,,,,
SILVER,12,13,26,26,13,78,,,,,
FAWN,12,13,26,26,13,78,,,,,
FOREST,12,13,26,26,13,78,,,,,
D GREY,12,13,26,26,13,78,,,,,
NAVY,12,14,28,28,14,84,,,,,
Total,,118,236,236,118,708,,,,,
,,,,,,,,,,,
,,,,,,,,,,,
Cutting Matrix — Lot 11531,,,,,,,,,,,
Lot Number:,11531,Style:,COLLAR + THOKA,,,,,,,,
Fabric:,SINKAR LYCRA,Garment Type:,T-SHIRT COLLAR,,,,,,,,
,,,,,,,,,,,
Color,Cutting Table,M,L,XL,2XL,Total Pcs,,,,,
BLACK,3,67,134,67,67,335,,,,,
OFF WHITE,3,29,58,29,29,145,,,,,
ROYAL,3,31,62,31,31,155,,,,,
R GREEN,3,36,72,36,36,180,,,,,
RANI,3,29,58,29,29,145,,,,,
OLIVE,3,29,58,29,29,145,,,,,
1%,3,33,66,33,33,165,,,,,
Total,,254,508,254,254,1270,,,,,
,,,,,,,,,,,
,,,,,,,,,,,
Cutting Matrix — Lot 61127,,,,,,,,,,,
Lot Number:,61127,Style:,LOWER,,,,,,,,
Fabric:,VISION,Garment Type:,LOWER,,,,,,,,
,,,,,,,,,,,
Color,Cutting Table,M,L,XL,XXL,Total Pcs,,,,,
BLACK,9,100,100,50,50,300,,,,,
BROWN,9,50,50,25,25,150,,,,,
BEIGE,9,48,48,24,24,144,,,,,
D. GREY,9,42,42,21,21,126,,,,,
Total,,240,240,120,120,720,,,,,
,,,,,,,,,,,
,,,,,,,,,,,
Cutting Matrix — Lot 11552,,,,,,,,,,,
Lot Number:,11552,Style:,ROUNDNECK,,,,,,,,
Fabric:,LYCRA  SINKER,Garment Type:,T-SHIRT,,,,,,,,
,,,,,,,,,,,
Color,Cutting Table,M,L,XL,2XL,Total Pcs,,,,,
BLACK 6,2,107,214,107,107,535,,,,,
OFFWHITE 4,2,30,60,30,30,150,,,,,
WHITE  4,2,31,62,31,31,155,,,,,
1% 4,2,67,134,67,67,335,,,,,
KHAKHI,2,31,62,31,31,155,,,,,
R GREEN,2,31,62,31,31,155,,,,,
OLIVE,2,31,62,31,31,155,,,,,
N GREEN,2,32,64,32,32,160,,,,,
N YELLOW,2,32,64,32,32,160,,,,,
RED,2,35,70,35,35,175,,,,,
15%,2,33,66,33,33,165,,,,,
BLUE,2,33,66,33,33,165,,,,,
D GREY,2,33,66,33,33,165,,,,,
N ORANGE,2,32,64,32,32,160,,,,,
AQUA,2,32,64,32,32,160,,,,,
SKY,2,32,64,32,32,160,,,,,
L GREY,2,36,72,36,36,180,,,,,
B GREEN,2,35,70,35,35,175,,,,,
Total,,693,1386,693,693,3465,,,,,
,,,,,,,,,,,
,,,,,,,,,,,
Cutting Matrix — Lot 76030,,,,,,,,,,,
Lot Number:,76030,Style:,full baju shirt,,,,,,,,
Fabric:,BERRY BLAST,Garment Type:,SHIRT,,,,,,,,
,,,,,,,,,,,
Color,Cutting Table,M,L,XL,2XL,Total Pcs,,,,,
WHITE,7,30,60,30,30,150,,,,,
SKY,7,14,28,14,14,70,,,,,
BLACK,7,27,54,27,27,135,,,,,
CREAM,7,16,32,16,16,80,,,,,
GREY,7,15,30,15,15,75,,,,,
COFFEE,7,17,34,17,17,85,,,,,
Total,,119,238,119,119,595,,,,,
,,,,,,,,,,,
,,,,,,,,,,,
Cutting Matrix — Lot 11474,,,,,,,,,,,
Lot Number:,11474,Style:,COLLAR + THOKA,,,,,,,,
Fabric:,SINKER LYCRA,Garment Type:,T-SHIRT,,,,,,,,
,,,,,,,,,,,
Color,Cutting Table,M,L,XL,2XL,3XL,4XL,5XL,Total Pcs,,
BLACK (150 WHITE),3,30,60,30,30,32,32,32,246,,
BLACK (250 KHAKHI),3,50,100,50,50,33,33,33,349,,
WHITE (150 KHAKHI),3,30,60,30,30,32,32,32,246,,
L BEIGE (150 KHAKHI),3,30,60,30,30,32,32,32,246,,
NAVY (250 KHAKHI),3,51,102,51,51,33,33,33,354,,
CK TONE (150 WHITE),3,30,60,30,30,32,32,32,246,,
GREY (250 KHAKHI),3,40,80,40,40,32,32,32,296,,
SKY (150 WHITE),3,30,60,30,30,32,32,32,246,,
Total,,291,582,291,291,258,258,258,2229,,
,,,,,,,,,,,
,,,,,,,,,,,
Cutting Matrix — Lot 11583,,,,,,,,,,,
Lot Number:,11583,Style:,cargo lower,,,,,,,,
Fabric:,Q20 PRINT CAMO,Garment Type:,LOWER,,,,,,,,
,,,,,,,,,,,
Color,Cutting Table,M,L,XL,2XL,Total Pcs,,,,,
FAWN-L,8,41,82,41,41,205,,,,,
GREY-D,8,41,82,41,41,205,,,,,
OLIVE,8,40,80,40,40,200,,,,,
Total,,122,244,122,122,610,,,,,
,,,,,,,,,,,
,,,,,,,,,,,
Cutting Matrix — Lot 11582,,,,,,,,,,,
Lot Number:,11582,Style:,cargo lower,,,,,,,,
Fabric:,Q20 PRINT CAMO,Garment Type:,LOWER,,,,,,,,
,,,,,,,,,,,
Color,Cutting Table,M,L,XL,2XL,Total Pcs,,,,,
FAWN-L,8,41,82,41,41,205,,,,,
GREY-D,8,41,82,41,41,205,,,,,
OLIVE,8,40,80,40,40,200,,,,,
Total,,122,244,122,122,610,,,,,
,,,,,,,,,,,
,,,,,,,,,,,
Cutting Matrix — Lot 11581,,,,,,,,,,,
Lot Number:,11581,Style:,cargo lower,,,,,,,,
Fabric:,Q20 PRINT CAMO,Garment Type:,LOWER,,,,,,,,
,,,,,,,,,,,
Color,Cutting Table,M,L,XL,2XL,Total Pcs,,,,,
FAWN-L,8,40,80,40,40,200,,,,,
GREY-D,8,42,84,42,42,210,,,,,
OLIVE,8,41,82,41,41,205,,,,,
Total,,123,246,123,123,615,,,,,
,,,,,,,,,,,
,,,,,,,,,,,
Cutting Matrix — Lot 76032,,,,,,,,,,,
Lot Number:,76032,Style:,drop shoulder half baju,,,,,,,,
Fabric:,COOL CVRY,Garment Type:,SHIRT,,,,,,,,
,,,,,,,,,,,
Color,Cutting Table,M,L,XL,2XL,Total Pcs,,,,,
BLACK,7,19,38,19,19,95,,,,,
IVORY,7,20,40,20,20,100,,,,,
BEIGE,7,16,32,16,16,80,,,,,
SLATE,7,19,38,19,19,95,,,,,
COFFEE,7,20,40,20,20,100,,,,,
Total,,94,188,94,94,470,,,,,
,,,,,,,,,,,
,,,,,,,,,,,
Cutting Matrix — Lot 76033,,,,,,,,,,,
Lot Number:,76033,Style:,drop shoulder half baju,,,,,,,,
Fabric:,COOL CVRY,Garment Type:,SHIRT,,,,,,,,
,,,,,,,,,,,
Color,Cutting Table,M,L,XL,2XL,Total Pcs,,,,,
NAVY,7,20,40,20,20,100,,,,,
CHOCO,7,24,48,24,24,120,,,,,
PISTA,7,21,42,21,21,105,,,,,
OFF WHITE,7,23,46,23,23,115,,,,,
L GREY,7,21,42,21,21,105,,,,,
BLUE,7,23,46,23,23,115,,,,,
CHARCOL,7,20,40,20,20,100,,,,,
OLIVE,7,21,42,21,21,105,,,,,
Total,,173,346,173,173,865,,,,,
,,,,,,,,,,,
,,,,,,,,,,,
Cutting Matrix — Lot 61126,,,,,,,,,,,
Lot Number:,61126,Style:,NIKKER,,,,,,,,
Fabric:,VISION,Garment Type:,NIKKER,,,,,,,,
,,,,,,,,,,,
Color,Cutting Table,L,XL,XXL,XXXL,Total Pcs,,,,,
BROWN,9,34,34,34,17,119,,,,,
BEIGE,9,34,34,34,17,119,,,,,
BLACK,9,34,34,34,17,119,,,,,
GREY,9,34,34,34,17,119,,,,,
BALCK,9,34,34,34,17,119,,,,,
Total,,170,170,170,85,595,,,,,
,,,,,,,,,,,
,,,,,,,,,,,
Cutting Matrix — Lot 61133,,,,,,,,,,,
Lot Number:,61133,Style:,LOWER,,,,,,,,
Fabric:,JT 512,Garment Type:,LOWER,,,,,,,,
,,,,,,,,,,,
Color,Cutting Table,M,L,XL,XXL,Total Pcs,,,,,
BLACK,12,82,82,41,41,246,,,,,
BEIGE,12,42,42,21,21,126,,,,,
GREY,12,40,40,20,20,120,,,,,
OLIVE,12,40,40,20,20,120,,,,,
RED,12,20,20,10,10,60,,,,,
ROYAL,12,20,20,10,10,60,,,,,
Total,,244,244,122,122,732,,,,,
,,,,,,,,,,,
,,,,,,,,,,,
Cutting Matrix — Lot 11578,,,,,,,,,,,
Lot Number:,11578,Style:,18-19 MOHRI,,,,,,,,
Fabric:,UK LYCRA,Garment Type:,LOWER,,,,,,,,
,,,,,,,,,,,
Color,Cutting Table,M,L,XL,2XL,Total Pcs,,,,,
RED,8,32,64,32,32,160,,,,,
ROYAL,8,36,72,36,36,180,,,,,
FOREST,8,33,66,33,33,165,,,,,
BLACK,8,67,134,67,67,335,,,,,
SILVER,8,33,66,33,33,165,,,,,
FAWN,8,32,64,32,32,160,,,,,
Total,,233,466,233,233,1165,,,,,
,,,,,,,,,,,
,,,,,,,,,,,
Cutting Matrix — Lot 61092,,,,,,,,,,,
Lot Number:,61092,Style:,BOOT CUT WITH ZIP,,,,,,,,
Fabric:,RAYBEN,Garment Type:,LOWER,,,,,,,,
,,,,,,,,,,,
Color,Cutting Table,M,L,XL,XXL,Total Pcs,,,,,
GREY,9,12,24,24,12,72,,,,,
RED (HALF),9,12,24,24,12,72,,,,,
ROYAL (HALF),9,12,24,24,12,72,,,,,
FOREST,9,12,24,24,12,72,,,,,
FAWN,9,12,24,24,12,72,,,,,
BLACK,9,24,48,48,24,144,,,,,
Total,,84,168,168,84,504,,,,,
,,,,,,,,,,,
,,,,,,,,,,,
Cutting Matrix — Lot 11556,,,,,,,,,,,
Lot Number:,11556,Style:,ROUNDNECK,,,,,,,,
Fabric:,LYCRA  SINKER,Garment Type:,T-SHIRT,,,,,,,,
,,,,,,,,,,,
Color,Cutting Table,M,L,XL,2XL,Total Pcs,,,,,
BLACK 4,4,64,128,64,64,320,,,,,
OFFWHITE 4,4,66,132,66,66,330,,,,,
15% 2,3,34,68,34,34,170,,,,,
BLUE 2,3,33,66,33,33,165,,,,,
NEON GREEN 2,3,33,66,33,33,165,,,,,
ORANGE 2,3,32,64,32,32,160,,,,,
SURF 2,0,0,0,0,0,0,,,,,
ROYAL,3,34,68,34,34,170,,,,,
Total,,296,592,296,296,1480,,,,,
,,,,,,,,,,,
,,,,,,,,,,,
Cutting Matrix — Lot 11558,,,,,,,,,,,
Lot Number:,11558,Style:,SANDOW,,,,,,,,
Fabric:,LYCRA SINKER,Garment Type:,SANDOW,,,,,,,,
,,,,,,,,,,,
Color,Cutting Table,M,L,XL,2XL,Total Pcs,,,,,
BLACK 2,3,45,90,45,45,225,,,,,
OFFWHITE 2,3,32,64,32,32,160,,,,,
15% 1,3,18,36,18,18,90,,,,,
BLUE 1,3,22,44,22,22,110,,,,,
N.GREEN 1,3,21,42,21,21,105,,,,,
ORANGE 1,3,21,42,21,21,105,,,,,
SURF 1,0,0,0,0,0,0,,,,,
ROYAL,3,21,42,21,21,105,,,,,
Total,,180,360,180,180,900,,,,,
,,,,,,,,,,,
,,,,,,,,,,,
Cutting Matrix — Lot 11421,,,,,,,,,,,
Lot Number:,11421,Style:,nikkar,,,,,,,,
Fabric:,MASS JALI,Garment Type:,NIKKER,,,,,,,,
,,,,,,,,,,,
Color,Cutting Table,L,XL,2XL,3XL,4XL,5XL,Total Pcs,,,
BLACK,4,30,30,30,50,20,20,180,,,
RED,4,30,30,30,50,20,20,180,,,
ROYAL,4,30,30,30,50,20,20,180,,,
CREAM,4,30,30,30,50,20,20,180,,,
D GREY,4,30,30,30,50,20,20,180,,,
OLIVE,4,30,30,30,50,20,20,180,,,
SKY,4,30,30,30,50,20,20,180,,,
Total,,210,210,210,350,140,140,1260,,,
,,,,,,,,,,,
,,,,,,,,,,,
Cutting Matrix — Lot 11481,,,,,,,,,,,
Lot Number:,11481,Style:,lower,,,,,,,,
Fabric:,GYM JOY,Garment Type:,LOWER,,,,,,,,
,,,,,,,,,,,
Color,Cutting Table,M,L,XL,2XL,Total Pcs,,,,,
BLACK (BROWN),4,13,26,13,13,65,,,,,
BLACK (OLIOVE),4,14,28,14,14,70,,,,,
OLIVE (BLACK),4,14,28,14,14,70,,,,,
FAWN (BROWN),4,14,28,14,14,70,,,,,
GREY (BLACK),4,13,26,13,13,65,,,,,
BRWON (FAWN),4,14,28,14,14,70,,,,,
Total,,82,164,82,82,410,,,,,
,,,,,,,,,,,
,,,,,,,,,,,
Cutting Matrix — Lot 67004,,,,,,,,,,,
Lot Number:,67004,Style:,18-19 MOHRI,,,,,,,,
Fabric:,UK LYCRA,Garment Type:,LOWER,,,,,,,,
,,,,,,,,,,,
Color,Cutting Table,M,L,XL,Total Pcs,,,,,,
BLACK,8,26,26,13,65,,,,,,
FAWN,8,30,30,15,75,,,,,,
RED (half),8,14,14,7,35,,,,,,
ROYAL (half),8,12,12,6,30,,,,,,
DARK GRAY,8,30,30,15,75,,,,,,
FIROZI,0,0,0,0,0,,,,,,
PEACOCK,8,30,30,15,75,,,,,,
Total,,142,142,71,355,,,,,,
,,,,,,,,,,,
,,,,,,,,,,,
Cutting Matrix — Lot 11511,,,,,,,,,,,
Lot Number:,11511,Style:,DROPSHOULDER ROUND NECK,,,,,,,,
Fabric:,LYCRA SINKER,Garment Type:,T-SHIRT,,,,,,,,
,,,,,,,,,,,
Color,Cutting Table,M,L,XL,2XL,Total Pcs,,,,,
BLACK,2,34,68,34,34,170,,,,,
OFFWHITE,2,30,60,30,30,150,,,,,
BLUE,2,32,64,32,32,160,,,,,
15%,2,31,62,31,31,155,,,,,
Total,,127,254,127,127,635,,,,,
,,,,,,,,,,,
,,,,,,,,,,,
Cutting Matrix — Lot 61132,,,,,,,,,,,
Lot Number:,61132,Style:,LOWER,,,,,,,,
Fabric:,VISION,Garment Type:,LOWER,,,,,,,,
,,,,,,,,,,,
Color,Cutting Table,M,L,XL,XXL,Total Pcs,,,,,
BLACK,15,92,92,46,46,276,,,,,
BEIGE,15,46,46,23,23,138,,,,,
GREY,15,46,46,23,23,138,,,,,
OLIVE,15,44,44,22,22,132,,,,,
BROWN,15,46,46,23,23,138,,,,,
Total,,274,274,137,137,822,,,,,
,,,,,,,,,,,
,,,,,,,,,,,
Cutting Matrix — Lot 65019,,,,,,,,,,,
Lot Number:,65019,Style:,nikker,,,,,,,,
Fabric:,MASS,Garment Type:,NIKKER,,,,,,,,
,,,,,,,,,,,
Color,Cutting Table,L,XL,2XL,3XL,Total Pcs,,,,,
BLACK,5,86,86,86,86,344,,,,,
BEIGE,5,30,30,30,30,120,,,,,
WHITE,5,26,26,26,26,104,,,,,
GREY,5,26,26,26,26,104,,,,,
L GREY,5,28,28,28,28,112,,,,,
D GREY,5,16,16,16,16,64,,,,,
NAVY,5,34,34,34,34,136,,,,,
RED,5,38,38,38,38,152,,,,,
ROYAL,5,40,40,40,40,160,,,,,
YELLOW,5,18,18,18,18,72,,,,,
SKY,5,32,32,32,32,128,,,,,
FIROZY,5,32,32,32,32,128,,,,,
OLIVE,5,36,36,36,36,144,,,,,
ORANGE,5,44,44,44,44,176,,,,,
Total,,486,486,486,486,1944,,,,,
,,,,,,,,,,,
,,,,,,,,,,,
Cutting Matrix — Lot 11603,,,,,,,,,,,
Lot Number:,11603,Style:,NIKKER,,,,,,,,
Fabric:,Q 20 D 7 D 1,Garment Type:,NIKKER,,,,,,,,
,,,,,,,,,,,
Color,Cutting Table,M,L,XL,2XL,3XL,4XL,5XL,Total Pcs,,
GREY D7,12,38,38,38,38,38,19,19,228,,
FAWN D7,12,38,38,38,38,38,19,19,228,,
OLIVE D7,12,38,38,38,38,38,19,19,228,,
OLIVE D1,12,38,38,38,38,38,19,19,228,,
FAWN D1,12,38,38,38,38,38,19,19,228,,
C COFFEE D1,12,38,38,38,38,38,19,19,228,,
KHAKHI D1,12,38,38,38,38,38,19,19,228,,
Total,,266,266,266,266,266,133,133,1596,,
,,,,,,,,,,,
,,,,,,,,,,,
Cutting Matrix — Lot 11566,,,,,,,,,,,
Lot Number:,11566,Style:,t.shirt collar,,,,,,,,
Fabric:,RUGBY STRIPER,Garment Type:,T-SHIRT,,,,,,,,
,,,,,,,,,,,
Color,Cutting Table,M,L,XL,2XL,Total Pcs,,,,,
COFFEE MANGO,6,20,40,20,20,100,,,,,
SKY WHITE,6,21,42,21,21,105,,,,,
WINE S.GREY,,0,0,0,0,0,,,,,
MANGO NAVY,,0,0,0,0,0,,,,,
P.GREEN NAVY,,0,0,0,0,0,,,,,
RUST WHITE,6,20,40,20,20,100,,,,,
ORANGE CHARCOAL,,0,0,0,0,0,,,,,
Total,,61,122,61,61,305,,,,,
,,,,,,,,,,,
,,,,,,,,,,,
Cutting Matrix — Lot 11567,,,,,,,,,,,
Lot Number:,11567,Style:,t.shirt collar,,,,,,,,
Fabric:,RUGBY STRIPER,Garment Type:,T-SHIRT,,,,,,,,
,,,,,,,,,,,
Color,Cutting Table,M,L,XL,2XL,Total Pcs,,,,,
COFFEE MANGO,6,21,42,21,21,105,,,,,
SKY WHITE,6,22,44,22,22,110,,,,,
WINE S.GREY,,0,0,0,0,0,,,,,
MANGO NAVY,,0,0,0,0,0,,,,,
P.GREEN NAVY,,0,0,0,0,0,,,,,
RUST WHITE,6,20,40,20,20,100,,,,,
ORANGE CHARCOAL,,0,0,0,0,0,,,,,
Total,,63,126,63,63,315,,,,,
,,,,,,,,,,,
,,,,,,,,,,,
Cutting Matrix — Lot 11606,,,,,,,,,,,
Lot Number:,11606,Style:,COLLAR + THOKA,,,,,,,,
Fabric:,LCRA MATTY,Garment Type:,T-SHIRT,,,,,,,,
,,,,,,,,,,,
Color,Cutting Table,M,L,XL,2XL,3XL,4XL,5XL,Total Pcs,,
BLACK,11,98,196,98,98,66,66,66,688,,
B GREEN,11,49,98,49,49,33,33,33,344,,
GREY,0,0,0,0,0,0,0,0,0,,
CK TONE,11,49,98,49,49,33,33,33,344,,
NAVY,11,49,98,49,49,33,33,33,344,,
Total,,245,490,245,245,165,165,165,1720,,
,,,,,,,,,,,
,,,,,,,,,,,
Cutting Matrix — Lot 11592,,,,,,,,,,,
Lot Number:,11592,Style:,T.SHIRT COLLAR,,,,,,,,
Fabric:,8823,Garment Type:,T-SHIRT,,,,,,,,
,,,,,,,,,,,
Color,Cutting Table,L,XL,2XL,3XL,Total Pcs,,,,,
BLACK,4,40,40,40,40,160,,,,,
RUST,4,40,40,40,40,160,,,,,
OFFWHITE,4,41,41,41,41,164,,,,,
MUSTARD,4,40,40,40,40,160,,,,,
C.GREEN,4,40,40,40,40,160,,,,,
MOUSE,4,40,40,40,40,160,,,,,
Total,,241,241,241,241,964,,,,,
,,,,,,,,,,,
,,,,,,,,,,,
Cutting Matrix — Lot 11593,,,,,,,,,,,
Lot Number:,11593,Style:,NIKKER,,,,,,,,
Fabric:,8823,Garment Type:,NIKKER,,,,,,,,
,,,,,,,,,,,
Color,Cutting Table,L,XL,2XL,3XL,Total Pcs,,,,,
BLACK,4,40,40,40,40,160,,,,,
RUST,4,40,40,40,40,160,,,,,
OFFWHITE,4,41,41,41,41,164,,,,,
MUSTARD,4,40,40,40,40,160,,,,,
C.GREEN,4,40,40,40,40,160,,,,,
MOUSE,4,40,40,40,40,160,,,,,
Total,,241,241,241,241,964,,,,,
,,,,,,,,,,,
,,,,,,,,,,,
Cutting Matrix — Lot 11610,,,,,,,,,,,
Lot Number:,11610,Style:,ROUNDNECK,,,,,,,,
Fabric:,LYCRA SINKER,Garment Type:,T-SHIRT,,,,,,,,
,,,,,,,,,,,
Color,Cutting Table,M,L,XL,2XL,3XL,4XL,5XL,Total Pcs,,
1%,2,37,37,74,37,18,18,18,239,,
15%,2,34,34,68,34,17,17,17,221,,
CREAM,2,34,34,68,34,18,18,18,224,,
WHITE,2,38,38,76,38,19,19,19,247,,
NAVY,2,35,35,70,35,18,18,18,229,,
BLACK,4,33,33,66,33,22,22,22,231,,
RED,2,34,34,68,34,17,17,17,221,,
SURF,2,36,36,72,36,18,17,17,232,,
NEON YELLOW,2,35,35,70,35,18,18,18,229,,
NEON GREEN,2,35,35,70,35,17,17,17,226,,
Total,,351,351,702,351,182,181,181,2299,,
,,,,,,,,,,,
,,,,,,,,,,,
Cutting Matrix — Lot 76034,,,,,,,,,,,
Lot Number:,76034,Style:,shirt,,,,,,,,
Fabric:,PINK CHECK,Garment Type:,SHIRT,,,,,,,,
,,,,,,,,,,,
Color,Cutting Table,M,L,XL,2XL,Total Pcs,,,,,
YELLOW,7,21,21,21,21,84,,,,,
D PINK,7,21,21,21,21,84,,,,,
MOVE,7,21,21,21,21,84,,,,,
WINE,7,21,21,21,21,84,,,,,
FIROZY,7,20,20,20,20,80,,,,,
SKY,7,42,42,42,42,168,,,,,
FAWN,7,21,21,21,21,84,,,,,
KHAKHI,7,21,21,21,21,84,,,,,
L PINK,7,21,21,21,21,84,,,,,
Total,,209,209,209,209,836,,,,,
,,,,,,,,,,,
,,,,,,,,,,,
Cutting Matrix — Lot 76035,,,,,,,,,,,
Lot Number:,76035,Style:,shirt,,,,,,,,
Fabric:,PINK LINING,Garment Type:,SHIRT,,,,,,,,
,,,,,,,,,,,
Color,Cutting Table,M,L,XL,2XL,Total Pcs,,,,,
FIROZY,7,22,22,22,22,88,,,,,
MOVE,7,21,21,21,21,84,,,,,
SKY,7,43,43,43,43,172,,,,,
FAWN,7,21,21,21,21,84,,,,,
YELLOW,7,21,21,21,21,84,,,,,
D PINK,7,22,22,22,22,88,,,,,
WINE,7,23,23,23,23,92,,,,,
KHAKHI,7,21,21,21,21,84,,,,,
L PINK,7,22,22,22,22,88,,,,,
Total,,216,216,216,216,864,,,,,
,,,,,,,,,,,
,,,,,,,,,,,
Cutting Matrix — Lot 11613,,,,,,,,,,,
Lot Number:,11613,Style:,COLLAR + THOKA,,,,,,,,
Fabric:,MATTY LYCRA,Garment Type:,T-SHIRT,,,,,,,,
,,,,,,,,,,,
Color,Cutting Table,24,26,28,30,32,34,36,Total Pcs,,
BLACK,11,60,60,60,60,60,60,60,420,,
GREY,11,30,30,30,30,30,30,30,210,,
L BEIGE,11,30,30,30,30,30,30,30,210,,
NAVY,11,60,60,60,60,60,60,60,420,,
Total,,180,180,180,180,180,180,180,1260,,
,,,,,,,,,,,
,,,,,,,,,,,
Cutting Matrix — Lot 11599,,,,,,,,,,,
Lot Number:,11599,Style:,NIKKER,,,,,,,,
Fabric:,ROAD STAR,Garment Type:,NIKKER,,,,,,,,
,,,,,,,,,,,
Color,Cutting Table,L,XL,2XL,3XL,4XL,5XL,Total Pcs,,,
L GREY,8,40,40,40,40,20,20,200,,,
BLACK,8,74,74,74,74,37,37,370,,,
STONE,8,40,40,40,40,20,20,200,,,
BROWN,8,40,40,40,40,20,20,200,,,
BEIGE,8,40,40,40,40,20,20,200,,,
MOUSE,8,40,40,40,40,20,20,200,,,
D GREY,8,42,42,42,42,21,21,210,,,
OLIVE,8,44,44,44,44,22,22,220,,,
Total,,360,360,360,360,180,180,1800,,,
,,,,,,,,,,,
,,,,,,,,,,,
Cutting Matrix — Lot 11600,,,,,,,,,,,
Lot Number:,11600,Style:,NIKKER,,,,,,,,
Fabric:,HARISH PRINT CEMO 123,Garment Type:,NIKKER,,,,,,,,
,,,,,,,,,,,
Color,Cutting Table,L,XL,2XL,3XL,4XL,5XL,Total Pcs,,,
COFFEE,12,32,32,32,32,16,16,160,,,
OLIVE,12,32,32,32,32,16,16,160,,,
SILVER,12,32,32,32,32,16,16,160,,,
BLACK,12,32,32,32,32,16,16,160,,,
Total,,128,128,128,128,64,64,640,,,
,,,,,,,,,,,
,,,,,,,,,,,
Cutting Matrix — Lot 11605,,,,,,,,,,,
Lot Number:,11605,Style:,NIKKER,,,,,,,,
Fabric:,Q16,Garment Type:,NIKKER,,,,,,,,
,,,,,,,,,,,
Color,Cutting Table,M,L,XL,2XL,3XL,4XL,5XL,Total Pcs,,
BEIGE,9,30,30,30,30,30,15,15,180,,
L GREY,9,32,32,32,32,32,16,16,192,,
L OLIVE,9,18,18,18,18,18,9,9,108,,
M GREY,9,32,32,32,32,32,16,16,192,,
KHAKHI,9,30,30,30,30,30,15,15,180,,
COFFEE,9,14,14,14,14,14,7,7,84,,
OFF WHITE,9,40,40,40,40,40,20,20,240,,
BLACK,9,62,62,62,62,62,31,31,372,,
MOUSE,9,30,30,30,30,30,15,15,180,,
Total,,288,288,288,288,288,144,144,1728,,
,,,,,,,,,,,
,,,,,,,,,,,
Cutting Matrix — Lot 11604,,,,,,,,,,,
Lot Number:,11604,Style:,NIKKER,,,,,,,,
Fabric:,Q16,Garment Type:,NIKKER,,,,,,,,
,,,,,,,,,,,
Color,Cutting Table,M,L,XL,2XL,3XL,4XL,5XL,Total Pcs,,
BEIGE,9,36,36,36,36,36,18,18,216,,
L GREY,9,28,28,28,28,28,14,14,168,,
L OLIVE,9,34,34,34,34,34,17,17,204,,
M GREY,9,28,28,28,28,28,14,14,168,,
KHAKHI,9,36,36,36,36,36,18,18,216,,
COFFEE,9,26,26,26,26,26,13,13,156,,
OFF WHITE,9,14,14,14,14,14,7,7,84,,
BLACK,9,70,70,70,70,70,35,35,420,,
MOUSE,9,32,32,32,32,32,16,16,192,,
Total,,304,304,304,304,304,152,152,1824,,
,,,,,,,,,,,
,,,,,,,,,,,
Cutting Matrix — Lot 11601,,,,,,,,,,,
Lot Number:,11601,Style:,NIKKER,,,,,,,,
Fabric:,ROAD STAR,Garment Type:,NIKKER,,,,,,,,
,,,,,,,,,,,
Color,Cutting Table,L,XL,2XL,3XL,4XL,5XL,Total Pcs,,,
L GREY,8,42,42,42,42,21,21,210,,,
BLACK,8,84,84,84,84,42,42,420,,,
STONE,8,40,40,40,40,20,20,200,,,
BROWN,8,40,40,40,40,20,20,200,,,
BEIGE,8,40,40,40,40,20,20,200,,,
MOUSE,8,40,40,40,40,20,20,200,,,
D GREY,8,42,42,42,42,21,21,210,,,
OLIVE,8,42,42,42,42,21,21,210,,,
Total,,370,370,370,370,185,185,1850,,,
,,,,,,,,,,,
,,,,,,,,,,,
Cutting Matrix — Lot 11565,,,,,,,,,,,
Lot Number:,11565,Style:,t.shirt collar,,,,,,,,
Fabric:,RUGBY STRIPER,Garment Type:,T-SHIRT,,,,,,,,
,,,,,,,,,,,
Color,Cutting Table,M,L,XL,2XL,Total Pcs,,,,,
GREY,0,0,0,0,0,0,,,,,
BEIGE,6,21,42,21,21,105,,,,,
MEHROON,1,20,40,20,20,100,,,,,
WHITE,6,20,42,20,20,102,,,,,
SKY WHITE,6,20,40,20,20,100,,,,,
GREY MANGO,1,20,40,20,20,100,,,,,
NAVY,13,18,36,18,18,90,,,,,
Total,,119,240,119,119,597,,,,,
,,,,,,,,,,,
,,,,,,,,,,,
,,,,,,,,,,,
,,,,,,,,,,,
,,,,,,,,,,,
,,,,,,,,,,,
,,,,,,,,,,,
,,,,,,,,,,,
,,,,,,,,,,,
,,,,,,,,,,,
,,,,,,,,,,,
,,,,,,,,,,,
,,,,,,,,,,,
,,,,,,,,,,,
,,,,,,,,,,,
Cutting Matrix — Lot 11615,,,,,,,,,,,
Lot Number:,11615,Style:,COLLAR + THOKA,,,,,,,,
Fabric:,LYCRA MATTY,Garment Type:,T-SHIRT,,,,,,,,
,,,,,,,,,,,
Color,Cutting Table,24,26,28,30,32,34,36,Total Pcs,,
OLIVE (SAME),2,31,31,31,31,31,31,31,217,,
CK TONE (SAME),2,37,37,37,37,37,37,37,259,,
NAVY (SAME),2,33,33,33,33,33,33,33,231,,
BLACK (SAME),2,30,30,30,30,30,30,30,210,,
OFF WHITE (SAME),2,33,33,33,33,33,33,33,231,,
L GREY (SAME),2,37,37,37,37,37,37,37,259,,
L KHAKHI (SAME),2,30,30,30,30,30,30,30,210,,
WHITE (B GREEN),2,32,32,32,32,32,32,32,224,,
Total,,263,263,263,263,263,263,263,1841,,
,,,,,,,,,,,
,,,,,,,,,,,
Cutting Matrix — Lot 76041,,,,,,,,,,,
Lot Number:,76041,Style:,full baju shirt,,,,,,,,
Fabric:,OXFORD LYCRA,Garment Type:,SHIRT,,,,,,,,
,,,,,,,,,,,
Color,Cutting Table,M,L,XL,2XL,Total Pcs,,,,,
OFF WHITE (NAVY),7,18,18,18,18,72,,,,,
SKY (NAVY),7,17,17,17,17,68,,,,,
BLACK (BLUE),7,18,18,18,18,72,,,,,
BLUE (WHITE),7,16,16,16,16,64,,,,,
ONION (WHITE),7,17,17,17,17,68,,,,,
Total,,86,86,86,86,344,,,,,
,,,,,,,,,,,
,,,,,,,,,,,
Cutting Matrix — Lot 11614,,,,,,,,,,,
Lot Number:,11614,Style:,lower,,,,,,,,
Fabric:,TWILL TERRY,Garment Type:,LOWER,,,,,,,,
,,,,,,,,,,,
Color,Cutting Table,M,L,XL,2XL,Total Pcs,,,,,
BLACK,15,40,82,80,40,242,,,,,
L GREY,15,20,42,40,20,122,,,,,
BEIGE,15,20,43,40,20,123,,,,,
OLIVE,15,20,44,40,20,124,,,,,
D GREY,15,20,42,40,20,122,,,,,
BROWN,15,20,43,40,20,123,,,,,
MOUSE,15,20,42,40,20,122,,,,,
STONE,15,20,42,40,20,122,,,,,
Total,,180,380,360,180,1100,,,,,
,,,,,,,,,,,
,,,,,,,,,,,
Cutting Matrix — Lot 11594,,,,,,,,,,,
Lot Number:,11594,Style:,T.SHIRT COLLAR,,,,,,,,
Fabric:,8823,Garment Type:,T-SHIRT,,,,,,,,
,,,,,,,,,,,
Color,Cutting Table,M,L,XL,2XL,Total Pcs,,,,,
BLACK,3,41,82,41,41,205,,,,,
OFFWHITE,3,43,86,43,43,215,,,,,
BEIGE,3,45,90,45,45,225,,,,,
LEAF,3,45,90,45,45,225,,,,,
SILVER,3,44,88,44,44,220,,,,,
PINK,3,43,86,43,43,215,,,,,
Total,,261,522,261,261,1305,,,,,
,,,,,,,,,,,
,,,,,,,,,,,
Cutting Matrix — Lot 11595,,,,,,,,,,,
Lot Number:,11595,Style:,LOWER,,,,,,,,
Fabric:,8823,Garment Type:,LOWER,,,,,,,,
,,,,,,,,,,,
Color,Cutting Table,M,L,XL,2XL,Total Pcs,,,,,
BLACK,3,41,82,41,41,205,,,,,
OFFWHITE,3,43,86,43,43,215,,,,,
BEIGE,3,45,90,45,45,225,,,,,
LEAF,3,45,90,45,45,225,,,,,
SILVER,3,44,88,44,44,220,,,,,
PINK,3,43,86,43,43,215,,,,,
Total,,261,522,261,261,1305,,,,,
,,,,,,,,,,,
,,,,,,,,,,,
Cutting Matrix — Lot 76038,,,,,,,,,,,
Lot Number:,76038,Style:,full baju shirt,,,,,,,,
Fabric:,OXFORD POLO 902,Garment Type:,SHIRT,,,,,,,,
,,,,,,,,,,,
Color,Cutting Table,M,L,XL,2XL,Total Pcs,,,,,
GREY,1,22,22,22,22,88,,,,,
GREEN,1,21,21,21,21,84,,,,,
PISTA,1,20,20,20,20,80,,,,,
BLACK,1,20,20,20,20,80,,,,,
WINE,1,20,20,20,20,80,,,,,
SKY,1,19,19,19,19,76,,,,,
PINK,1,19,19,19,19,76,,,,,
KHAKHI,1,22,22,22,22,88,,,,,
Total,,163,163,163,163,652,,,,,
,,,,,,,,,,,
,,,,,,,,,,,
Cutting Matrix — Lot 76039,,,,,,,,,,,
Lot Number:,76039,Style:,full baju shirt,,,,,,,,
Fabric:,OXFORD POLO 902,Garment Type:,SHIRT,,,,,,,,
,,,,,,,,,,,
Color,Cutting Table,M,L,XL,2XL,Total Pcs,,,,,
GREY,1,21,21,21,21,84,,,,,
GREEN,1,22,22,22,22,88,,,,,
PISTA,1,18,18,18,18,72,,,,,
BLACK,1,20,20,20,20,80,,,,,
WINE,1,20,20,20,20,80,,,,,
SKY,1,21,21,21,21,84,,,,,
PINK,1,21,21,21,21,84,,,,,
KHAKHI,1,19,19,19,19,76,,,,,
Total,,162,162,162,162,648,,,,,
,,,,,,,,,,,
,,,,,,,,,,,
Cutting Matrix — Lot 76040,,,,,,,,,,,
Lot Number:,76040,Style:,full baju shirt,,,,,,,,
Fabric:,OXFORD POLO 902,Garment Type:,SHIRT,,,,,,,,
,,,,,,,,,,,
Color,Cutting Table,M,L,XL,2XL,Total Pcs,,,,,
GREY,1,22,22,22,22,88,,,,,
GREEN,1,22,22,22,22,88,,,,,
PISTA,1,21,21,21,21,84,,,,,
BLACK,1,21,21,21,21,84,,,,,
WINE,1,20,20,20,20,80,,,,,
SKY,1,21,21,21,21,84,,,,,
PINK,1,21,21,21,21,84,,,,,
KHAKHI,1,22,22,22,22,88,,,,,
Total,,170,170,170,170,680,,,,,
,,,,,,,,,,,
,,,,,,,,,,,
Cutting Matrix — Lot 11568,,,,,,,,,,,
Lot Number:,11568,Style:,17-18 MOHRI,,,,,,,,
Fabric:,JOGGER TERRY MH,Garment Type:,LOWER,,,,,,,,
,,,,,,,,,,,
Color,Cutting Table,M,L,XL,2XL,3XL,4XL,5XL,Total Pcs,,
BLACK,5,50,100,50,50,34,34,34,352,,
OLIVE,5,24,48,24,24,17,17,17,171,,
D GREY,5,23,46,23,23,18,18,18,169,,
D GREEN,5,23,46,23,23,16,16,16,163,,
Total,,120,240,120,120,85,85,85,855,,
,,,,,,,,,,,
,,,,,,,,,,,
Cutting Matrix — Lot 11569,,,,,,,,,,,
Lot Number:,11569,Style:,17-18 MOHRI,,,,,,,,
Fabric:,JOGGER TERRY MH,Garment Type:,LOWER,,,,,,,,
,,,,,,,,,,,
Color,Cutting Table,M,L,XL,2XL,3XL,4XL,5XL,Total Pcs,,
BLACK,5,46,92,46,46,34,34,34,332,,
OLIVE,5,23,46,23,23,18,18,18,169,,
D GREY,5,22,44,22,22,16,16,16,158,,
D GREEN,5,24,48,24,24,14,14,14,162,,
Total,,115,230,115,115,82,82,82,821,,
,,,,,,,,,,,
,,,,,,,,,,,
Cutting Matrix — Lot 11618,,,,,,,,,,,
Lot Number:,11618,Style:,COLLAR + THOKA,,,,,,,,
Fabric:,LYCRA MATTY,Garment Type:,T-SHIRT,,,,,,,,
,,,,,,,,,,,
Color,Cutting Table,24,26,28,30,32,34,36,Total Pcs,,
RED,13,42,42,42,42,42,42,42,294,,
BEIGE,13,42,42,42,42,42,42,42,294,,
OLIVE,13,35,35,35,35,35,35,35,245,,
ROYAL,13,34,34,34,34,34,34,34,238,,
NAVY,13,41,41,41,41,41,41,41,287,,
BLACK,13,38,38,38,38,38,38,38,266,,
KHAKHI,13,32,32,32,32,32,32,32,224,,
GREEN,13,35,35,35,35,35,35,35,245,,
Total,,299,299,299,299,299,299,299,2093,,
,,,,,,,,,,,
,,,,,,,,,,,
Cutting Matrix — Lot 11585,,,,,,,,,,,
Lot Number:,11585,Style:,17-18 MOHRI,,,,,,,,
Fabric:,FINE COTTON,Garment Type:,LOWER,,,,,,,,
,,,,,,,,,,,
Color,Cutting Table,M,L,XL,2XL,Total Pcs,,,,,
OFFWHITE  45,13,45,90,45,45,225,,,,,
BLACK 45,13,45,90,45,45,225,,,,,
RUST 30,13,30,60,30,30,150,,,,,
D.GREY 30,13,30,60,30,30,150,,,,,
COFFEE 30,13,30,60,30,30,150,,,,,
D.NAVY 30,13,30,60,30,30,150,,,,,
Total,,210,420,210,210,1050,,,,,
,,,,,,,,,,,
,,,,,,,,,,,
Cutting Matrix — Lot 11584,,,,,,,,,,,
Lot Number:,11584,Style:,DROPSHOULDER ROUND NECK,,,,,,,,
Fabric:,FINE COTTON,Garment Type:,T-SHIRT,,,,,,,,
,,,,,,,,,,,
Color,Cutting Table,M,L,XL,2XL,Total Pcs,,,,,
OFFWHITE  45,13,45,90,45,45,225,,,,,
BLACK 45,13,45,90,45,45,225,,,,,
RUST 30,13,30,60,30,30,150,,,,,
D.GREY 30,13,30,60,30,30,150,,,,,
COFFEE 30,13,30,60,30,30,150,,,,,
BLACK 30,13,30,60,30,30,150,,,,,
Total,,210,420,210,210,1050,,,,,
,,,,,,,,,,,
,,,,,,,,,,,
Cutting Matrix — Lot 11479,,,,,,,,,,,
Lot Number:,11479,Style:,lower,,,,,,,,
Fabric:,UK LYCRA,Garment Type:,LOWER,,,,,,,,
,,,,,,,,,,,
Color,Cutting Table,M,L,XL,2XL,Total Pcs,,,,,
BLACK,8,15,30,15,15,75,,,,,
ROYAL,8,12,24,12,12,60,,,,,
GREY,8,14,28,14,14,70,,,,,
BEIGE,8,9,18,9,9,45,,,,,
COFFEE,8,13,26,13,13,65,,,,,
SILVER,8,14,28,14,14,70,,,,,
RED,8,14,28,14,14,70,,,,,
MOUSE,8,14,28,14,14,70,,,,,
Total,,105,210,105,105,525,,,,,
,,,,,,,,,,,
,,,,,,,,,,,
Cutting Matrix — Lot 11482,,,,,,,,,,,
Lot Number:,11482,Style:,lower,,,,,,,,
Fabric:,UK LYCRA,Garment Type:,LOWER,,,,,,,,
,,,,,,,,,,,
Color,Cutting Table,M,L,XL,2XL,Total Pcs,,,,,
BLACK,8,13,26,13,13,65,,,,,
ROYAL,8,14,28,14,14,70,,,,,
RED,8,13,26,13,13,65,,,,,
MOUSE,8,14,28,14,14,70,,,,,
SILVER,8,14,28,14,14,70,,,,,
COFFEE,8,14,28,14,14,70,,,,,
D GREY,8,14,28,14,14,70,,,,,
BEIGE,8,14,28,14,14,70,,,,,
Total,,110,220,110,110,550,,,,,
,,,,,,,,,,,
,,,,,,,,,,,
Cutting Matrix — Lot 11611,,,,,,,,,,,
Lot Number:,11611,Style:,DROPSHOULDER ROUND NECK,,,,,,,,
Fabric:,HEAVY COTTON,Garment Type:,T-SHIRT,,,,,,,,
,,,,,,,,,,,
Color,Cutting Table,M,L,XL,2XL,3XL,4XL,5XL,Total Pcs,,
CREAM,2,45,45,90,45,20,20,20,285,,
OFF-WHITE,2,43,43,86,43,19,19,19,272,,
D.GRAY,2,43,43,86,43,20,20,20,275,,
BLACK,2,44,44,88,44,19,19,19,277,,
NAVY,2,44,44,88,44,20,20,20,280,,
Total,,219,219,438,219,98,98,98,1389,,
,,,,,,,,,,,
,,,,,,,,,,,
Cutting Matrix — Lot 76037,,,,,,,,,,,
Lot Number:,76037,Style:,shirt,,,,,,,,
Fabric:,PINK CHECK,Garment Type:,SHIRT,,,,,,,,
,,,,,,,,,,,
Color,Cutting Table,M,L,XL,2XL,Total Pcs,,,,,
YELLOW,11,19,19,19,19,76,,,,,
D PINK,11,22,22,22,22,88,,,,,
MOVE,11,22,22,22,22,88,,,,,
WINE,11,23,23,23,23,92,,,,,
FIROZY,11,24,24,24,24,96,,,,,
SKY,11,40,40,40,40,160,,,,,
FAWN,11,20,20,20,20,80,,,,,
KHAKHI,11,20,20,20,20,80,,,,,
L PINK,11,21,21,21,21,84,,,,,
Total,,211,211,211,211,844,,,,,
,,,,,,,,,,,
,,,,,,,,,,,
Cutting Matrix — Lot 76036,,,,,,,,,,,
Lot Number:,76036,Style:,shirt,,,,,,,,
Fabric:,PINK LINING,Garment Type:,SHIRT,,,,,,,,
,,,,,,,,,,,
Color,Cutting Table,M,L,XL,2XL,Total Pcs,,,,,
FIROZY,11,21,21,21,21,84,,,,,
MOVE,11,22,22,22,22,88,,,,,
SKY,11,41,41,41,41,164,,,,,
FAWN,11,23,23,23,23,92,,,,,
YELLOW,11,23,23,23,23,92,,,,,
D PINK,11,23,23,23,23,92,,,,,
WINE,11,21,21,21,21,84,,,,,
KHAKHI,11,20,20,20,20,80,,,,,
L PINK,11,25,25,25,25,100,,,,,
Total,,219,219,219,219,876,,,,,
,,,,,,,,,,,
,,,,,,,,,,,
Cutting Matrix — Lot 11638,,,,,,,,,,,
Lot Number:,11638,Style:,DROPSHOULDER ROUND NECK,,,,,,,,
Fabric:,PRINT  CLOTH,Garment Type:,T-SHIRT,,,,,,,,
,,,,,,,,,,,
Color,Cutting Table,M,L,XL,2XL,Total Pcs,,,,,
BLACK,11,32,64,32,32,160,,,,,
NAVY,11,32,64,32,32,160,,,,,
GREY,11,32,64,32,32,160,,,,,
WINE,11,33,66,33,33,165,,,,,
WHITE,11,32,64,32,32,160,,,,,
BROWN,11,32,64,32,32,160,,,,,
Total,,193,386,193,193,965,,,,,
,,,,,,,,,,,
,,,,,,,,,,,
Cutting Matrix — Lot 11544,,,,,,,,,,,
Lot Number:,11544,Style:,CORD SET,,,,,,,,
Fabric:,LILEN LYCRA 205,Garment Type:,LOWER,,,,,,,,
,,,,,,,,,,,
Color,Cutting Table,M,L,XL,2XL,Total Pcs,,,,,
WHITE,8,21,42,21,21,105,,,,,
BEIGE,8,24,48,24,24,120,,,,,
BLACK,8,24,48,24,24,120,,,,,
STEEL,8,23,46,23,23,115,,,,,
KHAKHI,8,20,40,20,20,100,,,,,
CREAM 3.5,8,27,54,27,27,135,,,,,
Total,,139,278,139,139,695,,,,,
,,,,,,,,,,,
,,,,,,,,,,,
Cutting Matrix — Lot 11572,,,,,,,,,,,
Lot Number:,11572,Style:,lower,,,,,,,,
Fabric:,"HARIS PRINT JUNGLE, CEMO 123",Garment Type:,LOWER,,,,,,,,
,,,,,,,,,,,
Color,Cutting Table,M,L,XL,2XL,Total Pcs,,,,,
STONE,12,22,44,44,22,132,,,,,
BROWN,12,20,40,40,20,120,,,,,
BLACK,12,22,44,44,22,132,,,,,
OLIVE,12,22,44,44,22,132,,,,,
COFFEE,,0,0,0,0,0,,,,,
MILITARY,,0,0,0,0,0,,,,,
IVORY,,0,0,0,0,0,,,,,
Total,,86,172,172,86,516,,,,,
,,,,,,,,,,,
,,,,,,,,,,,
Cutting Matrix — Lot 76029,,,,,,,,,,,
Lot Number:,76029,Style:,CORD SET,,,,,,,,
Fabric:,LILEN LYCRA 205,Garment Type:,SHIRT,,,,,,,,
,,,,,,,,,,,
Color,Cutting Table,M,L,XL,2XL,Total Pcs,,,,,
WHITE,8,21,42,21,21,105,,,,,
BEIGE,8,24,48,24,24,120,,,,,
BLACK,8,24,48,24,24,120,,,,,
STEEL,8,23,46,23,23,115,,,,,
KHAKHI,8,20,40,20,20,100,,,,,
CREAM 3.5,8,27,54,27,27,135,,,,,
Total,,139,278,139,139,695,,,,,
,,,,,,,,,,,
,,,,,,,,,,,
Cutting Matrix — Lot 11623,,,,,,,,,,,
Lot Number:,11623,Style:,lower,,,,,,,,
Fabric:,JORDAN RIB,Garment Type:,LOWER,,,,,,,,
,,,,,,,,,,,
Color,Cutting Table,M,L,XL,2XL,Total Pcs,,,,,
BLACK (2),9,55,110,55,55,275,,,,,
RED (2),9,25,50,25,25,125,,,,,
ROYAL (2),9,27,54,27,27,135,,,,,
SKY (1),9,14,28,14,14,70,,,,,
WHITE (1),9,13,26,13,13,65,,,,,
B GREEN (1),9,13,26,13,13,65,,,,,
M GREY (2),9,27,54,27,27,135,,,,,
Total,,174,348,174,174,870,,,,,
,,,,,,,,,,,
,,,,,,,,,,,
Cutting Matrix — Lot 11571,,,,,,,,,,,
Lot Number:,11571,Style:,NIKKER,,,,,,,,
Fabric:,"HARIS PRINT 555 , 123",Garment Type:,NIKKER,,,,,,,,
,,,,,,,,,,,
Color,Cutting Table,L,XL,2XL,3XL,Total Pcs,,,,,
COFFEE,9,51,51,51,51,204,,,,,
OLIVE,9,51,51,51,51,204,,,,,
SILVER,9,44,44,44,44,176,,,,,
BLACK,9,50,50,50,50,200,,,,,
GREY,,0,0,0,0,0,,,,,
Total,,196,196,196,196,784,,,,,
,,,,,,,,,,,
,,,,,,,,,,,
Cutting Matrix — Lot 11629,,,,,,,,,,,
Lot Number:,11629,Style:,NIKKER,,,,,,,,
Fabric:,JORDAN RIB,Garment Type:,NIKKER,,,,,,,,
,,,,,,,,,,,
Color,Cutting Table,L,XL,2XL,3XL,Total Pcs,,,,,
BLACK (RED),15,56,56,56,56,224,,,,,
BLACK (WHITE),15,30,30,30,30,120,,,,,
RED (WHITE),15,54,54,54,54,216,,,,,
ROYAL (WHITE),15,40,40,40,40,160,,,,,
CAMEL (WHITE),15,56,56,56,56,224,,,,,
NAVY (WHITE),15,56,56,56,56,224,,,,,
SKY (WHITE),15,54,54,54,54,216,,,,,
WHITE (SKY),15,56,56,56,56,224,,,,,
LEMON (WHITE),15,28,28,28,28,112,,,,,
Total,,430,430,430,430,1720,,,,,
,,,,,,,,,,,
,,,,,,,,,,,
Cutting Matrix — Lot 11628,,,,,,,,,,,
Lot Number:,11628,Style:,NIKKER,,,,,,,,
Fabric:,JORDAN RIB,Garment Type:,NIKKER,,,,,,,,
,,,,,,,,,,,
Color,Cutting Table,L,XL,2XL,3XL,Total Pcs,,,,,
BLACK (WHITE),12,116,116,116,116,464,,,,,
RED (WHITE),12,30,30,30,30,120,,,,,
ROYAL (WHITE),12,60,60,60,60,240,,,,,
B GREEN (WHITE),12,58,58,58,58,232,,,,,
FAWN (WHITE),12,60,60,60,60,240,,,,,
SKY (WHITE),12,60,60,60,60,240,,,,,
WHITE (RED),12,48,48,48,48,192,,,,,
LEMON (WHITE),12,60,60,60,60,240,,,,,
Total,,492,492,492,492,1968,,,,,
,,,,,,,,,,,
,,,,,,,,,,,
Cutting Matrix — Lot 11617,,,,,,,,,,,
Lot Number:,11617,Style:,COLLAR + THOKA,,,,,,,,
Fabric:,LYCRA MATTY,Garment Type:,T-SHIRT,,,,,,,,
,,,,,,,,,,,
Color,Cutting Table,24,26,28,30,32,34,36,Total Pcs,,
RED,13,34,34,34,34,34,34,34,238,,
FANTURE,13,36,36,36,36,36,36,36,252,,
CK TONE,13,25,25,25,25,25,25,25,175,,
GREEN,13,33,33,33,33,33,33,33,231,,
NAVY,13,29,29,29,29,29,29,29,203,,
Total,,157,157,157,157,157,157,157,1099,,
,,,,,,,,,,,
,,,,,,,,,,,
Cutting Matrix — Lot 11616,,,,,,,,,,,
Lot Number:,11616,Style:,COLLAR + THOKA,,,,,,,,
Fabric:,LYCRA MATTY,Garment Type:,T-SHIRT,,,,,,,,
,,,,,,,,,,,
Color,Cutting Table,24,26,28,30,32,34,36,Total Pcs,,
BLACK,2,37,37,37,37,37,37,37,259,,
WHITE,2,39,39,39,39,39,39,39,273,,
COFFEE,2,35,35,35,35,35,35,35,245,,
D BEIGE,2,41,41,41,41,41,41,41,287,,
Total,,152,152,152,152,152,152,152,1064,,
,,,,,,,,,,,
,,,,,,,,,,,
Cutting Matrix — Lot 11619,,,,,,,,,,,
Lot Number:,11619,Style:,COLLAR + THOKA,,,,,,,,
Fabric:,LYCRA MATTY,Garment Type:,T-SHIRT,,,,,,,,
,,,,,,,,,,,
Color,Cutting Table,24,26,28,30,32,34,36,Total Pcs,,
RED,3,42,42,42,42,42,42,42,294,,
BLACK,3,66,66,66,66,66,66,66,462,,
GREY,3,42,42,42,42,42,42,42,294,,
ROYAL,3,18,18,18,18,18,18,18,126,,
D GREEN,3,35,35,35,35,35,35,35,245,,
SKY,3,33,33,33,33,33,33,33,231,,
CREAM,3,26,26,26,26,26,26,26,182,,
Total,,262,262,262,262,262,262,262,1834,,
,,,,,,,,,,,
,,,,,,,,,,,
Cutting Matrix — Lot 11590,,,,,,,,,,,
Lot Number:,11590,Style:,T.SHIRT 2 PC COLLAR,,,,,,,,
Fabric:,LUSTER 11537,Garment Type:,T-SHIRT,,,,,,,,
,,,,,,,,,,,
Color,Cutting Table,M,L,XL,2XL,Total Pcs,,,,,
BUTTER (LEAF),14,30,60,30,30,150,,,,,
BLACK (BUTTER),14,30,60,30,30,150,,,,,
FAWN (LEAF),14,30,60,30,30,150,,,,,
LEAF (FAWN),14,30,60,30,30,150,,,,,
SILVER (BLACK),14,30,60,30,30,150,,,,,
TOBACCO (FAWN),14,30,60,30,30,150,,,,,
Total,,180,360,180,180,900,,,,,
,,,,,,,,,,,
,,,,,,,,,,,
Cutting Matrix — Lot 11591,,,,,,,,,,,
Lot Number:,11591,Style:,LOWER,,,,,,,,
Fabric:,LUSTER 11537,Garment Type:,LOWER,,,,,,,,
,,,,,,,,,,,
Color,Cutting Table,M,L,XL,2XL,Total Pcs,,,,,
BUTTER (LEAF),14,30,60,30,30,150,,,,,
BLACK (BUTTER),14,30,60,30,30,150,,,,,
FAWN (LEAF),14,30,60,30,30,150,,,,,
LEAF (FAWN),14,30,60,30,30,150,,,,,
SILVER (BLACK),14,30,60,30,30,150,,,,,
TOBACCO (FAWN),14,30,60,30,30,150,,,,,
Total,,180,360,180,180,900,,,,,
,,,,,,,,,,,
,,,,,,,,,,,
Cutting Matrix — Lot 76028,,,,,,,,,,,
Lot Number:,76028,Style:,CORD SET,,,,,,,,
Fabric:,LILEN LYCRA 205,Garment Type:,SHIRT,,,,,,,,
,,,,,,,,,,,
Color,Cutting Table,M,L,XL,2XL,Total Pcs,,,,,
WHITE,8,24,48,24,24,120,,,,,
BEIGE,8,21,42,21,21,105,,,,,
BLACK,8,23,46,23,23,115,,,,,
STEEL,8,23,46,23,23,115,,,,,
KHAKHI,8,23,46,23,23,115,,,,,
CREAM 3.5,8,26,52,26,26,130,,,,,
Total,,140,280,140,140,700,,,,,
,,,,,,,,,,,
,,,,,,,,,,,
Cutting Matrix — Lot 11545,,,,,,,,,,,
Lot Number:,11545,Style:,CORD SET,,,,,,,,
Fabric:,LILEN LYCRA 205,Garment Type:,LOWER,,,,,,,,
,,,,,,,,,,,
Color,Cutting Table,M,L,XL,2XL,Total Pcs,,,,,
WHITE,8,24,48,24,24,120,,,,,
BEIGE,8,21,42,21,21,105,,,,,
BLACK,8,23,46,23,23,115,,,,,
STEEL,8,23,46,23,23,115,,,,,
KHAKHI,8,23,46,23,23,115,,,,,
CREAM 3.5,8,26,52,26,26,130,,,,,
Total,,140,280,140,140,700,,,,,
,,,,,,,,,,,
,,,,,,,,,,,
Cutting Matrix — Lot 76026,,,,,,,,,,,
Lot Number:,76026,Style:,FULL ZIPPER,,,,,,,,
Fabric:,HNM LYCRA,Garment Type:,SHIRT,,,,,,,,
,,,,,,,,,,,
Color,Cutting Table,M,L,XL,2XL,Total Pcs,,,,,
BLACK (CREAM MATCHING),7,25,50,25,25,125,,,,,
WHITE,7,25,50,25,25,125,,,,,
NAVY,7,25,50,25,25,125,,,,,
MOUSE,7,25,50,25,25,125,,,,,
L.GREY,7,25,50,25,25,125,,,,,
OLIVE,7,25,50,25,25,125,,,,,
Total,,150,300,150,150,750,,,,,
,,,,,,,,,,,
,,,,,,,,,,,
Cutting Matrix — Lot 76024,,,,,,,,,,,
Lot Number:,76024,Style:,AS PER SAMPLE,,,,,,,,
Fabric:,HNM LYCRA,Garment Type:,SHIRT,,,,,,,,
,,,,,,,,,,,
Color,Cutting Table,M,L,XL,2XL,Total Pcs,,,,,
BLACK,7,25,50,25,25,125,,,,,
WHITE,7,25,50,25,25,125,,,,,
CREAM,7,25,50,25,25,125,,,,,
MOUSE,7,25,50,25,25,125,,,,,
Total,,100,200,100,100,500,,,,,
,,,,,,,,,,,
,,,,,,,,,,,
Cutting Matrix — Lot 76022,,,,,,,,,,,
Lot Number:,76022,Style:,FULL ZIPPER,,,,,,,,
Fabric:,HNM LYCRA,Garment Type:,SHIRT,,,,,,,,
,,,,,,,,,,,
Color,Cutting Table,M,L,XL,2XL,Total Pcs,,,,,
BLACK (CREAM MATCHING),7,25,50,25,25,125,,,,,
WHITE (NAVY),7,25,50,25,25,125,,,,,
MOUSE (CREAM),7,25,50,25,25,125,,,,,
NAVY (SKY),7,25,50,25,25,125,,,,,
Total,,100,200,100,100,500,,,,,
,,,,,,,,,,,
,,,,,,,,,,,
,,,,,,,,,,,
,,,,,,,,,,,
,,,,,,,,,,,
,,,,,,,,,,,
,,,,,,,,,,,
,,,,,,,,,,,
,,,,,,,,,,,
,,,,,,,,,,,
,,,,,,,,,,,
,,,,,,,,,,,
,,,,,,,,,,,
Cutting Matrix — Lot 11602,,,,,,,,,,,
Lot Number:,11602,Style:,NIKKER,,,,,,,,
Fabric:,Q 20 D 7 D 1,Garment Type:,NIKKER,,,,,,,,
,,,,,,,,,,,
Color,Cutting Table,M,L,XL,2XL,3XL,4XL,5XL,Total Pcs,,
GREY D7,15,36,36,36,36,36,18,18,216,,
FAWN D7,15,36,36,36,36,36,18,18,216,,
OLIVE D7,15,36,36,36,36,36,18,18,216,,
OLIVE D1,15,36,36,36,36,36,18,18,216,,
FAWN D1,15,32,32,32,32,32,16,16,192,,
C COFFEE D1,15,36,36,36,36,36,18,18,216,,
KHAKHI D1,15,36,36,36,36,36,18,18,216,,
Total,,248,248,248,248,248,124,124,1488,,
,,,,,,,,,,,
,,,,,,,,,,,
Cutting Matrix — Lot 11612,,,,,,,,,,,
Lot Number:,11612,Style:,ROUNDNECK,,,,,,,,
Fabric:,LYCRA SINKER,Garment Type:,T-SHIRT,,,,,,,,
,,,,,,,,,,,
Color,Cutting Table,M,L,XL,2XL,3XL,4XL,5XL,Total Pcs,,
BLUE,14,36,36,72,36,18,18,18,234,,
D.GREY,14,35,35,70,35,17,17,17,226,,
D.GREEN,14,35,35,70,35,17,17,17,226,,
WHITE,14,36,36,72,36,18,18,18,234,,
OFF WHITE,14,36,36,72,36,18,18,18,234,,
N.YELLOW,14,35,35,70,35,17,17,17,226,,
WINE,14,33,33,66,33,17,17,17,216,,
Total,,246,246,492,246,122,122,122,1596,,
,,,,,,,,,,,
,,,,,,,,,,,
Cutting Matrix — Lot 11640,,,,,,,,,,,
Lot Number:,11640,Style:,COLLAR + THOKA,,,,,,,,
Fabric:,MATTY LYCRA,Garment Type:,SWEATSHIRT,,,,,,,,
,,,,,,,,,,,
Color,Cutting Table,24,26,28,30,32,34,36,Total Pcs,,
BLACK,4,34,34,34,34,34,34,34,238,,
NAVY,4,31,31,31,31,31,31,31,217,,
WHITE,4,32,32,32,32,32,32,32,224,,
GREY,4,34,34,34,34,34,34,34,238,,
CK TONE,4,28,28,28,28,28,28,28,196,,
ARMANI,4,37,37,37,37,37,37,37,259,,
WINE,4,33,33,33,33,33,33,33,231,,
Total,,229,229,229,229,229,229,229,1603,,
,,,,,,,,,,,
,,,,,,,,,,,
Cutting Matrix — Lot 61149,,,,,,,,,,,
Lot Number:,61149,Style:,lower,,,,,,,,
Fabric:,JUNGEL PRINT,Garment Type:,LOWER,,,,,,,,
,,,,,,,,,,,
Color,Cutting Table,M,L,XL,2XL,Total Pcs,,,,,
BLACK,12,23,46,46,23,138,,,,,
SLIVER,12,23,46,46,23,138,,,,,
OLIVE,12,22,44,44,22,132,,,,,
BLACK 1,12,23,46,46,23,138,,,,,
SILVER 1,12,23,46,46,23,138,,,,,
OLIVE 1,12,23,46,46,23,138,,,,,
KHAKHI,12,23,46,46,23,138,,,,,
Total,,160,320,320,160,960,,,,,
,,,,,,,,,,,
,,,,,,,,,,,
Cutting Matrix — Lot 11644,,,,,,,,,,,
Lot Number:,11644,Style:,COLLAR + THOKA,,,,,,,,
Fabric:,LYCRA SINKKAR,Garment Type:,T-SHIRT,,,,,,,,
,,,,,,,,,,,
Color,Cutting Table,24,26,28,30,32,34,36,Total Pcs,,
BLACK,14,37,37,37,37,37,37,37,259,,
NAVY,14,15,15,15,15,15,15,15,105,,
WHITE,14,19,19,19,19,19,19,19,133,,
AQUA,14,19,19,19,19,19,19,19,133,,
GREY,14,19,19,19,19,19,19,19,133,,
FANTIER,14,17,17,17,17,17,17,17,119,,
L BEIGE,14,15,15,15,15,15,15,15,105,,
BEIGE,14,15,15,15,15,15,15,15,105,,
D GREEN,14,21,21,21,21,21,21,21,147,,
KHAKHI,14,15,15,15,15,15,15,15,105,,
COFFEE,14,21,21,21,21,21,21,21,147,,
ROYAL,14,17,17,17,17,17,17,17,119,,
WHITE(GREEN),14,17,17,17,17,17,17,17,119,,
CREAM(RED),14,17,17,17,17,17,17,17,119,,
CK TONE,14,19,19,19,19,19,19,19,133,,
OLIVE,14,15,15,15,15,15,15,15,105,,
Total,,298,298,298,298,298,298,298,2086,,
,,,,,,,,,,,
,,,,,,,,,,,
Cutting Matrix — Lot 62067,,,,,,,,,,,
Lot Number:,62067,Style:,LOWER CARGO,,,,,,,,
Fabric:,HARISH PRINT D JUNGLE 96,Garment Type:,LOWER,,,,,,,,
,,,,,,,,,,,
Color,Cutting Table,M,L,XL,2XL,Total Pcs,,,,,
SILVER,12,40,40,20,20,120,,,,,
KHAKHI,12,42,42,21,21,126,,,,,
BLACK,12,42,42,21,21,126,,,,,
OLIVE,12,40,40,20,20,120,,,,,
Total,,164,164,82,82,492,,,,,
,,,,,,,,,,,
,,,,,,,,,,,
Cutting Matrix — Lot 61097,,,,,,,,,,,
Lot Number:,61097,Style:,lower,,,,,,,,
Fabric:,UK LYCRA,Garment Type:,LOWER,,,,,,,,
,,,,,,,,,,,
Color,Cutting Table,M,L,XL,2XL,Total Pcs,,,,,
BLACK (L GREY),8,22,44,44,22,132,,,,,
BLACK (BLACK),8,21,42,42,21,126,,,,,
NAVY (GREY),8,22,44,44,22,132,,,,,
COFFEE (BEIGE),8,23,46,46,23,138,,,,,
SILVER (D GREY),8,24,48,48,24,144,,,,,
ROYAL (WHITE),8,22,44,44,22,132,,,,,
RED (WHITE),8,22,44,44,22,132,,,,,
GREY,8,23,46,46,23,138,,,,,
Total,,179,358,358,179,1074,,,,,
,,,,,,,,,,,
,,,,,,,,,,,
Cutting Matrix — Lot 61096,,,,,,,,,,,
Lot Number:,61096,Style:,lower,,,,,,,,
Fabric:,UK LYCRA,Garment Type:,LOWER,,,,,,,,
,,,,,,,,,,,
Color,Cutting Table,M,L,XL,2XL,Total Pcs,,,,,
BLACK (L GREY),8,23,46,46,23,138,,,,,
BLACK (BLACK),8,22,44,44,22,132,,,,,
NAVY (GREY),8,21,42,42,21,126,,,,,
COFFEE (BEIGE),8,22,44,44,22,132,,,,,
SILVER (D GREY),8,23,46,46,23,138,,,,,
ROYAL (WHITE),8,17,34,34,17,102,,,,,
RED (WHITE),8,21,42,42,21,126,,,,,
MOUSE,8,22,44,44,22,132,,,,,
Total,,171,342,342,171,1026,,,,,
,,,,,,,,,,,
,,,,,,,,,,,
Cutting Matrix — Lot 62066,,,,,,,,,,,
Lot Number:,62066,Style:,LOWER CARGO,,,,,,,,
Fabric:,Q20,Garment Type:,LOWER,,,,,,,,
,,,,,,,,,,,
Color,Cutting Table,M,L,XL,2XL,Total Pcs,,,,,
OLIVE,15,23,46,46,23,138,,,,,
STONE,15,22,44,44,22,132,,,,,
FAWN,15,22,44,44,22,132,,,,,
BLACK,15,22,44,44,22,132,,,,,
Total,,89,178,178,89,534,,,,,
,,,,,,,,,,,
,,,,,,,,,,,
Cutting Matrix — Lot 76025,,,,,,,,,,,
Lot Number:,76025,Style:,AS PER SAMPLE,,,,,,,,
Fabric:,HNM LYCRA,Garment Type:,SHIRT,,,,,,,,
,,,,,,,,,,,
Color,Cutting Table,M,L,XL,2XL,Total Pcs,,,,,
NAVY,7,25,50,25,25,125,,,,,
WHITE,7,25,50,25,25,125,,,,,
L.GREY,7,25,50,25,25,125,,,,,
OLIVE,7,25,50,25,25,125,,,,,
Total,,100,200,100,100,500,,,,,
,,,,,,,,,,,
,,,,,,,,,,,
Cutting Matrix — Lot 11639,,,,,,,,,,,
Lot Number:,11639,Style:,DROPSHOULDER ROUND NECK,,,,,,,,
Fabric:,HEAVY COTTON,Garment Type:,T-SHIRT,,,,,,,,
,,,,,,,,,,,
Color,Cutting Table,M,L,XL,2XL,3XL,4XL,5XL,Total Pcs,,
BLACK,11,83,166,83,83,51,51,51,568,,
CREAM,11,53,106,53,53,38,38,38,379,,
OFF WHITE,11,54,108,54,54,38,38,38,384,,
GOLD,11,29,58,29,29,17,17,17,196,,
ROYAL,11,27,54,27,27,20,20,20,195,,
BEIGE,11,28,56,28,28,19,19,19,197,,
D GREY,11,24,48,24,24,19,19,19,177,,
RUST,11,28,56,28,28,17,17,17,191,,
BLUE,11,29,58,29,29,20,20,20,205,,
COFFEE,11,26,52,26,26,20,20,20,190,,
NEON GREEN,11,27,54,27,27,17,17,17,186,,
B GREEN,11,27,54,27,27,21,21,21,198,,
Total,,435,870,435,435,297,297,297,3066,,
,,,,,,,,,,,
,,,,,,,,,,,
Cutting Matrix — Lot 61145,,,,,,,,,,,
Lot Number:,61145,Style:,lower,,,,,,,,
Fabric:,UK LYCRA,Garment Type:,LOWER,,,,,,,,
,,,,,,,,,,,
Color,Cutting Table,M,L,XL,2XL,3XL,4XL,5XL,Total Pcs,,
RED,9,11,22,22,11,46,46,23,181,,
ROYAL,9,11,22,22,11,52,52,26,196,,
STONE,9,15,30,30,15,52,52,26,220,,
L GREY,9,11,22,22,11,48,48,24,186,,
BEIGE,9,16,32,32,16,66,66,33,261,,
BLACK,9,49,98,98,49,214,214,107,829,,
IVORY,9,14,28,28,14,62,62,31,239,,
NAVY,9,10,20,20,10,50,50,25,185,,
SILVER,9,15,30,30,15,64,64,32,250,,
Total,,152,304,304,152,654,654,327,2547,,
,,,,,,,,,,,
,,,,,,,,,,,
Cutting Matrix — Lot 61161,,,,,,,,,,,
Lot Number:,61161,Style:,LOWER CARGO,,,,,,,,
Fabric:,Q 20 PRINT D#1,Garment Type:,LOWER,,,,,,,,
,,,,,,,,,,,
Color,Cutting Table,M,L,XL,2XL,Total Pcs,,,,,
SILVER,12,18,36,36,18,108,,,,,
OLIVE,12,21,42,42,21,126,,,,,
BLACK,12,22,44,44,22,132,,,,,
KHAKHI,12,22,44,44,22,132,,,,,
Total,,83,166,166,83,498,,,,,
,,,,,,,,,,,
,,,,,,,,,,,
Cutting Matrix — Lot 61162,,,,,,,,,,,
Lot Number:,61162,Style:,LOWER CARGO,,,,,,,,
Fabric:,Q 20 PRINT D#1,Garment Type:,LOWER,,,,,,,,
,,,,,,,,,,,
Color,Cutting Table,M,L,XL,2XL,Total Pcs,,,,,
SILVER,12,22,44,44,22,132,,,,,
OLIVE,12,22,44,44,22,132,,,,,
BLACK,12,21,42,42,21,126,,,,,
KHAKHI,12,21,42,42,21,126,,,,,
Total,,86,172,172,86,516,,,,,
,,,,,,,,,,,
,,,,,,,,,,,
Cutting Matrix — Lot 61159,,,,,,,,,,,
Lot Number:,61159,Style:,cargo lower,,,,,,,,
Fabric:,VISION FABRIC,Garment Type:,LOWER,,,,,,,,
,,,,,,,,,,,
Color,Cutting Table,M,L,XL,2XL,Total Pcs,,,,,
BLACK,15,40,80,80,40,240,,,,,
BEIGE,15,22,44,44,22,132,,,,,
GREY,15,20,40,40,20,120,,,,,
OLIVE,,0,0,0,0,0,,,,,
BROWN,15,20,40,40,20,120,,,,,
Total,,102,204,204,102,612,,,,,
,,,,,,,,,,,
,,,,,,,,,,,
Cutting Matrix — Lot 65020,,,,,,,,,,,
Lot Number:,65020,Style:,nikker,,,,,,,,
Fabric:,MASS,Garment Type:,NIKKER,,,,,,,,
,,,,,,,,,,,
Color,Cutting Table,L,XL,2XL,3XL,Total Pcs,,,,,
BLACK,5,48,48,48,48,192,,,,,
BEIGE,5,24,24,24,24,96,,,,,
WHITE,5,24,24,24,24,96,,,,,
GREY,5,24,24,24,24,96,,,,,
L GREY,5,24,24,24,24,96,,,,,
D GREY,5,24,24,24,24,96,,,,,
NAVY,5,24,24,24,24,96,,,,,
RED,5,24,24,24,24,96,,,,,
ROYAL,5,24,24,24,24,96,,,,,
YELLOW,5,24,24,24,24,96,,,,,
SKY,5,24,24,24,24,96,,,,,
FIROZY,5,24,24,24,24,96,,,,,
OLIVE,15,24,24,24,24,96,,,,,
ORANGE,15,24,24,24,24,96,,,,,
Total,,360,360,360,360,1440,,,,,
,,,,,,,,,,,
,,,,,,,,,,,
Cutting Matrix — Lot 11586,,,,,,,,,,,
Lot Number:,11586,Style:,COLLAR + THOKA,,,,,,,,
Fabric:,FINE COTTON,Garment Type:,T-SHIRT,,,,,,,,
,,,,,,,,,,,
Color,Cutting Table,M,L,XL,2XL,Total Pcs,,,,,
OFF WHITE,11,32,64,32,32,160,,,,,
NAVY,11,33,66,33,33,165,,,,,
RED,11,28,56,28,28,140,,,,,
BLACK,11,21,42,21,21,105,,,,,
BLUE,11,21,42,21,21,105,,,,,
Total,,135,270,135,135,675,,,,,
,,,,,,,,,,,
,,,,,,,,,,,
Cutting Matrix — Lot 61146,,,,,,,,,,,
Lot Number:,61146,Style:,LOWER CARGO,,,,,,,,
Fabric:,Q 20 PRINT(D16,Garment Type:,LOWER,,,,,,,,
,,,,,,,,,,,
Color,Cutting Table,M,L,XL,2XL,3XL,4XL,5XL,Total Pcs,,
D GREY,9,22,44,44,22,46,46,23,247,,
OLIVE,9,22,44,44,22,46,46,23,247,,
L OLIVE,9,22,44,44,22,44,44,22,242,,
KHAKHI,9,22,44,44,22,46,46,23,247,,
Total,,88,176,176,88,182,182,91,983,,
,,,,,,,,,,,
,,,,,,,,,,,
Cutting Matrix — Lot 61147,,,,,,,,,,,
Lot Number:,61147,Style:,LOWER CARGO,,,,,,,,
Fabric:,Q 25 PRINT 12,Garment Type:,LOWER,,,,,,,,
,,,,,,,,,,,
Color,Cutting Table,M,L,XL,2XL,3XL,4XL,5XL,Total Pcs,,
D GREY,9,20,40,40,20,48,48,24,240,,
OLIVE,9,20,40,40,20,48,48,24,240,,
L OLIVE,9,20,40,40,20,48,48,24,240,,
KHAKHI,9,17,34,34,17,46,46,23,217,,
Total,,77,154,154,77,190,190,95,937,,
,,,,,,,,,,,
,,,,,,,,,,,
Cutting Matrix — Lot 62069,,,,,,,,,,,
Lot Number:,62069,Style:,LOWER CARGO,,,,,,,,
Fabric:,Q20 PRINT D #7,Garment Type:,LOWER,,,,,,,,
,,,,,,,,,,,
Color,Cutting Table,M,L,XL,2XL,Total Pcs,,,,,
STONE,15,42,42,21,21,126,,,,,
FAWN,15,42,42,21,21,126,,,,,
OLIVE,15,42,42,21,21,126,,,,,
BLACK,15,46,46,23,23,138,,,,,
Total,,172,172,86,86,516,,,,,
,,,,,,,,,,,
,,,,,,,,,,,
Cutting Matrix — Lot 11627,,,,,,,,,,,
Lot Number:,11627,Style:,ROUNDNECK,,,,,,,,
Fabric:,SINKAR LYCRA,Garment Type:,T-SHIRT,,,,,,,,
,,,,,,,,,,,
Color,Cutting Table,M,L,XL,2XL,Total Pcs,,,,,
ROYAL,1,38,76,38,38,190,,,,,
BLACK,1,72,144,72,72,360,,,,,
OFF WHITE,1,30,60,30,30,150,,,,,
WHITE,0,0,0,0,0,0,,,,,
SKY,1,32,64,32,32,160,,,,,
15%,1,32,64,32,32,160,,,,,
P GREEN,1,32,64,32,32,160,,,,,
L GREY,1,38,76,38,38,190,,,,,
RUST,1,29,58,29,29,145,,,,,
NAVY,1,30,60,30,30,150,,,,,
D GREY,1,37,74,37,37,185,,,,,
1%,1,31,62,31,31,155,,,,,
Total,,401,802,401,401,2005,,,,,
,,,,,,,,,,,
,,,,,,,,,,,
Cutting Matrix — Lot 61152,,,,,,,,,,,
Lot Number:,61152,Style:,lower,,,,,,,,
Fabric:,TWILL TERRY,Garment Type:,LOWER,,,,,,,,
,,,,,,,,,,,
Color,Cutting Table,M,L,XL,2XL,3XL,4XL,5XL,Total Pcs,,
L GREY,8,22,44,44,22,48,48,24,252,,
BEIGE,8,22,44,44,22,48,48,24,252,,
OLIVE,8,22,44,44,22,50,50,25,257,,
D GREY,8,22,44,44,22,52,52,26,262,,
MOUSE,8,22,44,44,22,50,50,25,257,,
STONE,8,22,44,44,22,48,48,24,252,,
BLACK,8,43,86,86,43,96,96,48,498,,
BROWN,8,22,44,44,22,48,48,24,252,,
Total,,197,394,394,197,440,440,220,2282,,
,,,,,,,,,,,
,,,,,,,,,,,
Cutting Matrix — Lot 61163,,,,,,,,,,,
Lot Number:,61163,Style:,lower,,,,,,,,
Fabric:,Q20 D#7,Garment Type:,LOWER,,,,,,,,
,,,,,,,,,,,
Color,Cutting Table,M,L,XL,2XL,Total Pcs,,,,,
GREY,12,22,44,44,22,132,,,,,
FAWN,12,22,44,44,22,132,,,,,
OLIVE,12,22,44,44,22,132,,,,,
STONE,12,22,44,44,22,132,,,,,
Total,,88,176,176,88,528,,,,,
,,,,,,,,,,,
,,,,,,,,,,,
Cutting Matrix — Lot 11609,,,,,,,,,,,
Lot Number:,11609,Style:,DROPSHOULDER ROUND NECK,,,,,,,,
Fabric:,LCRA SINKAR,Garment Type:,T-SHIRT,,,,,,,,
,,,,,,,,,,,
Color,Cutting Table,M,L,XL,2XL,Total Pcs,,,,,
PINK,13,15,30,15,15,75,,,,,
SURF,13,15,30,15,15,75,,,,,
GREEN,13,15,30,15,15,75,,,,,
BLUE,13,13,26,13,13,65,,,,,
WINE,13,16,32,16,16,80,,,,,
WHITE,13,14,28,14,14,70,,,,,
BLACK,13,28,56,28,28,140,,,,,
OFF WHITE,,0,0,0,0,0,,,,,
1%,13,14,28,14,14,70,,,,,
Total,,130,260,130,130,650,,,,,
,,,,,,,,,,,
,,,,,,,,,,,
Cutting Matrix — Lot 11651,,,,,,,,,,,
Lot Number:,11651,Style:,DROPSHOULDER ROUND NECK,,,,,,,,
Fabric:,LYCRA SINKAR,Garment Type:,T-SHIRT,,,,,,,,
,,,,,,,,,,,
Color,Cutting Table,M,L,XL,2XL,Total Pcs,,,,,
NEO YELLOW,14,32,64,32,32,160,,,,,
NEO GREEN,14,30,60,30,30,150,,,,,
15%,14,31,62,31,31,155,,,,,
BLACK,14,61,122,61,61,305,,,,,
GREY,14,34,68,34,34,170,,,,,
ROYAL,14,31,62,31,31,155,,,,,
NEW SKY,14,31,62,31,31,155,,,,,
OFF WHITE,14,31,62,31,31,155,,,,,
WHITE,14,31,62,31,31,155,,,,,
ORANGE,14,30,60,30,30,150,,,,,
RED,14,28,56,28,28,140,,,,,
1%,14,36,72,36,36,180,,,,,
WINE,14,34,68,34,34,170,,,,,
R GREEN,14,32,64,32,32,160,,,,,
NAVY,14,31,62,31,31,155,,,,,
Total,,503,1006,503,503,2515,,,,,
,,,,,,,,,,,
,,,,,,,,,,,
Cutting Matrix — Lot 11607,,,,,,,,,,,
Lot Number:,11607,Style:,17-18 MOHRI,,,,,,,,
Fabric:,CANVAS,Garment Type:,TRACK SUIT,,,,,,,,
,,,,,,,,,,,
Color,Cutting Table,M,L,XL,2XL,Total Pcs,,,,,
B GREEN,13,30,60,30,30,150,,,,,
COFFEE,13,30,60,30,30,150,,,,,
OLIVE,13,30,60,30,30,150,,,,,
GREY,13,15,30,15,15,75,,,,,
NAVY,13,25,50,25,25,125,,,,,
BLACK,13,21,42,21,21,105,,,,,
Total,,151,302,151,151,755,,,,,
,,,,,,,,,,,
,,,,,,,,,,,
Cutting Matrix — Lot 11608,,,,,,,,,,,
Lot Number:,11608,Style:,17-18 MOHRI,,,,,,,,
Fabric:,CANVAS,Garment Type:,TRACK SUIT,,,,,,,,
,,,,,,,,,,,
Color,Cutting Table,M,L,XL,2XL,Total Pcs,,,,,
B GREEN,13,30,60,30,30,150,,,,,
COFFEE,13,30,60,30,30,150,,,,,
OLIVE,13,30,60,30,30,150,,,,,
GREY,13,15,30,15,15,75,,,,,
NAVY,13,25,50,25,25,125,,,,,
BLACK,13,21,42,21,21,105,,,,,
Total,,151,302,151,151,755,,,,,
,,,,,,,,,,,
,,,,,,,,,,,
Cutting Matrix — Lot 11641,,,,,,,,,,,
Lot Number:,11641,Style:,COLLAR + THOKA,,,,,,,,
Fabric:,LYCRA SINKER,Garment Type:,T-SHIRT,,,,,,,,
,,,,,,,,,,,
Color,Cutting Table,24,26,28,30,32,34,36,Total Pcs,,
BLACK,13,105,105,105,105,105,105,105,735,,
L. KHAKHI,13,29,29,29,29,29,29,29,203,,
GREY,13,34,34,34,34,34,34,34,238,,
RED,13,34,34,34,34,34,34,34,238,,
GREEN,13,37,37,37,37,37,37,37,259,,
COFFEE,13,35,35,35,35,35,35,35,245,,
M.OLIVE,13,36,36,36,36,36,36,36,252,,
OLIVE,13,32,32,32,32,32,32,32,224,,
WHITE,13,69,69,69,69,69,69,69,483,,
PEACOCK,13,32,32,32,32,32,32,32,224,,
Total,,443,443,443,443,443,443,443,3101,,
,,,,,,,,,,,
,,,,,,,,,,,
Cutting Matrix — Lot 11662,,,,,,,,,,,
Lot Number:,11662,Style:,17-18 MOHRI,,,,,,,,
Fabric:,LINEN SKY,Garment Type:,LOWER,,,,,,,,
,,,,,,,,,,,
Color,Cutting Table,M,L,XL,2XL,Total Pcs,,,,,
BLACK,9,30,60,30,30,150,,,,,
BEIGE,9,30,60,30,30,150,,,,,
CEMENT,9,30,60,30,30,150,,,,,
Total,,90,180,90,90,450,,,,,
,,,,,,,,,,,
,,,,,,,,,,,
Cutting Matrix — Lot 11655,,,,,,,,,,,
Lot Number:,11655,Style:,DROPSHOULDER ROUND NECK,,,,,,,,
Fabric:,PRINT  CLOTH,Garment Type:,SWEATSHIRT,,,,,,,,
,,,,,,,,,,,
Color,Cutting Table,M,L,XL,2XL,Total Pcs,,,,,
TAN (C),11,68,136,68,68,340,,,,,
BEIGE (C),11,35,70,35,35,175,,,,,
GREY (C),11,68,136,68,68,340,,,,,
GREY (D),11,37,74,37,37,185,,,,,
BEIGE (D),11,69,138,69,69,345,,,,,
TAN (D),11,35,70,35,35,175,,,,,
Total,,312,624,312,312,1560,,,,,
,,,,,,,,,,,
,,,,,,,,,,,
Cutting Matrix — Lot 61151,,,,,,,,,,,
Lot Number:,61151,Style:,lower,,,,,,,,
Fabric:,JUNGEL PRINT,Garment Type:,LOWER,,,,,,,,
,,,,,,,,,,,
Color,Cutting Table,M,L,XL,2XL,3XL,4XL,5XL,Total Pcs,,
BLACK,8,24,48,48,24,52,52,26,274,,
SILVER,8,24,48,48,24,52,52,26,274,,
D GREY,8,23,46,46,23,54,54,27,273,,
OLIVE,8,24,48,48,24,50,50,25,269,,
Total,,95,190,190,95,208,208,104,1090,,
,,,,,,,,,,,
,,,,,,,,,,,
Cutting Matrix — Lot 11620,,,,,,,,,,,
Lot Number:,11620,Style:,COLLAR + THOKA,,,,,,,,
Fabric:,PQ MATTY,Garment Type:,T-SHIRT,,,,,,,,
,,,,,,,,,,,
Color,Cutting Table,M,L,XL,2XL,Total Pcs,,,,,
RED,4,48,96,48,48,240,,,,,
OFF WHITE,4,50,100,50,50,250,,,,,
NAVY,4,43,86,43,43,215,,,,,
CREAM,4,45,90,45,45,225,,,,,
SKY,4,45,90,45,45,225,,,,,
KHAKHI,4,40,80,40,40,200,,,,,
OLIVE,4,45,90,45,45,225,,,,,
COFFEE,0,0,0,0,0,0,,,,,
Total,,316,632,316,316,1580,,,,,
,,,,,,,,,,,
,,,,,,,,,,,
Cutting Matrix — Lot 11652,,,,,,,,,,,
Lot Number:,11652,Style:,COLLAR + THOKA,,,,,,,,
Fabric:,MATTY LYCRA,Garment Type:,T-SHIRT,,,,,,,,
,,,,,,,,,,,
Color,Cutting Table,M,L,XL,2XL,Total Pcs,,,,,
NAVY (WHITE-RED),3,40,80,40,40,200,,,,,
BLACK (WHITE-RED),3,80,160,80,80,400,,,,,
CREAM (KHAKHI-RED),3,40,80,40,40,200,,,,,
PEACOCK (WHITE-BLACK),3,40,80,40,40,200,,,,,
YELLOW (NAVY-R GREEN),3,40,80,40,40,200,,,,,
BEIGE (OFF WHITE -RED),3,40,80,40,40,200,,,,,
M GREY (WHITE-RED),3,40,80,40,40,200,,,,,
Total,,320,640,320,320,1600,,,,,
,,,,,,,,,,,
,,,,,,,,,,,
Cutting Matrix — Lot 11653,,,,,,,,,,,
Lot Number:,11653,Style:,COLLAR + THOKA,,,,,,,,
Fabric:,SINKAR LYCRA,Garment Type:,T-SHIRT,,,,,,,,
,,,,,,,,,,,
Color,Cutting Table,M,L,XL,2XL,Total Pcs,,,,,
SKY (NAVY- WHITE),1,38,76,38,38,190,,,,,
RUST (BEIGE-WHITE),1,38,76,38,38,190,,,,,
BLACK (BEIGE-WHITE),1,38,76,38,38,190,,,,,
WHITE (RUST-BEIGE),1,38,76,38,38,190,,,,,
PEACOCK (WHITE-BEIGE),1,38,76,38,38,190,,,,,
NAVY (SKY -WHITE),1,38,76,38,38,190,,,,,
D GREY (WHITE-BLACK),1,38,76,38,38,190,,,,,
Total,,266,532,266,266,1330,,,,,
,,,,,,,,,,,
,,,,,,,,,,,
Cutting Matrix — Lot 76042,,,,,,,,,,,
Lot Number:,76042,Style:,full baju,,,,,,,,
Fabric:,OXFORD STRIPE,Garment Type:,SHIRT,,,,,,,,
,,,,,,,,,,,
Color,Cutting Table,M,L,XL,2XL,Total Pcs,,,,,
BLACK,7,20,40,40,20,120,,,,,
PINK,7,26,52,52,26,156,,,,,
L BLUE,7,25,50,50,25,150,,,,,
LAVENDER,7,28,56,56,28,168,,,,,
L GREY,7,25,50,50,25,150,,,,,
D PINK,7,28,56,56,28,168,,,,,
PISTA,7,27,54,54,27,162,,,,,
SKY,7,28,56,56,28,168,,,,,
LEMON,7,28,56,56,28,168,,,,,
RED,7,25,50,50,25,150,,,,,
KHAKHI,7,29,58,58,29,174,,,,,
Total,,289,578,578,289,1734,,,,,
,,,,,,,,,,,
,,,,,,,,,,,
Cutting Matrix — Lot 11587,,,,,,,,,,,
Lot Number:,11587,Style:,LOWER,,,,,,,,
Fabric:,FINE COTTON,Garment Type:,LOWER,,,,,,,,
,,,,,,,,,,,
Color,Cutting Table,M,L,XL,2XL,Total Pcs,,,,,
OFF WHITE,11,32,64,32,32,160,,,,,
NAVY,11,33,66,33,33,165,,,,,
RED,11,28,56,28,28,140,,,,,
BLACK,11,21,42,21,21,105,,,,,
BLUE,11,21,42,21,21,105,,,,,
Total,,135,270,135,135,675,,,,,
,,,,,,,,,,,
,,,,,,,,,,,
Cutting Matrix — Lot 62068,,,,,,,,,,,
Lot Number:,62068,Style:,LOWER CARGO,,,,,,,,
Fabric:,HARIS PRINT,Garment Type:,LOWER,,,,,,,,
,,,,,,,,,,,
Color,Cutting Table,M,L,XL,2XL,Total Pcs,,,,,
STONE,9,19,42,38,19,118,,,,,
FAWN,9,17,35,34,17,103,,,,,
BLACK,9,19,40,38,19,116,,,,,
OLIVE,9,13,30,26,13,82,,,,,
Total,,68,147,136,68,419,,,,,
,,,,,,,,,,,
,,,,,,,,,,,
Cutting Matrix — Lot 11663,,,,,,,,,,,
Lot Number:,11663,Style:,17-18 MOHRI,,,,,,,,
Fabric:,LENIN DOBBY LYCRA,Garment Type:,LOWER,,,,,,,,
,,,,,,,,,,,
Color,Cutting Table,M,L,XL,2XL,Total Pcs,,,,,
ANTHRA,12,43,86,43,43,215,,,,,
BLACK,12,43,86,43,43,215,,,,,
CREAM,12,44,88,44,44,220,,,,,
PISTA,12,46,92,46,46,230,,,,,
COFFEE,12,48,96,48,48,240,,,,,
KHAKHI,12,42,84,42,42,210,,,,,
Total,,266,532,266,266,1330,,,,,
,,,,,,,,,,,
,,,,,,,,,,,
Cutting Matrix — Lot 11634,,,,,,,,,,,
Lot Number:,11634,Style:,full baju coller thoka,,,,,,,,
Fabric:,LYCRA SINKAR,Garment Type:,T-SHIRT,,,,,,,,
,,,,,,,,,,,
Color,Cutting Table,M,L,XL,Total Pcs,,,,,,
BLACK,1,80,80,40,200,,,,,,
WHITE,1,80,80,40,200,,,,,,
RUST,1,80,80,40,200,,,,,,
D GREY,1,80,80,40,200,,,,,,
Total,,320,320,160,800,,,,,,
,,,,,,,,,,,
,,,,,,,,,,,
Cutting Matrix — Lot 11625,,,,,,,,,,,
Lot Number:,11625,Style:,ROUNDNECK,,,,,,,,
Fabric:,SINKAR LYCRA,Garment Type:,T-SHIRT,,,,,,,,
,,,,,,,,,,,
Color,Cutting Table,M,L,XL,2XL,Total Pcs,,,,,
15%,11,33,66,33,33,165,,,,,
BLACK,11,66,132,66,66,330,,,,,
OFF WHITE,2,30,60,30,30,150,,,,,
SURF,2,31,62,31,31,155,,,,,
OFF WHITE 2,2,31,62,31,31,155,,,,,
Total,,191,382,191,191,955,,,,,
,,,,,,,,,,,
Cutting Matrix — Lot 11664,,,,,,,,,,,
Lot Number:,11664,Style:,COLLAR + THOKA,,,,,,,,
Fabric:,MATTY LYCRA,Garment Type:,T-SHIRT,,,,,,,,
,,,,,,,,,,,
Color,Cutting Table,M,L,XL,2XL,3XL,4XL,5XL,Total Pcs,,
BLACK,2,98,196,98,98,64,64,64,682,,
NAVY,2,49,98,49,49,32,32,32,341,,
WHITE,2,49,98,49,49,32,32,32,341,,
M OLIVE,2,49,98,49,49,32,32,32,341,,
KHAKHI,2,49,98,49,49,32,32,32,341,,
COFFEE,2,49,98,49,49,32,32,32,341,,
PEACOCK,2,49,98,49,49,32,32,32,341,,
Total,,392,784,392,392,256,256,256,2728,,
,,,,,,,,,,,
,,,,,,,,,,,
Cutting Matrix — Lot 11665,,,,,,,,,,,
Lot Number:,11665,Style:,COLLAR + THOKA,,,,,,,,
Fabric:,MATTY LYCRA,Garment Type:,T-SHIRT,,,,,,,,
,,,,,,,,,,,
Color,Cutting Table,24,26,28,30,32,34,36,Total Pcs,,
BLACK,2,54,54,54,54,54,54,54,378,,
NAVY,2,27,27,27,27,27,27,27,189,,
WHITE,2,27,27,27,27,27,27,27,189,,
M OLIVE,2,27,27,27,27,27,27,27,189,,
KHAKHI,2,27,27,27,27,27,27,27,189,,
COFFEE,2,27,27,27,27,27,27,27,189,,
PEACOCK,2,27,27,27,27,27,27,27,189,,
Total,,216,216,216,216,216,216,216,1512,,
,,,,,,,,,,,
,,,,,,,,,,,
Cutting Matrix — Lot 11597,,,,,,,,,,,
Lot Number:,11597,Style:,DROPSHOULDER ROUND NECK,,,,,,,,
Fabric:,LYCRA SINKKAR,Garment Type:,T-SHIRT,,,,,,,,
,,,,,,,,,,,
Color,Cutting Table,M,L,XL,2XL,Total Pcs,,,,,
15%,14,31,62,31,31,155,,,,,
BLACK,14,30,60,30,30,150,,,,,
OLIVE,14,39,78,39,39,195,,,,,
NAVY,14,26,52,26,26,130,,,,,
D GREY,14,37,74,37,37,185,,,,,
Total,,163,326,163,163,815,,,,,
,,,,,,,,,,,
,,,,,,,,,,,
Cutting Matrix — Lot 11515,,,,,,,,,,,
Lot Number:,11515,Style:,DROPSHOULDER ROUND NECK,,,,,,,,
Fabric:,LYCRA SINKAR,Garment Type:,T-SHIRT,,,,,,,,
,,,,,,,,,,,
Color,Cutting Table,M,L,XL,2XL,Total Pcs,,,,,
BLACK,14,31,62,31,31,155,,,,,
OFF WHITE,14,29,58,29,29,145,,,,,
Total,,60,120,60,60,300,,,,,
,,,,,,,,,,,
,,,,,,,,,,,
Cutting Matrix — Lot 11514,,,,,,,,,,,
Lot Number:,11514,Style:,DROPSHOULDER ROUND NECK,,,,,,,,
Fabric:,LYCRA SINKAR,Garment Type:,T-SHIRT,,,,,,,,
,,,,,,,,,,,
Color,Cutting Table,M,L,XL,2XL,Total Pcs,,,,,
BLACK,14,31,62,31,31,155,,,,,
OFFWHITE,14,30,60,30,30,150,,,,,
Total,,61,122,61,61,305,,,,,
,,,,,,,,,,,
,,,,,,,,,,,
Cutting Matrix — Lot 11452,,,,,,,,,,,
Lot Number:,11452,Style:,DROPSHOULDER ROUND NECK,,,,,,,,
Fabric:,LYCRA,Garment Type:,T-SHIRT,,,,,,,,
,,,,,,,,,,,
Color,Cutting Table,M,L,XL,2XL,Total Pcs,,,,,
OFF WHITE,14,30,60,30,30,150,,,,,
BLACK,14,31,62,31,31,155,,,,,
15%,14,31,62,31,31,155,,,,,
Total,,92,184,92,92,460,,,,,
,,,,,,,,,,,
,,,,,,,,,,,
Cutting Matrix — Lot 11622,,,,,,,,,,,
Lot Number:,11622,Style:,COLLAR + THOKA,,,,,,,,
Fabric:,LYCRA MATTY,Garment Type:,T-SHIRT,,,,,,,,
,,,,,,,,,,,
Color,Cutting Table,24,26,28,30,32,34,36,Total Pcs,,
BLACK,4,34,34,34,34,34,34,34,238,,
WHITE,4,35,35,35,35,35,35,35,245,,
RED,4,43,43,43,43,43,43,43,301,,
GREY,4,31,31,31,31,31,31,31,217,,
OLIVE,4,34,34,34,34,34,34,34,238,,
Total,,177,177,177,177,177,177,177,1239,,
,,,,,,,,,,,
,,,,,,,,,,,
Cutting Matrix — Lot 65028,,,,,,,,,,,
Lot Number:,65028,Style:,NIKKER,,,,,,,,
Fabric:,POLYSTER JALI (MESH),Garment Type:,NIKKER,,,,,,,,
,,,,,,,,,,,
Color,Cutting Table,L,XL,2XL,3XL,Total Pcs,,,,,
BLACK(RED),5,20,20,20,20,80,,,,,
BLACK(WHITE),5,20,20,20,20,80,,,,,
RED,5,20,20,20,20,80,,,,,
ROYAL,5,20,20,20,20,80,,,,,
WHITE (BLACK)L. GREY,5,20,20,20,20,80,,,,,
NAVY,5,20,20,20,20,80,,,,,
D GREY,5,20,20,20,20,80,,,,,
Total,,140,140,140,140,560,,,,,
,,,,,,,,,,,
,,,,,,,,,,,
Cutting Matrix — Lot 11661,,,,,,,,,,,
Lot Number:,11661,Style:,17-18 MOHRI,,,,,,,,
Fabric:,LINEN,Garment Type:,TRACK SUIT,,,,,,,,
,,,,,,,,,,,
Color,Cutting Table,M,L,XL,2XL,Total Pcs,,,,,
BLACK,9,30,60,30,30,150,,,,,
BEIGE,9,30,60,30,30,150,,,,,
CEMENT,9,30,60,30,30,150,,,,,
Total,,90,180,90,90,450,,,,,
,,,,,,,,,,,
,,,,,,,,,,,
Cutting Matrix — Lot 11660,,,,,,,,,,,
Lot Number:,11660,Style:,17-18 MOHRI,,,,,,,,
Fabric:,LINEN,Garment Type:,TRACK SUIT,,,,,,,,
,,,,,,,,,,,
Color,Cutting Table,M,L,XL,2XL,Total Pcs,,,,,
BLACK,9,30,60,30,30,150,,,,,
BEIGE,9,30,60,30,30,150,,,,,
CEMENT,9,30,60,30,30,150,,,,,
Total,,90,180,90,90,450,,,,,
,,,,,,,,,,,
,,,,,,,,,,,
Cutting Matrix — Lot 61150,,,,,,,,,,,
Lot Number:,61150,Style:,lower,,,,,,,,
Fabric:,TWILL TERRY,Garment Type:,LOWER,,,,,,,,
,,,,,,,,,,,
Color,Cutting Table,M,L,XL,2XL,3XL,4XL,5XL,Total Pcs,,
L GREY,8,21,42,42,21,46,46,23,241,,
BEIGE,8,20,40,40,20,46,46,23,235,,
OLIVE,8,21,42,42,21,46,46,23,241,,
D GREY,8,21,42,42,21,46,46,23,241,,
MOUSE,8,21,42,42,21,44,44,22,236,,
STONE,8,22,44,44,22,46,46,23,247,,
BLACK,8,42,84,84,42,92,92,46,482,,
BROWN,8,21,42,42,21,46,46,23,241,,
Total,,189,378,378,189,412,412,206,2164,,
,,,,,,,,,,,
,,,,,,,,,,,
Cutting Matrix — Lot 62070,,,,,,,,,,,
Lot Number:,62070,Style:,LOWER CARGO,,,,,,,,
Fabric:,HARISH PRINT JUNGLE 96,Garment Type:,LOWER,,,,,,,,
,,,,,,,,,,,
Color,Cutting Table,M,L,XL,2XL,Total Pcs,,,,,
STONE,12,17,34,34,17,102,,,,,
BROWN,12,20,40,40,20,120,,,,,
BLACK,12,20,40,40,20,120,,,,,
OLIVE,12,20,40,40,20,120,,,,,
Total,,77,154,154,77,462,,,,,
,,,,,,,,,,,
,,,,,,,,,,,
Cutting Matrix — Lot 61157,,,,,,,,,,,
Lot Number:,61157,Style:,lower,,,,,,,,
Fabric:,VISION,Garment Type:,LOWER,,,,,,,,
,,,,,,,,,,,
Color,Cutting Table,3XL,4XL,5XL,Total Pcs,,,,,,
BLACK,9,86,86,86,258,,,,,,
BEIGE,,0,0,0,0,,,,,,
FAWN,9,42,42,42,126,,,,,,
GREY,9,42,42,42,126,,,,,,
BROWN,9,42,42,42,126,,,,,,
Total,,212,212,212,636,,,,,,
,,,,,,,,,,,
,,,,,,,,,,,
Cutting Matrix — Lot 11659,,,,,,,,,,,
Lot Number:,11659,Style:,17-18 MOHRI,,,,,,,,
Fabric:,COTTON LILLEN,Garment Type:,TRACK SUIT,,,,,,,,
,,,,,,,,,,,
Color,Cutting Table,M,L,XL,2XL,Total Pcs,,,,,
S KHAKHI,15,25,50,25,25,125,,,,,
SLATE,15,27,54,27,27,135,,,,,
CHOCOLATE,15,19,38,19,19,95,,,,,
BLACK,15,25,50,25,25,125,,,,,
S BROWN,15,26,52,26,26,130,,,,,
OFF WHITE,15,24,48,24,24,120,,,,,
Total,,146,292,146,146,730,,,,,
,,,,,,,,,,,
,,,,,,,,,,,
Cutting Matrix — Lot 11598,,,,,,,,,,,
Lot Number:,11598,Style:,ROUNDNECK,,,,,,,,
Fabric:,LYCRA SINKKAR,Garment Type:,T-SHIRT,,,,,,,,
,,,,,,,,,,,
Color,Cutting Table,M,L,XL,2XL,Total Pcs,,,,,
BLACK,13,31,62,31,31,155,,,,,
GREY,13,32,64,32,32,160,,,,,
15%,13,31,62,31,31,155,,,,,
1%,13,33,66,33,33,165,,,,,
NAVY,13,30,60,30,30,150,,,,,
SURF,13,28,56,28,28,140,,,,,
D GREY,13,33,66,33,33,165,,,,,
OFF WHITE,13,31,62,31,31,155,,,,,
Total,,249,498,249,249,1245,,,,,
,,,,,,,,,,,
,,,,,,,,,,,
Cutting Matrix — Lot 11626,,,,,,,,,,,
Lot Number:,11626,Style:,ROUNDNECK,,,,,,,,
Fabric:,SINKER LYCRA,Garment Type:,T-SHIRT,,,,,,,,
,,,,,,,,,,,
Color,Cutting Table,M,L,XL,2XL,Total Pcs,,,,,
BLACK,3,62,124,62,62,310,,,,,
OFF WHITE,3,58,116,58,58,290,,,,,
ROYAL,3,29,58,29,29,145,,,,,
P GREEN,3,29,58,29,29,145,,,,,
15%,3,33,66,33,33,165,,,,,
Total,,211,422,211,211,1055,,,,,
,,,,,,,,,,,
,,,,,,,,,,,
Cutting Matrix — Lot 11624,,,,,,,,,,,
Lot Number:,11624,Style:,ROUNDNECK,,,,,,,,
Fabric:,LYCRA SINKAR,Garment Type:,T-SHIRT,,,,,,,,
,,,,,,,,,,,
Color,Cutting Table,M,L,XL,2XL,Total Pcs,,,,,
BLACK,3,61,122,61,61,305,,,,,
OFF WHITE,3,64,128,64,64,320,,,,,
15%,3,31,62,31,31,155,,,,,
ROYAL,3,33,66,33,33,165,,,,,
RED,3,31,62,31,31,155,,,,,
P GREEN,14,31,62,31,31,155,,,,,
GOLD,14,32,64,32,32,160,,,,,
NAVY,14,31,62,31,31,155,,,,,
Total,,314,628,314,314,1570,,,,,
,,,,,,,,,,,
,,,,,,,,,,,
Cutting Matrix — Lot 11647,,,,,,,,,,,
Lot Number:,11647,Style:,ROUNDNECK,,,,,,,,
Fabric:,LYCRA SINKKAR,Garment Type:,T-SHIRT,,,,,,,,
,,,,,,,,,,,
Color,Cutting Table,M,L,XL,2XL,Total Pcs,,,,,
OFF WHITE,14,31,62,31,31,155,,,,,
BLACK,14,33,66,33,33,165,,,,,
15%,14,30,60,30,30,150,,,,,
1%,14,32,64,32,32,160,,,,,
Total,,126,252,126,126,630,,,,,
,,,,,,,,,,,
,,,,,,,,,,,
Cutting Matrix — Lot 76043,,,,,,,,,,,
Lot Number:,76043,Style:,full baju,,,,,,,,
Fabric:,OXFORD STRIPE,Garment Type:,SHIRT,,,,,,,,
,,,,,,,,,,,
Color,Cutting Table,M,L,XL,2XL,Total Pcs,,,,,
BLACK,7,22,44,44,22,132,,,,,
PINK,7,30,60,60,30,180,,,,,
L BLUE,7,26,52,52,26,156,,,,,
LAVENDER,7,27,54,54,27,162,,,,,
L GREY,,0,0,0,0,0,,,,,
D PINK,7,27,54,54,27,162,,,,,
PISTA,7,28,56,56,28,168,,,,,
SKY,7,27,54,54,27,162,,,,,
LEMON,7,28,56,56,28,168,,,,,
RED,7,27,54,54,27,162,,,,,
KHAKHI,7,24,48,48,24,144,,,,,
Total,,266,532,532,266,1596,,,,,
,,,,,,,,,,,
,,,,,,,,,,,
Cutting Matrix — Lot 11642,,,,,,,,,,,
Lot Number:,11642,Style:,17-18 MOHRI,,,,,,,,
Fabric:,FINE COTTON,Garment Type:,TRACK SUIT,,,,,,,,
,,,,,,,,,,,
Color,Cutting Table,M,L,XL,XXL,Total Pcs,,,,,
OFF WHITE,11,22,44,22,22,110,,,,,
BLACK,11,21,42,21,21,105,,,,,
RED,,0,0,0,0,0,,,,,
D. COFFEE,11,22,44,22,22,110,,,,,
BEIGE,11,21,42,21,21,105,,,,,
Total,,86,172,86,86,430,,,,,
,,,,,,,,,,,
,,,,,,,,,,,
Cutting Matrix — Lot 11643,,,,,,,,,,,
Lot Number:,11643,Style:,17-18 MOHRI,,,,,,,,
Fabric:,FINE COTTON,Garment Type:,TRACK SUIT,,,,,,,,
,,,,,,,,,,,
Color,Cutting Table,M,L,XL,XXL,Total Pcs,,,,,
OFF WHITE,11,22,44,22,22,110,,,,,
BLACK,11,21,42,21,21,105,,,,,
RED,,0,0,0,0,0,,,,,
D. COFFEE,11,22,44,22,22,110,,,,,
BEIGE,11,21,42,21,21,105,,,,,
Total,,86,172,86,86,430,,,,,
,,,,,,,,,,,
,,,,,,,,,,,
Cutting Matrix — Lot 65016,,,,,,,,,,,
Lot Number:,65016,Style:,nikkar,,,,,,,,
Fabric:,MASS,Garment Type:,NIKKER,,,,,,,,
,,,,,,,,,,,
Color,Cutting Table,3XL,4XL,5XL,Total Pcs,,,,,,
BLACK,5,20,20,20,60,,,,,,
BLACK (HALF),5,5,5,5,15,,,,,,
D GREY,5,10,10,10,30,,,,,,
WHITE,5,10,10,10,30,,,,,,
BEIGE,5,10,10,10,30,,,,,,
SKY,5,10,10,10,30,,,,,,
L GREY,5,10,10,10,30,,,,,,
FIROZY,5,10,10,10,30,,,,,,
OLIVE,5,10,10,10,30,,,,,,
NAVY,5,10,10,10,30,,,,,,
GREY,5,10,10,10,30,,,,,,
YELLOW,5,10,10,10,30,,,,,,
ROYAL,5,10,10,10,30,,,,,,
Total,,135,135,135,405,,,,,,
,,,,,,,,,,,
,,,,,,,,,,,
Cutting Matrix — Lot 11637,,,,,,,,,,,
Lot Number:,11637,Style:,lower,,,,,,,,
Fabric:,Q20 (12-16- 13),Garment Type:,LOWER,,,,,,,,
,,,,,,,,,,,
Color,Cutting Table,M,L,XL,2XL,3XL,4XL,5XL,Total Pcs,,
KHAKHI (D13),8,20,40,40,20,40,40,20,220,,
SILVER (D13),8,17,34,34,17,26,26,13,167,,
BLACK (D13),8,19,38,38,19,40,40,20,214,,
CARDIUM (D13),8,26,52,52,26,28,28,14,226,,
KHAKHI (D12),8,19,38,38,19,40,40,20,214,,
BLACK (D12),8,19,38,38,19,22,22,11,169,,
CARDIUM (D12),8,19,38,38,19,28,28,14,184,,
SILVER (D12),8,20,40,40,20,40,40,20,220,,
D GREY (D16),8,26,52,52,26,50,50,25,281,,
OLIVE (D16),8,26,52,52,26,48,48,24,276,,
L OLIVE (D16),8,26,52,52,26,52,52,26,286,,
KHAKHI (D16),8,26,52,52,26,48,48,24,276,,
Total,,263,526,526,263,462,462,231,2733,,
,,,,,,,,,,,
,,,,,,,,,,,
Cutting Matrix — Lot 11687,,,,,,,,,,,
Lot Number:,11687,Style:,17-18 MOHRI,,,,,,,,
Fabric:,LINEN,Garment Type:,TRACK SUIT,,,,,,,,
,,,,,,,,,,,
Color,Cutting Table,M,L,XL,2XL,Total Pcs,,,,,
BLACK,9,34,68,34,34,170,,,,,
BEIGE,9,32,64,32,32,160,,,,,
CEMENT,9,36,72,36,36,180,,,,,
Total,,102,204,102,102,510,,,,,
,,,,,,,,,,,
,,,,,,,,,,,
Cutting Matrix — Lot 11688,,,,,,,,,,,
Lot Number:,11688,Style:,17-18 MOHRI,,,,,,,,
Fabric:,LINEN,Garment Type:,TRACK SUIT,,,,,,,,
,,,,,,,,,,,
Color,Cutting Table,M,L,XL,2XL,Total Pcs,,,,,
BLACK,9,34,68,34,34,170,,,,,
BEIGE,9,32,64,32,32,160,,,,,
CEMENT,9,36,72,36,36,180,,,,,
Total,,102,204,102,102,510,,,,,
,,,,,,,,,,,
,,,,,,,,,,,
Cutting Matrix — Lot 11685,,,,,,,,,,,
Lot Number:,11685,Style:,17-18 MOHRI,,,,,,,,
Fabric:,COTTON LILLEN,Garment Type:,TRACK SUIT,,,,,,,,
,,,,,,,,,,,
Color,Cutting Table,M,L,XL,2XL,Total Pcs,,,,,
S KHAKHI,15,25,50,25,25,125,,,,,
SLATE,15,26,52,26,26,130,,,,,
CHOCOLATE,15,25,50,25,25,125,,,,,
BLACK,15,25,50,25,25,125,,,,,
S BROWN,15,25,50,25,25,125,,,,,
OFF WHITE,15,25,50,25,25,125,,,,,
Total,,151,302,151,151,755,,,,,
,,,,,,,,,,,
,,,,,,,,,,,
Cutting Matrix — Lot 11686,,,,,,,,,,,
Lot Number:,11686,Style:,17-18 MOHRI,,,,,,,,
Fabric:,COTTON LILLEN,Garment Type:,TRACK SUIT,,,,,,,,
,,,,,,,,,,,
Color,Cutting Table,M,L,XL,2XL,Total Pcs,,,,,
S KHAKHI,15,25,50,25,25,125,,,,,
SLATE,15,26,52,26,26,130,,,,,
CHOCOLATE,15,25,50,25,25,125,,,,,
BLACK,15,25,50,25,25,125,,,,,
S BROWN,15,25,50,25,25,125,,,,,
OFF WHITE,15,25,50,25,25,125,,,,,
Total,,151,302,151,151,755,,,,,
,,,,,,,,,,,
,,,,,,,,,,,
Cutting Matrix — Lot 11670,,,,,,,,,,,
Lot Number:,11670,Style:,COLLAR + THOKA,,,,,,,,
Fabric:,LYCRA SINKAR,Garment Type:,T-SHIRT COLLAR,,,,,,,,
,,,,,,,,,,,
Color,Cutting Table,M,L,XL,2XL,Total Pcs,,,,,
BLACK (400),1,80,160,80,80,400,,,,,
NAVY,1,40,80,40,40,200,,,,,
RED,1,40,80,40,40,200,,,,,
ROYAL,1,40,80,40,40,200,,,,,
R GREEN,1,40,80,40,40,200,,,,,
GOLD,1,40,80,40,40,200,,,,,
WINE,1,40,80,40,40,200,,,,,
OFF WHITE,1,40,80,40,40,200,,,,,
Total,,360,720,360,360,1800,,,,,
,,,,,,,,,,,
,,,,,,,,,,,
Cutting Matrix — Lot 61148,,,,,,,,,,,
Lot Number:,61148,Style:,LOWER CARGO,,,,,,,,
Fabric:,Q20PRINT 13,Garment Type:,LOWER,,,,,,,,
,,,,,,,,,,,
Color,Cutting Table,M,L,XL,2XL,3XL,4XL,5XL,Total Pcs,,
KHAKHI,12,21,42,42,21,46,46,23,241,,
SILVER,12,21,42,42,21,46,46,23,241,,
BLACK,12,21,42,42,21,46,46,23,241,,
CARDIUM,12,20,40,40,20,48,48,24,240,,
Total,,83,166,166,83,186,186,93,963,,
,,,,,,,,,,,
,,,,,,,,,,,
Cutting Matrix — Lot 11658,,,,,,,,,,,
Lot Number:,11658,Style:,17-18 MOHRI,,,,,,,,
Fabric:,COTTON LILLEN,Garment Type:,TRACK SUIT,,,,,,,,
,,,,,,,,,,,
Color,Cutting Table,M,L,XL,2XL,Total Pcs,,,,,
S KHAKHI,15,25,50,25,25,125,,,,,
SLATE,15,27,54,27,27,135,,,,,
CHOCOLATE,15,19,38,19,19,95,,,,,
BLACK,15,25,50,25,25,125,,,,,
S BROWN,15,26,52,26,26,130,,,,,
OFF WHITE,15,24,48,24,24,120,,,,,
Total,,146,292,146,146,730,,,,,
,,,,,,,,,,,
,,,,,,,,,,,
Cutting Matrix — Lot 11668,,,,,,,,,,,
Lot Number:,11668,Style:,COLLAR + THOKA,,,,,,,,
Fabric:,LYCRA SINKAR,Garment Type:,T-SHIRT COLLAR,,,,,,,,
,,,,,,,,,,,
Color,Cutting Table,M,L,XL,2XL,Total Pcs,,,,,
RUST,2,40,80,40,40,200,,,,,
D GREY,2,40,80,40,40,200,,,,,
BLACK(400),2,80,160,80,80,400,,,,,
YELLOW,2,40,80,40,40,200,,,,,
P GREEN,2,40,80,40,40,200,,,,,
OFF WHITE,2,40,80,40,40,200,,,,,
NAVY,2,40,80,40,40,200,,,,,
CK TONE,2,40,80,40,40,200,,,,,
Total,,360,720,360,360,1800,,,,,
,,,,,,,,,,,
,,,,,,,,,,,
Cutting Matrix — Lot 11669,,,,,,,,,,,
Lot Number:,11669,Style:,COLLAR + THOKA,,,,,,,,
Fabric:,LYCRA SINKAR,Garment Type:,T-SHIRT COLLAR,,,,,,,,
,,,,,,,,,,,
Color,Cutting Table,M,L,XL,2XL,Total Pcs,,,,,
BLACK (400),14,80,160,80,80,400,,,,,
NAVY,14,40,80,40,40,200,,,,,
WINE,14,36,72,36,36,180,,,,,
M OLIVE,14,40,80,40,40,200,,,,,
M GREY,14,40,80,40,40,200,,,,,
GREEN,14,40,80,40,40,200,,,,,
KHAKI,14,40,80,40,40,200,,,,,
OFF WHITE,14,40,80,40,40,200,,,,,
Total,,356,712,356,356,1780,,,,,
,,,,,,,,,,,
,,,,,,,,,,,
Cutting Matrix — Lot 11689,,,,,,,,,,,
Lot Number:,11689,Style:,COLLAR + THOKA,,,,,,,,
Fabric:,SINKKAR LYCRA,Garment Type:,T-SHIRT,,,,,,,,
,,,,,,,,,,,
Color,Cutting Table,M,L,XL,2XL,Total Pcs,,,,,
BLACK,4,94,188,94,94,470,,,,,
WINE,4,47,94,47,47,235,,,,,
L GREY,4,52,104,52,52,260,,,,,
R GREEN,4,44,88,44,44,220,,,,,
WGITE,4,46,92,46,46,230,,,,,
Total,,283,566,283,283,1415,,,,,
,,,,,,,,,,,
,,,,,,,,,,,
Cutting Matrix — Lot 11632,,,,,,,,,,,
Lot Number:,11632,Style:,ROUNDNECK,,,,,,,,
Fabric:,LCRA SINKAR,Garment Type:,T-SHIRT,,,,,,,,
,,,,,,,,,,,
Color,Cutting Table,M,L,XL,2XL,Total Pcs,,,,,
BLACK,4,27,54,27,27,135,,,,,
OFF WHITE,4,28,56,28,28,140,,,,,
WHITE,4,28,56,28,28,140,,,,,
1%,4,27,54,27,27,135,,,,,
15%,4,29,58,29,29,145,,,,,
BLUE,4,25,50,25,25,125,,,,,
RED,4,28,56,28,28,140,,,,,
Total,,192,384,192,192,960,,,,,
,,,,,,,,,,,
,,,,,,,,,,,
Cutting Matrix — Lot 11633,,,,,,,,,,,
Lot Number:,11633,Style:,full baju coller thoka,,,,,,,,
Fabric:,LYCRA SINKKAR,Garment Type:,T-SHIRT,,,,,,,,
,,,,,,,,,,,
Color,Cutting Table,M,L,XL,Total Pcs,,,,,,
RED,13,86,86,43,215,,,,,,
PEACOCK,13,80,80,40,200,,,,,,
RUST,13,76,76,38,190,,,,,,
BLACK,13,80,80,40,200,,,,,,
WHITE,13,80,80,40,200,,,,,,
NAVY,13,72,72,36,180,,,,,,
ROYAL,13,82,82,41,205,,,,,,
Total,,556,556,278,1390,,,,,,
,,,,,,,,,,,
,,,,,,,,,,,
Cutting Matrix — Lot 11542,,,,,,,,,,,
Lot Number:,11542,Style:,NIKKER,,,,,,,,
Fabric:,MESH FABRIC,Garment Type:,NIKKER,,,,,,,,
,,,,,,,,,,,
Color,Cutting Table,L,XL,2XL,3XL,Total Pcs,,,,,
BLACK,5,160,80,80,80,400,,,,,
OFF WHITE,5,80,40,40,40,200,,,,,
ROYAL,5,80,40,40,40,200,,,,,
M.GREY,5,80,40,40,40,200,,,,,
FAWN,5,80,40,40,40,200,,,,,
RED,5,80,40,40,40,200,,,,,
B.GREEN,5,80,40,40,40,200,,,,,
Total,,640,320,320,320,1600,,,,,
,,,,,,,,,,,
,,,,,,,,,,,
Cutting Matrix — Lot 11654,,,,,,,,,,,
Lot Number:,11654,Style:,DROPSHOULDER ROUND NECK,,,,,,,,
Fabric:,PRINT CLOTH,Garment Type:,T-SHIRT,,,,,,,,
,,,,,,,,,,,
Color,Cutting Table,M,L,XL,2XL,Total Pcs,,,,,
GREY (A),6,36,72,36,36,180,,,,,
TAN (A),6,71,142,71,71,355,,,,,
BEIGE (A),6,35,70,35,35,175,,,,,
GREY (B),6,71,142,71,71,355,,,,,
BEIGE (B),6,71,142,71,71,355,,,,,
TAN (B),6,33,66,33,33,165,,,,,
Total,,317,634,317,317,1585,,,,,
,,,,,,,,,,,
,,,,,,,,,,,
Cutting Matrix — Lot 61155,,,,,,,,,,,
Lot Number:,61155,Style:,NIKKER,,,,,,,,
Fabric:,PRINT FABRIC,Garment Type:,NIKKER,,,,,,,,
,,,,,,,,,,,
Color,Cutting Table,M,L,XL,2XL,3XL,Total Pcs,,,,
OLIVE,15,40,40,80,40,40,240,,,,
FAWN,15,40,40,80,40,40,240,,,,
GREY,15,40,40,80,40,40,240,,,,
BROWN,15,40,40,80,40,40,240,,,,
Total,,160,160,320,160,160,960,,,,
,,,,,,,,,,,
,,,,,,,,,,,
Cutting Matrix — Lot 61166,,,,,,,,,,,
Lot Number:,61166,Style:,LOWER SS REGULAR,,,,,,,,
Fabric:,ROADSTAR,Garment Type:,LOWER,,,,,,,,
,,,,,,,,,,,
Color,Cutting Table,M,L,XL,2XL,3XL,4XL,5XL,Total Pcs,,
BLACK,9,48,96,96,48,52,52,26,418,,
D GREY,9,24,48,48,24,16,16,8,184,,
STONE,9,23,46,46,23,16,16,8,178,,
BEIGE,9,23,46,46,23,16,16,8,178,,
MOUSE,9,23,46,46,23,16,16,8,178,,
OLIVE,9,24,48,48,24,16,16,8,184,,
L GREY,9,23,46,46,23,16,16,8,178,,
BROWN,9,24,48,48,24,16,16,8,184,,
Total,,212,424,424,212,164,164,82,1682,,
,,,,,,,,,,,
,,,,,,,,,,,
,,,,,,,,,,,
,,,,,,,,,,,
,,,,,,,,,,,
,,,,,,,,,,,
,,,,,,,,,,,
,,,,,,,,,,,
,,,,,,,,,,,
,,,,,,,,,,,
,,,,,,,,,,,
,,,,,,,,,,,
,,,,,,,,,,,
,,,,,,,,,,,
,,,,,,,,,,,
Cutting Matrix — Lot 11675,,,,,,,,,,,
Lot Number:,11675,Style:,17-18 MOHRI,,,,,,,,
Fabric:,FC SLUB,Garment Type:,TRACK SUIT,,,,,,,,
,,,,,,,,,,,
Color,Cutting Table,M,L,XL,2XL,3XL,4XL,5XL,Total Pcs,,
COFFEE,1,30,60,30,30,12,12,12,186,,
BLACK,1,40,80,40,40,12,12,12,236,,
FAWN,1,30,60,30,30,12,12,12,186,,
D GREY,1,30,60,30,30,12,12,12,186,,
ASH,1,30,60,30,30,10,10,10,180,,
Total,,160,320,160,160,58,58,58,974,,
,,,,,,,,,,,
,,,,,,,,,,,
Cutting Matrix — Lot 11676,,,,,,,,,,,
Lot Number:,11676,Style:,17-18 MOHRI,,,,,,,,
Fabric:,FC SLUB,Garment Type:,TRACK SUIT,,,,,,,,
,,,,,,,,,,,
Color,Cutting Table,M,L,XL,2XL,3XL,4XL,5XL,Total Pcs,,
COFFEE,1,30,60,30,30,12,12,12,186,,
BLACK,1,40,80,40,40,12,12,12,236,,
FAWN,1,30,60,30,30,12,12,12,186,,
D GREY,1,30,60,30,30,12,12,12,186,,
GREY,1,30,60,30,30,10,10,10,180,,
Total,,160,320,160,160,58,58,58,974,,
,,,,,,,,,,,
,,,,,,,,,,,
Cutting Matrix — Lot 11671,,,,,,,,,,,
Lot Number:,11671,Style:,17-18 MOHRI,,,,,,,,
Fabric:,ASCUBA,Garment Type:,TRACK SUIT,,,,,,,,
,,,,,,,,,,,
Color,Cutting Table,M,L,XL,2XL,3XL,4XL,5XL,Total Pcs,,
RUST,2,40,80,40,40,12,12,12,236,,
OLIVE,2,40,80,40,40,12,12,12,236,,
CHOCO,2,40,80,40,40,12,12,12,236,,
GREY,2,40,80,40,40,12,12,12,236,,
BLACK,2,40,80,40,40,12,12,12,236,,
WHITE,2,40,80,40,40,12,12,12,236,,
Total,,240,480,240,240,72,72,72,1416,,
,,,,,,,,,,,
,,,,,,,,,,,
Cutting Matrix — Lot 11672,,,,,,,,,,,
Lot Number:,11672,Style:,17-18 MOHRI,,,,,,,,
Fabric:,ASCUBA,Garment Type:,TRACK SUIT,,,,,,,,
,,,,,,,,,,,
Color,Cutting Table,M,L,XL,2XL,3XL,4XL,5XL,Total Pcs,,
RUST,2,40,80,40,40,12,12,12,236,,
OLIVE,2,40,80,40,40,12,12,12,236,,
CHOCO,2,40,80,40,40,12,12,12,236,,
GREY,2,40,80,40,40,12,12,12,236,,
BLACK,2,40,80,40,40,12,12,12,236,,
WHITE,2,40,80,40,40,12,12,12,236,,
Total,,240,480,240,240,72,72,72,1416,,
,,,,,,,,,,,
,,,,,,,,,,,
Cutting Matrix — Lot 61164,,,,,,,,,,,
Lot Number:,61164,Style:,LOWER SS REGULAR,,,,,,,,
Fabric:,GYM JOY,Garment Type:,LOWER,,,,,,,,
,,,,,,,,,,,
Color,Cutting Table,M,L,XL,2XL,3XL,4XL,5XL,Total Pcs,,
BLACK,12,14,28,28,14,28,28,14,154,,
BLACK1,12,13,26,26,13,30,30,15,153,,
TABACO,12,13,26,26,13,28,28,14,148,,
GREY,12,14,28,28,14,28,28,14,154,,
FAWN,12,13,26,26,13,28,28,14,148,,
OLIVE,12,13,26,26,13,28,28,14,148,,
Total,,80,160,160,80,170,170,85,905,,
,,,,,,,,,,,
,,,,,,,,,,,
Cutting Matrix — Lot 11673,,,,,,,,,,,
Lot Number:,11673,Style:,17-18 MOHRI,,,,,,,,
Fabric:,ASCUBA,Garment Type:,TRACK SUIT,,,,,,,,
,,,,,,,,,,,
Color,Cutting Table,M,L,XL,2XL,3XL,4XL,5XL,Total Pcs,,
RUST,2,13,26,13,13,,,,65,,
OLIVE,2,12,24,12,12,,,,60,,
CHOCO,2,14,28,14,14,,,,70,,
GREY,2,9,18,9,9,,,,45,,
BLACK,2,12,24,12,12,,,,60,,
WHITE,2,11,22,11,11,,,,55,,
Total,,71,142,71,71,0,0,0,355,,
,,,,,,,,,,,
,,,,,,,,,,,
Cutting Matrix — Lot 11679,,,,,,,,,,,
Lot Number:,11679,Style:,17-18 MOHRI,,,,,,,,
Fabric:,SINKKAR LYCRA,Garment Type:,LOWER,,,,,,,,
,,,,,,,,,,,
Color,Cutting Table,M,L,XL,2XL,Total Pcs,,,,,
AQUA (150),3,33,66,33,33,165,,,,,
RED (160),3,64,128,64,64,320,,,,,
OFF WHITE (270),3,50,100,50,50,250,,,,,
COFFEE (185),3,34,68,34,34,170,,,,,
1% (160),3,32,64,32,32,160,,,,,
OLIVE (160),3,32,64,32,32,160,,,,,
NAVY (320),3,66,132,66,66,330,,,,,
ASKAY,14,30,60,30,30,150,,,,,
Total,,341,682,341,341,1705,,,,,
,,,,,,,,,,,
Cutting Matrix — Lot 11680,,,,,,,,,,,
Lot Number:,11680,Style:,full baju coller thoka,,,,,,,,
Fabric:,LYCRA SINKKAR,Garment Type:,T-SHIRT,,,,,,,,
,,,,,,,,,,,
Color,Cutting Table,M,L,XL,Total Pcs,,,,,,
BLACK,3,156,156,78,390,,,,,,
OFF WHITE,3,84,84,42,210,,,,,,
ROYAL,0,0,0,0,0,,,,,,
GREEN,3,82,82,41,205,,,,,,
GOLD,3,72,72,36,180,,,,,,
ORANGE,3,80,80,40,200,,,,,,
BEIGE,3,78,78,39,195,,,,,,
R GREEN,3,82,82,41,205,,,,,,
Total,,634,634,317,1585,,,,,,
,,,,,,,,,,,
,,,,,,,,,,,
Cutting Matrix — Lot 11684,,,,,,,,,,,
Lot Number:,11684,Style:,full baju coller thoka,,,,,,,,
Fabric:,LYCRA SINKKAR,Garment Type:,T-SHIRT COLLAR,,,,,,,,
,,,,,,,,,,,
Color,Cutting Table,M,L,XL,Total Pcs,,,,,,
BLACK,3,164,164,82,410,,,,,,
OFF WHITE,3,84,84,42,210,,,,,,
RUST,3,64,64,32,160,,,,,,
ORANGE,3,82,82,41,205,,,,,,
SURF,0,0,0,0,0,,,,,,
R GREEN,3,76,76,38,190,,,,,,
COFFEE,3,80,80,40,200,,,,,,
GREEN,3,80,80,40,200,,,,,,
Total,,630,630,315,1575,,,,,,
,,,,,,,,,,,
,,,,,,,,,,,
Cutting Matrix — Lot 11674,,,,,,,,,,,
Lot Number:,11674,Style:,17-18 MOHRI,,,,,,,,
Fabric:,ASCUBA,Garment Type:,TRACK SUIT,,,,,,,,
,,,,,,,,,,,
Color,Cutting Table,M,L,XL,2XL,3XL,4XL,5XL,Total Pcs,,
RUST,2,13,26,13,13,,,,65,,
OLIVE,2,12,24,12,12,,,,60,,
CHOCO,2,14,28,14,14,,,,70,,
GREY,2,9,18,9,9,,,,45,,
BLACK,2,12,24,12,12,,,,60,,
WHITE,2,11,22,11,11,,,,55,,
Total,,71,142,71,71,0,0,0,355,,
,,,,,,,,,,,
,,,,,,,,,,,
Cutting Matrix — Lot 11635,,,,,,,,,,,
Lot Number:,11635,Style:,COLLAR + THOKA,,,,,,,,
Fabric:,LYCRA MATTY,Garment Type:,T-SHIRT,,,,,,,,
,,,,,,,,,,,
Color,Cutting Table,M,L,XL,2XL,Total Pcs,,,,,
OFF WHITE,11,43,86,43,43,215,,,,,
BLACK,11,38,76,39,39,192,,,,,
NAVY,11,36,72,36,36,180,,,,,
RED,11,42,84,42,42,210,,,,,
AQUA,11,46,92,46,46,230,,,,,
LBEIGE,11,52,104,52,52,260,,,,,
GREEN,11,40,80,40,40,200,,,,,
KHAKHI,11,43,86,43,43,215,,,,,
PURE WHITE,11,33,66,33,33,165,,,,,
COFFEE,11,38,76,38,38,190,,,,,
L,0,0,0,0,0,0,,,,,
Total,,411,822,412,412,2057,,,,,
,,,,,,,,,,,
Cutting Matrix — Lot 11636,,,,,,,,,,,
Lot Number:,11636,Style:,COLLAR + THOKA,,,,,,,,
Fabric:,LYCRA MATTY,Garment Type:,T-SHIRT,,,,,,,,
,,,,,,,,,,,
Color,Cutting Table,M,L,XL,2XL,Total Pcs,,,,,
CREAM,11,48,96,48,48,240,,,,,
BLACK,11,41,82,41,41,205,,,,,
NAVY,11,35,70,35,35,175,,,,,
RED,11,48,96,48,48,240,,,,,
SKY,11,44,88,44,44,220,,,,,
CK TONE,11,45,90,45,45,225,,,,,
KHAKHI,11,49,98,49,49,245,,,,,
PURE WHITE,11,40,80,40,40,200,,,,,
BEIGE,11,48,96,48,48,240,,,,,
ORANGE,11,28,56,28,28,140,,,,,
PEACOCK,11,46,92,46,46,230,,,,,
Total,,472,944,472,472,2360,,,,,
,,,,,,,,,,,
,,,,,,,,,,,
Cutting Matrix — Lot 11692,,,,,,,,,,,
Lot Number:,11692,Style:,NIKKER  CORD SET,,,,,,,,
Fabric:,HEAVY COTTON,Garment Type:,TRACK SUIT,,,,,,,,
,,,,,,,,,,,
Color,Cutting Table,M,L,XL,2XL,Total Pcs,,,,,
D GREY,1,20,40,20,20,100,,,,,
BLACK,1,40,80,40,40,200,,,,,
COFFEE,1,20,40,20,20,100,,,,,
OFF WHITE,1,20,40,20,20,100,,,,,
CREAM,1,20,40,20,20,100,,,,,
Total,,120,240,120,120,600,,,,,
,,,,,,,,,,,
,,,,,,,,,,,
Cutting Matrix — Lot 11683,,,,,,,,,,,
Lot Number:,11683,Style:,full baju coller thoka,,,,,,,,
Fabric:,LYCRA SINKER,Garment Type:,T-SHIRT COLLAR,,,,,,,,
,,,,,,,,,,,
Color,Cutting Table,M,L,XL,Total Pcs,,,,,,
NAVY (OFF WHITE-RED),2,64,64,32,160,,,,,,
RED (OFF WHITE-NAVY),2,78,78,39,195,,,,,,
OFF WHITE (RED-NAVY),2,70,70,35,175,,,,,,
BEIGE (NAVY-RED),2,74,74,37,185,,,,,,
AQUA (WHITE-NAVY),2,78,78,39,195,,,,,,
Total,,364,364,182,910,,,,,,
,,,,,,,,,,,
,,,,,,,,,,,
Cutting Matrix — Lot 11677,,,,,,,,,,,
Lot Number:,11677,Style:,17-18 MOHRI,,,,,,,,
Fabric:,FC SLUB,Garment Type:,TRACK SUIT,,,,,,,,
,,,,,,,,,,,
Color,Cutting Table,M,L,XL,2XL,3XL,4XL,5XL,Total Pcs,,
OLIVE,4,29,58,29,29,16,16,16,193,,
BLACK,0,0,0,0,0,0,0,0,0,,
FAWN,4,29,58,29,29,15,15,15,190,,
AISH,4,29,58,29,29,16,16,16,193,,
NAVY,4,29,58,29,29,23,23,23,214,,
Total,,116,232,116,116,70,70,70,790,,
,,,,,,,,,,,
,,,,,,,,,,,
Cutting Matrix — Lot 11678,,,,,,,,,,,
Lot Number:,11678,Style:,17-18 MOHRI,,,,,,,,
Fabric:,FC SLUB,Garment Type:,TRACK SUIT,,,,,,,,
,,,,,,,,,,,
Color,Cutting Table,M,L,XL,2XL,3XL,4XL,5XL,Total Pcs,,
OLIVE,4,29,58,29,29,16,16,16,193,,
BLACK,0,0,0,0,0,0,0,0,0,,
FAWN,4,29,58,29,29,15,15,15,190,,
AISH,4,29,58,29,29,16,16,16,193,,
NAVY,4,29,58,29,29,23,23,23,214,,
Total,,116,232,116,116,70,70,70,790,,
,,,,,,,,,,,
,,,,,,,,,,,
Cutting Matrix — Lot 11630,,,,,,,,,,,
Lot Number:,11630,Style:,lower side gulla self cut 3 inch,,,,,,,,
Fabric:,UK LYCRA,Garment Type:,LOWER,,,,,,,,
,,,,,,,,,,,
Color,Cutting Table,M,L,XL,2XL,Total Pcs,,,,,
ROYAL,8,40,80,40,40,200,,,,,
ORANGE,8,36,72,36,36,180,,,,,
L GREY,8,27,54,27,27,135,,,,,
BLACK,8,25,50,25,25,125,,,,,
RED,8,36,72,36,36,180,,,,,
SKY,8,27,54,27,27,135,,,,,
FAWN,8,28,56,28,28,140,,,,,
NAVY,8,22,44,22,22,110,,,,,
D GREY,8,28,56,28,28,140,,,,,
LEMON,8,31,62,31,31,155,,,,,
BLACK 1,8,28,56,28,28,140,,,,,
Total,,328,656,328,328,1640,,,,,
,,,,,,,,,,,
,,,,,,,,,,,
Cutting Matrix — Lot 61158,,,,,,,,,,,
Lot Number:,61158,Style:,NIKKER,,,,,,,,
Fabric:,Q20 PRINTCAMO D#7,Garment Type:,NIKKER,,,,,,,,
,,,,,,,,,,,
Color,Cutting Table,M,L,XL,2XL,3XL,Total Pcs,,,,
GREY,8,30,60,60,30,30,210,,,,
FAWN,8,30,60,60,30,30,210,,,,
OLIVE,8,30,60,60,30,30,210,,,,
Total,,90,180,180,90,90,630,,,,
,,,,,,,,,,,
,,,,,,,,,,,
Cutting Matrix — Lot 61156,,,,,,,,,,,
Lot Number:,61156,Style:,NIKKER,,,,,,,,
Fabric:,TERRY FABRIC,Garment Type:,NIKKER,,,,,,,,
,,,,,,,,,,,
Color,Cutting Table,M,L,XL,2XL,3XL,Total Pcs,,,,
GREY,8,34,68,68,34,34,238,,,,
BLACK,8,34,68,68,34,34,238,,,,
OLIVE,8,33,66,66,33,33,231,,,,
STONE,8,35,70,70,35,35,245,,,,
Total,,136,272,272,136,136,952,,,,
,,,,,,,,,,,
,,,,,,,,,,,
Cutting Matrix — Lot 61154,,,,,,,,,,,
Lot Number:,61154,Style:,lower,,,,,,,,
Fabric:,TARRY,Garment Type:,LOWER,,,,,,,,
,,,,,,,,,,,
Color,Cutting Table,M,L,XL,2XL,Total Pcs,,,,,
BLACK,8,23,46,46,23,138,,,,,
GREY,8,23,46,46,23,138,,,,,
PEACOCK,8,26,52,52,26,156,,,,,
MENDHI,8,23,46,46,23,138,,,,,
SAGE,8,29,58,58,29,174,,,,,
Total,,124,248,248,124,744,,,,,
,,,,,,,,,,,
,,,,,,,,,,,
Cutting Matrix — Lot 76047,,,,,,,,,,,
Lot Number:,76047,Style:,FULL BAJU,,,,,,,,
Fabric:,S LILEN ST04,Garment Type:,SHIRT,,,,,,,,
,,,,,,,,,,,
Color,Cutting Table,M,L,XL,2XL,Total Pcs,,,,,
CAMEL,7,32,64,64,32,192,,,,,
GOLD,7,32,64,64,32,192,,,,,
RUST,7,30,60,60,30,180,,,,,
OLIVE,7,31,62,62,31,186,,,,,
BLACK,7,32,64,64,32,192,,,,,
GREEN,7,32,64,64,32,192,,,,,
SKY,7,29,58,58,29,174,,,,,
PINK,7,30,60,60,30,180,,,,,
Total,,248,496,496,248,1488,,,,,
,,,,,,,,,,,
,,,,,,,,,,,
Cutting Matrix — Lot 76044,,,,,,,,,,,
Lot Number:,76044,Style:,full baju,,,,,,,,
Fabric:,CANVAS LYCRA,Garment Type:,SHIRT,,,,,,,,
,,,,,,,,,,,
Color,Cutting Table,M,L,XL,2XL,Total Pcs,,,,,
BEIGE,7,20,40,40,20,120,,,,,
NAVY,7,20,40,40,20,120,,,,,
OFF WHITE,7,41,82,82,41,246,,,,,
BLACK,7,41,82,82,41,246,,,,,
SKY,7,20,40,40,20,120,,,,,
GREY,7,20,40,40,20,120,,,,,
Total,,162,324,324,162,972,,,,,
,,,,,,,,,,,
,,,,,,,,,,,
Cutting Matrix — Lot 61167,,,,,,,,,,,
Lot Number:,61167,Style:,NIKKER,,,,,,,,
Fabric:,TWILL TERRY,Garment Type:,NIKKER,,,,,,,,
,,,,,,,,,,,
Color,Cutting Table,L,XL,2XL,3XL,4XL,Total Pcs,,,,
BLACK,12,90,180,90,90,90,540,,,,
L. GREY,12,40,80,40,40,40,240,,,,
BEIGE,12,34,68,34,34,34,204,,,,
OLIVE,12,34,68,34,34,34,204,,,,
D.GREY,12,40,80,40,40,40,240,,,,
BROWN,12,40,80,40,40,40,240,,,,
Total,,278,556,278,278,278,1668,,,,
,,,,,,,,,,,
,,,,,,,,,,,
Cutting Matrix — Lot 61153,,,,,,,,,,,
Lot Number:,61153,Style:,NIKKER,,,,,,,,
Fabric:,HARISH PRINT,Garment Type:,NIKKER,,,,,,,,
,,,,,,,,,,,
Color,Cutting Table,M,L,XL,2XL,3XL,Total Pcs,,,,
STONE,15,32,64,64,32,32,224,,,,
BROWN,15,32,64,64,32,32,224,,,,
BLACK,15,32,64,64,32,32,224,,,,
OLIVE,15,32,64,64,32,32,224,,,,
Total,,128,256,256,128,128,896,,,,
,,,,,,,,,,,
,,,,,,,,,,,
Cutting Matrix — Lot 61173,,,,,,,,,,,
Lot Number:,61173,Style:,REGULAR,,,,,,,,
Fabric:,UK LYCRA,Garment Type:,LOWER,,,,,,,,
,,,,,,,,,,,
Color,Cutting Table,M,L,XL,2XL,3XL,4XL,5XL,Total Pcs,,
BLACK,8,35,70,70,35,74,74,37,395,,
M.GREY,8,11,22,22,11,20,20,10,116,,
WHITE,8,11,22,22,11,24,24,12,126,,
OFF WHITE,8,18,36,36,18,24,24,12,168,,
GREY,8,12,24,24,12,22,22,11,127,,
Total,,87,174,174,87,164,164,82,932,,
,,,,,,,,,,,
,,,,,,,,,,,
Cutting Matrix — Lot 11693,,,,,,,,,,,
Lot Number:,11693,Style:,NIKKER  CORD SET,,,,,,,,
Fabric:,HEAVY COTTON,Garment Type:,TRACK SUIT,,,,,,,,
,,,,,,,,,,,
Color,Cutting Table,M,L,XL,2XL,Total Pcs,,,,,
D GREY,1,20,40,20,20,100,,,,,
BLACK,1,40,80,40,40,200,,,,,
COFFEE,1,20,40,20,20,100,,,,,
OFF WHITE,1,20,40,20,20,100,,,,,
CREAM,1,20,40,20,20,100,,,,,
Total,,120,240,120,120,600,,,,,
,,,,,,,,,,,
,,,,,,,,,,,
Cutting Matrix — Lot 62065,,,,,,,,,,,
Lot Number:,62065,Style:,LOWER CARGO,,,,,,,,
Fabric:,Q20,Garment Type:,LOWER,,,,,,,,
,,,,,,,,,,,
Color,Cutting Table,M,L,XL,2XL,Total Pcs,,,,,
OLIVE,15,11,22,22,11,66,,,,,
FAWN,15,11,22,22,11,66,,,,,
COFFEE,15,11,22,22,11,66,,,,,
KHAKHI,15,11,22,22,11,66,,,,,
Total,,44,88,88,44,264,,,,,
,,,,,,,,,,,
,,,,,,,,,,,
Cutting Matrix — Lot 11645,,,,,,,,,,,
Lot Number:,11645,Style:,COLLAR + THOKA,,,,,,,,
Fabric:,FINE COTTON,Garment Type:,TRACK SUIT,,,,,,,,
,,,,,,,,,,,
Color,Cutting Table,M,L,XL,2XL,Total Pcs,,,,,
BLACK (WHITE),13,30,60,30,30,150,,,,,
B GREEN (WHITE),13,30,60,30,30,150,,,,,
CREAM (ROYAL),13,30,60,30,30,150,,,,,
NAVY (WHITE),13,30,60,30,30,150,,,,,
D GREY (WHITE),13,30,60,30,30,150,,,,,
15% (WHITE),13,30,60,30,30,150,,,,,
Total,,180,360,180,180,900,,,,,
,,,,,,,,,,,
,,,,,,,,,,,
Cutting Matrix — Lot 11646,,,,,,,,,,,
Lot Number:,11646,Style:,COLLAR + THOKA,,,,,,,,
Fabric:,FINE COTTON,Garment Type:,TRACK SUIT,,,,,,,,
,,,,,,,,,,,
Color,Cutting Table,M,L,XL,2XL,Total Pcs,,,,,
BLACK (WHITE),13,30,60,30,30,150,,,,,
B GREEN (WHITE),13,30,60,30,30,150,,,,,
CREAM (ROYAL),13,30,60,30,30,150,,,,,
NAVY (WHITE),13,30,60,30,30,150,,,,,
D GREY (WHITE),13,30,60,30,30,150,,,,,
15% (WHITE),13,30,60,30,30,150,,,,,
Total,,180,360,180,180,900,,,,,
,,,,,,,,,,,
,,,,,,,,,,,
Cutting Matrix — Lot 11682,,,,,,,,,,,
Lot Number:,11682,Style:,full baju coller thoka,,,,,,,,
Fabric:,LYCRA SINKKAR,Garment Type:,T-SHIRT COLLAR,,,,,,,,
,,,,,,,,,,,
Color,Cutting Table,M,L,XL,Total Pcs,,,,,,
BLACK,3,158,158,79,395,,,,,,
SURF,0,0,0,0,0,,,,,,
OFF WHITE,3,78,78,39,195,,,,,,
LIGHT BEIGE,3,78,78,39,195,,,,,,
RUST,3,78,78,39,195,,,,,,
D GREEN,3,76,76,38,190,,,,,,
Total,,468,468,234,1170,,,,,,
,,,,,,,,,,,
,,,,,,,,,,,
Cutting Matrix — Lot 61168,,,,,,,,,,,
Lot Number:,61168,Style:,LOWER SS REGULAR,,,,,,,,
Fabric:,UK LYCRA,Garment Type:,LOWER,,,,,,,,
,,,,,,,,,,,
Color,Cutting Table,M,L,XL,2XL,3XL,4XL,5XL,Total Pcs,,
BLACK,9,47,94,94,47,50,50,25,407,,
WHITE,,0,0,0,0,0,0,0,0,,
NAVY,0,0,0,0,0,0,0,0,0,,
IVORY,0,0,0,0,0,0,0,0,0,,
ROYAL,9,23,46,46,23,24,24,12,198,,
GREY,9,24,48,48,24,24,24,12,204,,
PEACOCK,9,30,60,60,30,32,32,16,260,,
KHAKHI,9,23,46,46,23,24,24,12,198,,
FAWN,9,24,48,48,24,24,24,12,204,,
Total,,171,342,342,171,178,178,89,1471,,
,,,,,,,,,,,
,,,,,,,,,,,
Cutting Matrix — Lot 10005,,,,,,,,,,,
Lot Number:,10005,Style:,ROUNDNECK,,,,,,,,
Fabric:,CEMO,Garment Type:,T-SHIRT R/N,,,,,,,,
,,,,,,,,,,,
Color,Cutting Table,MIX SIZE,Total Pcs,,,,,,,,
BLUE MLG,,80,80,,,,,,,,
CEMENT,,80,80,,,,,,,,
CHARCOAL,,92,92,,,,,,,,
D GREY,,82,82,,,,,,,,
KHAKHI,,72,72,,,,,,,,
OLIVE,,64,64,,,,,,,,
WHITE,,84,84,,,,,,,,
Total,,554,554,,,,,,,,
,,,,,,,,,,,
,,,,,,,,,,,
Cutting Matrix — Lot 61100,,,,,,,,,,,
Lot Number:,61100,Style:,lower,,,,,,,,
Fabric:,UK LYCRA,Garment Type:,LOWER,,,,,,,,
,,,,,,,,,,,
Color,Cutting Table,M,L,XL,XXL,Total Pcs,,,,,
TOM GREEN,15,29,58,58,29,174,,,,,
BLACK,15,24,48,48,24,144,,,,,
NAVY,,0,0,0,0,0,,,,,
RED,15,29,58,58,29,174,,,,,
OLIVE,15,27,54,54,27,162,,,,,
ICE BLUE,15,24,48,48,24,144,,,,,
Total,,133,266,266,133,798,,,,,
,,,,,,,,,,,
,,,,,,,,,,,
Cutting Matrix — Lot 11580,,,,,,,,,,,
Lot Number:,11580,Style:,17-18 MOHRI,,,,,,,,
Fabric:,LILLEN,Garment Type:,TRACK SUIT,,,,,,,,
,,,,,,,,,,,
Color,Cutting Table,M,L,XL,2XL,Total Pcs,,,,,
PISTA,8,32,64,32,32,160,,,,,
L GREY,8,30,60,30,30,150,,,,,
BLACK,8,30,60,30,30,150,,,,,
BROWN,8,29,58,29,29,145,,,,,
MOUSE,8,30,60,30,30,150,,,,,
KHAKHI,8,33,66,33,33,165,,,,,
Total,,184,368,184,184,920,,,,,
,,,,,,,,,,,
,,,,,,,,,,,
Cutting Matrix — Lot 11579,,,,,,,,,,,
Lot Number:,11579,Style:,17-18 MOHRI,,,,,,,,
Fabric:,LILLEN,Garment Type:,TRACK SUIT,,,,,,,,
,,,,,,,,,,,
Color,Cutting Table,M,L,XL,2XL,Total Pcs,,,,,
PISTA,8,32,64,32,32,160,,,,,
L GREY,8,30,60,30,30,150,,,,,
BLACK,8,30,60,30,30,150,,,,,
BROWN,8,29,58,29,29,145,,,,,
MOUSE,8,30,60,30,30,150,,,,,
KHAKHI,8,33,66,33,33,165,,,,,
Total,,184,368,184,184,920,,,,,
,,,,,,,,,,,
,,,,,,,,,,,
Cutting Matrix — Lot 11690,,,,,,,,,,,
Lot Number:,11690,Style:,TINKU COLLER DROP SHOULDER HALF BAJU SHIRT,,,,,,,,
Fabric:,ZARA LILLEN,Garment Type:,TRACK SUIT,,,,,,,,
,,,,,,,,,,,
Color,Cutting Table,M,L,XL,2XL,3XL,4XL,5XL,Total Pcs,,
OLIVE,9,30,60,30,30,17,17,17,201,,
WHITE,9,30,60,30,30,14,14,14,192,,
D GREY,9,30,60,30,30,19,19,19,207,,
BLACK,9,60,120,60,60,36,36,36,408,,
KHAKHI,9,30,60,30,30,11,11,11,183,,
CREAM,9,30,60,30,30,17,17,17,201,,
Total,,210,420,210,210,114,114,114,1392,,
,,,,,,,,,,,
,,,,,,,,,,,
Cutting Matrix — Lot 11691,,,,,,,,,,,
Lot Number:,11691,Style:,17-18 Mohri,,,,,,,,
Fabric:,ZARA LILLEN,Garment Type:,TRACK SUIT,,,,,,,,
,,,,,,,,,,,
Color,Cutting Table,M,L,XL,2XL,3XL,4XL,5XL,Total Pcs,,
OLIVE,9,30,60,30,30,17,17,17,201,,
WHITE,9,30,60,30,30,14,14,14,192,,
D GREY,9,30,60,30,30,19,19,19,207,,
BLACK,9,60,120,60,60,36,36,36,408,,
KHAKHI,9,30,60,30,30,11,11,11,183,,
CREAM,9,30,60,30,30,17,17,17,201,,
Total,,210,420,210,210,114,114,114,1392,,
,,,,,,,,,,,
,,,,,,,,,,,
Cutting Matrix — Lot 11696,,,,,,,,,,,
Lot Number:,11696,Style:,full baju thoka coller,,,,,,,,
Fabric:,50 SINGEL,Garment Type:,T-SHIRT,,,,,,,,
,,,,,,,,,,,
Color,Cutting Table,M,L,XL,Total Pcs,,,,,,
KHAKHI,2,80,80,40,200,,,,,,
WHITE,2,80,80,40,200,,,,,,
BLACK,2,152,152,76,380,,,,,,
L GREY,2,80,80,40,200,,,,,,
ROYAL,2,74,74,37,185,,,,,,
Total,,466,466,233,1165,,,,,,
,,,,,,,,,,,
,,,,,,,,,,,
Cutting Matrix — Lot 11681,,,,,,,,,,,
Lot Number:,11681,Style:,full baju coller thoka,,,,,,,,
Fabric:,LYCRA SINKKAR,Garment Type:,T-SHIRT COLLAR,,,,,,,,
,,,,,,,,,,,
Color,Cutting Table,M,L,XL,Total Pcs,,,,,,
BLACK (WHITE),1,80,80,40,200,,,,,,
RED (WHITE),1,80,80,40,200,,,,,,
WHITE (NAVY),1,80,80,40,200,,,,,,
ROYAL (WHITE),0,0,0,0,0,,,,,,
GREEN (RED),1,80,80,40,200,,,,,,
BLACK,1,80,80,40,200,,,,,,
Total,,400,400,200,1000,,,,,,
,,,,,,,,,,,
,,,,,,,,,,,
Cutting Matrix — Lot 11666,,,,,,,,,,,
Lot Number:,11666,Style:,COLLAR + THOKA,,,,,,,,
Fabric:,MATTY LYCRA,Garment Type:,T-SHIRT,,,,,,,,
,,,,,,,,,,,
Color,Cutting Table,M,L,XL,2XL,3XL,4XL,5XL,Total Pcs,,
BLACK,3,98,196,98,98,66,66,66,688,,
NAVY,3,49,98,49,49,33,33,33,344,,
RED,3,49,98,49,49,33,33,33,344,,
WHITE,3,49,98,49,49,33,33,33,344,,
Total,,245,490,245,245,165,165,165,1720,,
,,,,,,,,,,,
,,,,,,,,,,,
Cutting Matrix — Lot 76045,,,,,,,,,,,
Lot Number:,76045,Style:,full baju,,,,,,,,
Fabric:,CANVAS LYCRA,Garment Type:,SHIRT,,,,,,,,
,,,,,,,,,,,
Color,Cutting Table,M,L,XL,2XL,Total Pcs,,,,,
BEIGE (GREEN),2,38,76,76,38,228,,,,,
GREEN (YELLOW),2,40,80,80,40,240,,,,,
NAVY (WHITE),2,38,76,76,38,228,,,,,
WHITE (NAVY),2,38,76,76,38,228,,,,,
WHITE (SKY),2,43,86,86,43,258,,,,,
BLACK (WHITE),2,42,84,84,42,252,,,,,
BLACK (RED),2,38,76,76,38,228,,,,,
Total,,277,554,554,277,1662,,,,,
,,,,,,,,,,,
,,,,,,,,,,,
Cutting Matrix — Lot 61124,,,,,,,,,,,
Lot Number:,61124,Style:,LOWER,,,,,,,,
Fabric:,HARISH PRINT G 6066,Garment Type:,LOWER,,,,,,,,
,,,,,,,,,,,
Color,Cutting Table,M,L,XL,2XL,Total Pcs,,,,,
GREY 2,9,26,52,26,26,130,,,,,
BROWN 2,9,27,54,27,27,135,,,,,
BEIGE 1.5,9,27,54,27,27,135,,,,,
B.GREEN 1.5,9,28,56,28,28,140,,,,,
Total,,108,216,108,108,540,,,,,
,,,,,,,,,,,
,,,,,,,,,,,
Cutting Matrix — Lot 61125,,,,,,,,,,,
Lot Number:,61125,Style:,LOWER,,,,,,,,
Fabric:,HARISH PRINT G 6066,Garment Type:,LOWER,,,,,,,,
,,,,,,,,,,,
Color,Cutting Table,M,L,XL,2XL,Total Pcs,,,,,
GREY 2,12,26,52,26,26,130,,,,,
BROWN 2,12,26,52,26,26,130,,,,,
BEIGE 1.5,12,26,52,26,26,130,,,,,
B.GREEN 1.5,12,25,50,25,25,125,,,,,
Total,,103,206,103,103,515,,,,,
,,,,,,,,,,,
,,,,,,,,,,,
Cutting Matrix — Lot 11695,,,,,,,,,,,
Lot Number:,11695,Style:,full baju thoka coller,,,,,,,,
Fabric:,50 SINGEL,Garment Type:,T-SHIRT,,,,,,,,
,,,,,,,,,,,
Color,Cutting Table,M,L,XL,Total Pcs,,,,,,
KHAKHI (BEIGE),2,80,80,40,200,,,,,,
CK TONE (CK TONE),2,74,74,37,185,,,,,,
LT GREY (D GREY),2,80,80,40,200,,,,,,
WHITE (WHITE),2,74,74,37,185,,,,,,
BLACK (BLACK),2,74,74,37,185,,,,,,
Total,,382,382,191,955,,,,,,
,,,,,,,,,,,
,,,,,,,,,,,
Cutting Matrix — Lot 61175,,,,,,,,,,,
Lot Number:,61175,Style:,REGULAR,,,,,,,,
Fabric:,CRUSH TERRY,Garment Type:,LOWER,,,,,,,,
,,,,,,,,,,,
Color,Cutting Table,M,L,XL,2XL,Total Pcs,,,,,
BLACK,15,24,48,48,24,144,,,,,
WHITE,15,12,24,24,12,72,,,,,
GREY,15,12,24,24,12,72,,,,,
SILVER,15,12,24,24,12,72,,,,,
RED,15,12,24,24,12,72,,,,,
ROYAL,15,12,24,24,12,72,,,,,
IVORY,15,12,24,24,12,72,,,,,
Total,,96,192,192,96,576,,,,,
,,,,,,,,,,,
,,,,,,,,,,,
Cutting Matrix — Lot 61169,,,,,,,,,,,
Lot Number:,61169,Style:,REGULAR,,,,,,,,
Fabric:,HMN FABRIC,Garment Type:,LOWER,,,,,,,,
,,,,,,,,,,,
Color,Cutting Table,M,L,XL,2XL,3XL,4XL,5XL,Total Pcs,,
BLACK,8,32,64,64,32,46,46,23,307,,
OLIVE,8,20,40,40,20,24,24,12,180,,
MOUSE,8,22,44,44,22,24,24,12,192,,
CREAM,8,22,44,44,22,24,24,12,192,,
TAN,8,20,40,40,20,24,24,12,180,,
Total,,116,232,232,116,142,142,71,1051,,
,,,,,,,,,,,
,,,,,,,,,,,
Cutting Matrix — Lot 61081,,,,,,,,,,,
Lot Number:,61081,Style:,NIKKER,,,,,,,,
Fabric:,CRUSH TERRY,Garment Type:,NIKKER,,,,,,,,
,,,,,,,,,,,
Color,Cutting Table,L,XL,2XL,3XL,4XL,Total Pcs,,,,
BLACK(1.5 ROLL),8,18,36,18,18,18,108,,,,
NAVY,8,18,36,18,18,18,108,,,,
RED,8,18,36,18,18,18,108,,,,
ROYAL,8,18,36,18,18,18,108,,,,
WHITE,8,18,36,18,18,18,108,,,,
BLACK,8,18,36,18,18,18,108,,,,
Total,,108,216,108,108,108,648,,,,
,,,,,,,,,,,
,,,,,,,,,,,
Cutting Matrix — Lot 11704,,,,,,,,,,,
Lot Number:,11704,Style:,full baju coller thoka,,,,,,,,
Fabric:,SINKKAR,Garment Type:,T-SHIRT,,,,,,,,
,,,,,,,,,,,
Color,Cutting Table,M,L,XL,Total Pcs,,,,,,
15%,1,60,60,30,150,,,,,,
BLACK,1,124,124,62,310,,,,,,
OFF WHITE,1,48,48,24,120,,,,,,
NAVY,1,76,76,38,190,,,,,,
RED,1,48,48,24,120,,,,,,
GREY,1,48,48,24,120,,,,,,
D GREY,1,64,64,32,160,,,,,,
COFFEE,1,58,58,29,145,,,,,,
RUST,1,38,38,19,95,,,,,,
1%,1,48,48,24,120,,,,,,
WHITE,1,68,68,34,170,,,,,,
Total,,680,680,340,1700,,,,,,
,,,,,,,,,,,
,,,,,,,,,,,
Cutting Matrix — Lot 11697,,,,,,,,,,,
Lot Number:,11697,Style:,full baju thoka coller,,,,,,,,
Fabric:,50 SINGEL,Garment Type:,T-SHIRT,,,,,,,,
,,,,,,,,,,,
Color,Cutting Table,M,L,XL,Total Pcs,,,,,,
NAVY,3,72,72,36,180,,,,,,
WHITE,3,80,80,40,200,,,,,,
KHAKHI,3,82,82,41,205,,,,,,
GREY,3,80,80,40,200,,,,,,
BLACK,3,150,150,75,375,,,,,,
PEACOCK,3,80,80,40,200,,,,,,
Total,,544,544,272,1360,,,,,,
,,,,,,,,,,,
,,,,,,,,,,,
Cutting Matrix — Lot 11702,,,,,,,,,,,
Lot Number:,11702,Style:,full baju coller thoka,,,,,,,,
Fabric:,SINKAR LYCRA,Garment Type:,T-SHIRT,,,,,,,,
,,,,,,,,,,,
Color,Cutting Table,M,L,XL,Total Pcs,,,,,,
15% (WHITE),4,58,58,29,145,,,,,,
SKY (WHITE),4,48,48,24,120,,,,,,
R GREEN (WHITE),4,48,48,24,120,,,,,,
RED (WHITE),4,46,46,23,115,,,,,,
B GREEN (WHITE),4,54,54,27,135,,,,,,
BLACK (ROYAL),4,50,50,25,125,,,,,,
BLACK (WHITE),4,50,50,25,125,,,,,,
NAVY (WHITE),4,36,36,18,90,,,,,,
OFF WHITE (ROYAL),4,48,48,24,120,,,,,,
CREAM (R GREEN),4,48,48,24,120,,,,,,
D GREY (WHITE),4,46,46,23,115,,,,,,
Total,,532,532,266,1330,,,,,,
,,,,,,,,,,,
,,,,,,,,,,,
Cutting Matrix — Lot 11524,,,,,,,,,,,
Lot Number:,11524,Style:,lower,,,,,,,,
Fabric:,UKL LYCRA,Garment Type:,LOWER,,,,,,,,
,,,,,,,,,,,
Color,Cutting Table,M,L,XL,2XL,Total Pcs,,,,,
BLACK (PGREEN-IVORY),12,31,62,31,31,155,,,,,
BLACK (IVORY-PK GREEN),12,34,68,34,34,170,,,,,
RED (IVORY-ICE BLUE),12,30,60,30,30,150,,,,,
ROYAL (IVORY-NAVY),12,34,68,34,34,170,,,,,
ZARA GREY (SAGE-BLACK),12,41,82,41,41,205,,,,,
NAVY (ICE BLUE-IVORY),12,28,56,28,28,140,,,,,
SAGE (IVORY-BLACK),12,31,62,31,31,155,,,,,
Total,,229,458,229,229,1145,,,,,
,,,,,,,,,,,
,,,,,,,,,,,
Cutting Matrix — Lot 76046,,,,,,,,,,,
Lot Number:,76046,Style:,full baju,,,,,,,,
Fabric:,OXFORD LYCRA,Garment Type:,SHIRT,,,,,,,,
,,,,,,,,,,,
Color,Cutting Table,M,L,XL,2XL,Total Pcs,,,,,
BLACK (SKY),7,28,56,56,28,168,,,,,
BLACK,7,29,58,58,29,174,,,,,
FAWN (PISTA),7,25,50,50,25,150,,,,,
WHITE (NAVY),7,26,52,52,26,156,,,,,
OLIVE (FAWN),7,31,62,62,31,186,,,,,
PISTA (WHITE),7,25,50,50,25,150,,,,,
SKY (WHITE),7,27,54,54,27,162,,,,,
Total,,191,382,382,191,1146,,,,,
,,,,,,,,,,,
,,,,,,,,,,,
Cutting Matrix — Lot 11523,,,,,,,,,,,
Lot Number:,11523,Style:,lower,,,,,,,,
Fabric:,UKL LYCRA,Garment Type:,LOWER,,,,,,,,
,,,,,,,,,,,
Color,Cutting Table,M,L,XL,2XL,Total Pcs,,,,,
BLACK (PK GREEN),9,32,64,32,32,160,,,,,
BLACK (IVORY),9,28,56,28,28,140,,,,,
FAWN (PK GREEN),9,37,74,37,37,185,,,,,
ICE BLUE (NAVY),9,38,76,38,38,190,,,,,
RED (IVORY),9,38,76,38,38,190,,,,,
ROYAL (IVOR),9,33,66,33,33,165,,,,,
MEHNDI (BLACK),9,45,90,45,45,225,,,,,
NAVY (ICE BLUE),9,31,62,31,31,155,,,,,
Total,,282,564,282,282,1410,,,,,
,,,,,,,,,,,
,,,,,,,,,,,
Cutting Matrix — Lot 61170,,,,,,,,,,,
Lot Number:,61170,Style:,REGULAR,,,,,,,,
Fabric:,TWILL TERRY,Garment Type:,LOWER,,,,,,,,
,,,,,,,,,,,
Color,Cutting Table,M,L,XL,2XL,Total Pcs,,,,,
MOUSE,12,27,54,54,27,162,,,,,
BROWN,12,26,52,52,26,156,,,,,
BLACK,12,55,110,110,55,330,,,,,
BEIGE,12,26,52,52,26,156,,,,,
OLIVE,12,26,52,52,26,156,,,,,
Total,,160,320,320,160,960,,,,,
,,,,,,,,,,,
,,,,,,,,,,,
Cutting Matrix — Lot 61174,,,,,,,,,,,
Lot Number:,61174,Style:,REGULAR,,,,,,,,
Fabric:,JUNGLE PRINT K16,Garment Type:,LOWER,,,,,,,,
,,,,,,,,,,,
Color,Cutting Table,M,L,XL,2XL,Total Pcs,,,,,
GREY,9,23,46,46,23,138,,,,,
OLIVE,9,23,46,46,23,138,,,,,
COFFEE,9,23,46,46,23,138,,,,,
SILVER,9,25,50,50,25,150,,,,,
Total,,94,188,188,94,564,,,,,
,,,,,,,,,,,
,,,,,,,,,,,
Cutting Matrix — Lot 61082,,,,,,,,,,,
Lot Number:,61082,Style:,NIKKER,,,,,,,,
Fabric:,U K LYCRA,Garment Type:,NIKKER,,,,,,,,
,,,,,,,,,,,
Color,Cutting Table,L,XL,2XL,3XL,Total Pcs,,,,,
BLACK (GREY),8,28,56,28,28,140,,,,,
BLACK (WHITE),8,28,56,28,28,140,,,,,
MOUSE(WHITE),8,28,56,28,28,140,,,,,
RED (WHITE),8,29,58,29,29,145,,,,,
ROYA L (WHITE),8,29,58,29,29,145,,,,,
SILVER (FIROZY),8,28,56,28,28,140,,,,,
LIGHT GREY (WHITE),8,27,54,27,27,135,,,,,
FIROZY (WHITE),8,25,50,25,25,125,,,,,
Total,,222,444,222,222,1110,,,,,
,,,,,,,,,,,
,,,,,,,,,,,
Cutting Matrix — Lot 11701,,,,,,,,,,,
Lot Number:,11701,Style:,full baju collar thoka,,,,,,,,
Fabric:,LYCRA SINKAR,Garment Type:,T-SHIRT,,,,,,,,
,,,,,,,,,,,
Color,Cutting Table,M,L,XL,Total Pcs,,,,,,
1%,13,44,44,22,110,,,,,,
BROWN,13,58,58,29,145,,,,,,
OFF WHITE,13,46,46,23,115,,,,,,
CREAM,13,52,52,26,130,,,,,,
NAVY,13,82,82,41,205,,,,,,
D. GREY,13,48,48,24,120,,,,,,
15%,13,56,56,28,140,,,,,,
BLACK,13,92,92,46,230,,,,,,
Total,,478,478,239,1195,,,,,,
,,,,,,,,,,,
,,,,,,,,,,,
Cutting Matrix — Lot 11703,,,,,,,,,,,
Lot Number:,11703,Style:,full baju coller thoka,,,,,,,,
Fabric:,SINKAR LYCRA,Garment Type:,T-SHIRT,,,,,,,,
,,,,,,,,,,,
Color,Cutting Table,M,L,XL,Total Pcs,,,,,,
1%,5,46,46,23,115,,,,,,
R GREEN,5,56,56,28,140,,,,,,
NEO SKY,5,64,64,32,160,,,,,,
RED,5,46,46,23,115,,,,,,
YELLOW,5,46,46,23,115,,,,,,
ORANGE,5,48,48,24,120,,,,,,
BLACK,5,64,64,32,160,,,,,,
WHITE,5,56,56,28,140,,,,,,
OFF WHITE,5,56,56,28,140,,,,,,
15%,5,56,56,28,140,,,,,,
Total,,538,538,269,1345,,,,,,
,,,,,,,,,,,
,,,,,,,,,,,
Cutting Matrix — Lot 61134,,,,,,,,,,,
Lot Number:,61134,Style:,LOWER CARGO,,,,,,,,
Fabric:,ROODSTAR,Garment Type:,LOWER,,,,,,,,
,,,,,,,,,,,
Color,Cutting Table,M,L,XL,2XL,Total Pcs,,,,,
BLACK,9,45,90,90,45,270,,,,,
BEIGE,9,22,44,44,22,132,,,,,
BROWN,9,22,44,44,22,132,,,,,
L GREY,9,22,44,44,22,132,,,,,
MOUSE,9,22,44,44,22,132,,,,,
Total,,133,266,266,133,798,,,,,
,,,,,,,,,,,
,,,,,,,,,,,
Cutting Matrix — Lot 61087,,,,,,,,,,,
Lot Number:,61087,Style:,LOWER,,,,,,,,
Fabric:,UK LYCRA,Garment Type:,LOWER,,,,,,,,
,,,,,,,,,,,
Color,Cutting Table,M,L,XL,XXL,Total Pcs,,,,,
BLACK,8,24,48,48,24,144,,,,,
RED,8,5,10,10,5,30,,,,,
ROYAL,8,5,10,10,5,30,,,,,
SILVER,8,11,22,22,11,66,,,,,
DGREY,8,12,24,24,12,72,,,,,
FAWN,8,11,22,22,11,66,,,,,
NAVY,8,12,24,24,12,72,,,,,
GREEN,8,10,20,20,10,60,,,,,
Total,,90,180,180,90,540,,,,,
,,,,,,,,,,,
,,,,,,,,,,,
Cutting Matrix — Lot 11710,,,,,,,,,,,
Lot Number:,11710,Style:,lower,,,,,,,,
Fabric:,HAMMER,Garment Type:,LOWER,,,,,,,,
,,,,,,,,,,,
Color,Cutting Table,M,L,XL,2XL,Total Pcs,,,,,
BLACK,8,43,86,86,43,258,,,,,
BEIGE,8,20,40,40,20,120,,,,,
FAWN,8,21,42,42,21,126,,,,,
GREY,8,20,40,40,20,120,,,,,
D GREY,8,21,42,42,21,126,,,,,
NAVY,8,11,22,22,11,66,,,,,
Total,,136,272,272,136,816,,,,,
,,,,,,,,,,,
,,,,,,,,,,,
Cutting Matrix — Lot 61171,,,,,,,,,,,
Lot Number:,61171,Style:,REGULAR,,,,,,,,
Fabric:,GYM JOY,Garment Type:,LOWER,,,,,,,,
,,,,,,,,,,,
Color,Cutting Table,M,L,XL,2XL,Total Pcs,,,,,
COFFEE,15,17,34,34,17,102,,,,,
D. GREY,15,15,30,30,15,90,,,,,
BLACK,15,35,70,70,35,210,,,,,
OLIVE,15,20,40,40,20,120,,,,,
FAWN,15,11,22,22,11,66,,,,,
Total,,98,196,196,98,588,,,,,
,,,,,,,,,,,
,,,,,,,,,,,
Cutting Matrix — Lot 11705,,,,,,,,,,,
Lot Number:,11705,Style:,full baju coller thoka,,,,,,,,
Fabric:,SINKKAR LYCRA,Garment Type:,T-SHIRT COLLAR,,,,,,,,
,,,,,,,,,,,
Color,Cutting Table,M,L,XL,Total Pcs,,,,,,
BLACK,2,150,150,75,375,,,,,,
15%,2,58,58,29,145,,,,,,
OFFWHITE,2,66,66,33,165,,,,,,
CREAM,2,50,50,25,125,,,,,,
D GREY,2,74,74,37,185,,,,,,
COFFEE,2,50,50,25,125,,,,,,
1%,2,60,60,30,150,,,,,,
B GREEN,2,48,48,24,120,,,,,,
RUST,2,42,42,21,105,,,,,,
Total,,598,598,299,1495,,,,,,
,,,,,,,,,,,
,,,,,,,,,,,
Cutting Matrix — Lot 61117,,,,,,,,,,,
Lot Number:,61117,Style:,LOWER,,,,,,,,
Fabric:,UK LYCRA,Garment Type:,LOWER,,,,,,,,
,,,,,,,,,,,
Color,Cutting Table,M,L,XL,2XL,Total Pcs,,,,,
BLACK,8,13,26,26,13,78,,,,,
COFFEE,8,13,26,26,13,78,,,,,
FAWN,8,15,30,30,15,90,,,,,
RED,8,13,26,26,13,78,,,,,
ROYAL,8,13,26,26,13,78,,,,,
SILVER,8,13,26,26,13,78,,,,,
Total,,80,160,160,80,480,,,,,
,,,,,,,,,,,
,,,,,,,,,,,
Cutting Matrix — Lot 61179,,,,,,,,,,,
Lot Number:,61179,Style:,REGULAR,,,,,,,,
Fabric:,CRUSH TERRY,Garment Type:,JOGGER,,,,,,,,
,,,,,,,,,,,
Color,Cutting Table,M,L,XL,2XL,Total Pcs,,,,,
BLACK,15,36,72,72,36,216,,,,,
MOUSE,15,13,26,26,13,78,,,,,
SILVER,15,17,34,34,17,102,,,,,
ROYAL,15,13,26,26,13,78,,,,,
RED,15,13,26,26,13,78,,,,,
OFF WHITE,15,16,32,32,16,96,,,,,
Total,,108,216,216,108,648,,,,,
,,,,,,,,,,,
,,,,,,,,,,,
Cutting Matrix — Lot 61165,,,,,,,,,,,
Lot Number:,61165,Style:,LOWER SS REGULAR,,,,,,,,
Fabric:,UK LYCRA,Garment Type:,LOWER,,,,,,,,
,,,,,,,,,,,
Color,Cutting Table,M,L,XL,2XL,3XL,4XL,5XL,Total Pcs,,
BLACK,8,43,86,86,43,52,52,26,388,,
FAWN,8,22,44,44,22,26,26,13,197,,
RED,8,22,44,44,22,24,24,12,192,,
ROYAL,8,22,44,44,22,24,24,12,192,,
SILVER GREY,8,22,44,44,22,26,26,13,197,,
RAYBAN IVORY,8,22,44,44,22,24,24,12,192,,
ANTHRA,8,22,44,44,22,24,24,12,192,,
Total,,175,350,350,175,200,200,100,1550,,
,,,,,,,,,,,
,,,,,,,,,,,
Cutting Matrix — Lot 61172,,,,,,,,,,,
Lot Number:,61172,Style:,REGULAR,,,,,,,,
Fabric:,UK LYCRA,Garment Type:,LOWER,,,,,,,,
,,,,,,,,,,,
Color,Cutting Table,M,L,XL,2XL,3XL,4XL,5XL,Total Pcs,,
BLACK,8,48,96,96,48,58,58,29,433,,
L GREY,8,24,48,48,24,24,24,12,204,,
M. GREY,8,25,50,50,25,26,26,13,215,,
IVORY,8,24,48,48,24,26,26,13,209,,
BEIGE,8,30,60,60,30,26,26,13,245,,
Total,,151,302,302,151,160,160,80,1306,,
,,,,,,,,,,,
,,,,,,,,,,,
Cutting Matrix — Lot 61118,,,,,,,,,,,
Lot Number:,61118,Style:,LOWER CARGO,,,,,,,,
Fabric:,VISION,Garment Type:,LOWER,,,,,,,,
,,,,,,,,,,,
Color,Cutting Table,M,L,XL,2XL,Total Pcs,,,,,
BLACK,12,18,36,36,18,108,,,,,
D. GREY,12,10,20,20,10,60,,,,,
BEIGE,12,10,20,20,10,60,,,,,
BROWN,12,10,20,20,10,60,,,,,
Total,,48,96,96,48,288,,,,,
,,,,,,,,,,,
,,,,,,,,,,,
Cutting Matrix — Lot 76054,,,,,,,,,,,
Lot Number:,76054,Style:,DROP SHOULDER,,,,,,,,
Fabric:,D#1,Garment Type:,SHIRT,,,,,,,,
,,,,,,,,,,,
Color,Cutting Table,M,L,XL,2XL,Total Pcs,,,,,
TAN,7,25,50,25,25,125,,,,,
SKY,7,24,48,24,24,120,,,,,
WINE,7,24,48,24,24,120,,,,,
BLACK,7,25,50,25,25,125,,,,,
Total,,98,196,98,98,490,,,,,
,,,,,,,,,,,
,,,,,,,,,,,
Cutting Matrix — Lot 76055,,,,,,,,,,,
Lot Number:,76055,Style:,drop shoulder,,,,,,,,
Fabric:,D#2,Garment Type:,SHIRT,,,,,,,,
,,,,,,,,,,,
Color,Cutting Table,M,L,XL,2XL,Total Pcs,,,,,
SKY,7,25,50,25,25,125,,,,,
WINE,7,22,44,22,22,110,,,,,
BLACK,7,24,48,24,24,120,,,,,
TAN,7,24,48,24,24,120,,,,,
Total,,95,190,95,95,475,,,,,
,,,,,,,,,,,
,,,,,,,,,,,
Cutting Matrix — Lot 76031,,,,,,,,,,,
Lot Number:,76031,Style:,half baju,,,,,,,,
Fabric:,BREEY BLAST,Garment Type:,SHIRT,,,,,,,,
,,,,,,,,,,,
Color,Cutting Table,M,L,XL,2XL,Total Pcs,,,,,
RED (WHITE),7,25,25,25,25,100,,,,,
BLACK (BLACK),7,25,25,25,25,100,,,,,
NAVY (SKY),7,25,25,25,25,100,,,,,
SKY (NAVY),7,25,25,25,25,100,,,,,
WHITE (AIRFORCE),7,25,25,25,25,100,,,,,
D GREEN (CREAM),7,25,25,25,25,100,,,,,
Total,,150,150,150,150,600,,,,,
,,,,,,,,,,,
,,,,,,,,,,,
Cutting Matrix — Lot 11706,,,,,,,,,,,
Lot Number:,11706,Style:,full baju coller thoka,,,,,,,,
Fabric:,SINKAR LYCRA,Garment Type:,T-SHIRT,,,,,,,,
,,,,,,,,,,,
Color,Cutting Table,M,L,XL,Total Pcs,,,,,,
15% (COLLER 2 BON-ROYAL 1BON-WHITE),3,58,58,29,145,,,,,,
SKY (COLLER 2 BON-WHITE 1BON-GOLD),3,54,54,27,135,,,,,,
R GREEN (COLLER 2BON-WHITE 1 BON-GOLD),3,44,44,22,110,,,,,,
RED (COLLER 2 BON-WHITE 1BON-NAVY),3,46,46,23,115,,,,,,
B GREEN (COLLER 2BON-WHITE 1BON-GOLD),3,52,52,26,130,,,,,,
BLACK (COLLER 2BON-ROYAL 1BON-WHITE),3,70,70,35,175,,,,,,
BLACK (COLLER 2BON-WHITE 1BONR GREEN),3,78,78,39,195,,,,,,
NAVY (COLLER 2BON-RED 1BON-WHITE),0,0,0,0,0,,,,,,
OFF WHITE (COLLER 2BON-ROYAL 1BON-NAVY),3,72,72,36,180,,,,,,
CREAM (COLLER 2BON-NAVY 1BON-RED),3,50,50,25,125,,,,,,
D GREY (COLLER 2BON-WHITE 1BON-GOLD),3,70,70,35,175,,,,,,
Total,,594,594,297,1485,,,,,,
,,,,,,,,,,,
,,,,,,,,,,,
Cutting Matrix — Lot 11708,,,,,,,,,,,
Lot Number:,11708,Style:,full baju coller thoka,,,,,,,,
Fabric:,MATTY LYCRA,Garment Type:,T-SHIRT COLLAR,,,,,,,,
,,,,,,,,,,,
Color,Cutting Table,M,L,XL,Total Pcs,,,,,,
NAVY (WHITE),3,52,52,26,130,,,,,,
R GREEN (CREAM),3,48,48,24,120,,,,,,
BLACK (WHITE),3,46,46,23,115,,,,,,
WHITE (NAVY),3,54,54,27,135,,,,,,
ROYAL (WHITE),3,48,48,24,120,,,,,,
D COFFEE (BEIGE),3,56,56,28,140,,,,,,
RED (WHITE),3,48,48,24,120,,,,,,
MILLAGE BLACK (BEIGE),3,60,60,30,150,,,,,,
CREAM (NAVY),3,54,54,27,135,,,,,,
BLACK (M GREY),3,48,48,24,120,,,,,,
Total,,514,514,257,1285,,,,,,
,,,,,,,,,,,
,,,,,,,,,,,
,,,,,,,,,,,
,,,,,,,,,,,
,,,,,,,,,,,
,,,,,,,,,,,
,,,,,,,,,,,
,,,,,,,,,,,
,,,,,,,,,,,
,,,,,,,,,,,
,,,,,,,,,,,
,,,,,,,,,,,
,,,,,,,,,,,
,,,,,,,,,,,
,,,,,,,,,,,
,,,,,,,,,,,
,,,,,,,,,,,
,,,,,,,,,,,
,,,,,,,,,,,
,,,,,,,,,,,
,,,,,,,,,,,
,,,,,,,,,,,
,,,,,,,,,,,
,,,,,,,,,,,
,,,,,,,,,,,
,,,,,,,,,,,
Cutting Matrix — Lot 10006,,,,,,,,,,,
Lot Number:,10006,Style:,T SHIRT COLLAR,,,,,,,,
Fabric:,MATTY,Garment Type:,T-SHIRT COLLAR,,,,,,,,
,,,,,,,,,,,
Color,Cutting Table,MIX SIZE,Total Pcs,,,,,,,,
ORANGE,,78,78,,,,,,,,
COFFEE,,78,78,,,,,,,,
SKY,,81,81,,,,,,,,
SURF,,75,75,,,,,,,,
YELLOW,,78,78,,,,,,,,
GOLD,,78,78,,,,,,,,
PINK,,75,75,,,,,,,,
RED,,75,75,,,,,,,,
B GREEN,,75,75,,,,,,,,
OLIVE,,81,81,,,,,,,,
NAVY,,78,78,,,,,,,,
ROYAL,,75,75,,,,,,,,
BLACK,,150,150,,,,,,,,
Total,,1077,1077,,,,,,,,
,,,,,,,,,,,
,,,,,,,,,,,
Cutting Matrix — Lot 10007,,,,,,,,,,,
Lot Number:,10007,Style:,LOWER,,,,,,,,
Fabric:,MATTY,Garment Type:,LOWER,,,,,,,,
,,,,,,,,,,,
Color,Cutting Table,MIX SIZE,Total Pcs,,,,,,,,
WINE,,189,189,,,,,,,,
D GREY,,193,193,,,,,,,,
D OLIVE,,193,193,,,,,,,,
BLACK,,390,390,,,,,,,,
NAVY,,193,193,,,,,,,,
L GREY,,194,194,,,,,,,,
OLIVE,,196,196,,,,,,,,
Total,,1548,1548,,,,,,,,
,,,,,,,,,,,
,,,,,,,,,,,
Cutting Matrix — Lot 11714,,,,,,,,,,,
Lot Number:,11714,Style:,full baju,,,,,,,,
Fabric:,BURBERRY,Garment Type:,T-SHIRT,,,,,,,,
,,,,,,,,,,,
Color,Cutting Table,M,L,XL,Total Pcs,,,,,,
BLACK,4,148,148,74,370,,,,,,
WHITE,4,120,120,60,300,,,,,,
CREAM,4,76,76,38,190,,,,,,
BEIGE,4,80,80,40,200,,,,,,
D COFFEE,4,66,66,33,165,,,,,,
B GREEN,4,80,80,40,200,,,,,,
Total,,570,570,285,1425,,,,,,
,,,,,,,,,,,
,,,,,,,,,,,
Cutting Matrix — Lot 11707,,,,,,,,,,,
Lot Number:,11707,Style:,full baju coller thoka,,,,,,,,
Fabric:,MATTY LYCRA,Garment Type:,T-SHIRT COLLAR,,,,,,,,
,,,,,,,,,,,
Color,Cutting Table,M,L,XL,Total Pcs,,,,,,
NAVY (WHITE),11,46,46,23,115,,,,,,
R GREEN (CREAM),11,52,52,26,130,,,,,,
BLACK (WHITE),11,48,48,24,120,,,,,,
WHITE (NAVY),11,56,56,28,140,,,,,,
ROYAL (WHITE),11,50,50,25,125,,,,,,
KHAKHI (BEIGE),11,54,54,27,135,,,,,,
RED (WHITE),11,54,54,27,135,,,,,,
MILLAGE BLACK (BEIGE),11,52,52,26,130,,,,,,
OFF WHITE(NAVY),11,50,50,25,125,,,,,,
BLACK (M GREY),11,50,50,25,125,,,,,,
D COFFEE (BEIGE),0,0,0,0,0,,,,,,
CREAM (NAVY),0,0,0,0,0,,,,,,
Total,,512,512,256,1280,,,,,,
,,,,,,,,,,,
,,,,,,,,,,,
Cutting Matrix — Lot 11715,,,,,,,,,,,
Lot Number:,11715,Style:,full baju thoka coller 2ps coller,,,,,,,,
Fabric:,LYCRA SINKKAR,Garment Type:,T-SHIRT,,,,,,,,
,,,,,,,,,,,
Color,Cutting Table,M,L,XL,Total Pcs,,,,,,
COFFEE,2,78,78,39,195,,,,,,
CK TONE,2,78,78,39,195,,,,,,
BLACK,2,156,156,78,390,,,,,,
L BEIGE,2,78,78,39,195,,,,,,
KHAKHI,2,70,70,35,175,,,,,,
OFF WHITE,2,74,74,37,185,,,,,,
Total,,534,534,267,1335,,,,,,
,,,,,,,,,,,
,,,,,,,,,,,
Cutting Matrix — Lot 11712,,,,,,,,,,,
Lot Number:,11712,Style:,full baju coller thoka,,,,,,,,
Fabric:,LYCRA PATTA,Garment Type:,T-SHIRT,,,,,,,,
,,,,,,,,,,,
Color,Cutting Table,M,L,XL,Total Pcs,,,,,,
COFFEE(NAVY),1,130,130,65,325,,,,,,
COFFEE(RED),1,150,150,75,375,,,,,,
RED(ROYAL),11,90,90,45,225,,,,,,
WHITE(ROYAL),11,84,84,42,210,,,,,,
RANI(BLACK),14,60,60,30,150,,,,,,
RED(BLACK),14,62,65,31,158,,,,,,
RED-NAVY,4,146,150,73,369,,,,,,
WHITE-B.GREEN,4,152,152,72,376,,,,,,
CREAM-OLIVE,3,140,140,70,350,,,,,,
COFFEE-GREEN,3,142,142,71,355,,,,,,
YELLOW-ROYAL,3,80,80,40,200,,,,,,
CREAM-GREEN,3,88,88,44,220,,,,,,
RED-CREAM,6,111,111,63,285,,,,,,
RED-CREAM 2,6,93,93,45,231,,,,,,
GOLD-CREAM,6,93,93,45,231,,,,,,
COFFEE-CREAM,6,96,96,48,240,,,,,,
CEMENT-COFFEE,13,156,156,78,390,,,,,,
CAMEL-NAVY,13,114,114,57,285,,,,,,
COFFEE-CREAM1,2,136,136,68,340,,,,,,
NAVY-CREAM,2,119,119,60,298,,,,,,
Total,,2242,2249,1122,5613,,,,,,
,,,,,,,,,,,
,,,,,,,,,,,
,,,,,,,,,,,
,,,,,,,,,,,
,,,,,,,,,,,
,,,,,,,,,,,
,,,,,,,,,,,
,,,,,,,,,,,
,,,,,,,,,,,
,,,,,,,,,,,
,,,,,,,,,,,
,,,,,,,,,,,
,,,,,,,,,,,
,,,,,,,,,,,
,,,,,,,,,,,
,,,,,,,,,,,
,,,,,,,,,,,
,,,,,,,,,,,
,,,,,,,,,,,
,,,,,,,,,,,
Cutting Matrix — Lot 11718,,,,,,,,,,,
Lot Number:,11718,Style:,full baju,,,,,,,,
Fabric:,LYCRA SINKAR,Garment Type:,T-SHIRT,,,,,,,,
,,,,,,,,,,,
Color,Cutting Table,M,L,XL,Total Pcs,,,,,,
BLACK,1,138,138,69,345,,,,,,
RED,1,36,36,18,90,,,,,,
SKY,1,38,38,19,95,,,,,,
15%,1,58,58,29,145,,,,,,
R GREEN,1,56,56,28,140,,,,,,
OFF WHITE,1,46,46,23,115,,,,,,
D GREY,1,74,74,37,185,,,,,,
Total,,446,446,223,1115,,,,,,
,,,,,,,,,,,
,,,,,,,,,,,
Cutting Matrix — Lot 11588,,,,,,,,,,,
Lot Number:,11588,Style:,ROUNDNECK,,,,,,,,
Fabric:,FINE COTTON,Garment Type:,T-SHIRT,,,,,,,,
,,,,,,,,,,,
Color,Cutting Table,M,L,XL,2XL,Total Pcs,,,,,
BLACK 45 (WHITE GULLA),1,40,80,40,40,200,,,,,
BLACK 45 (ROYAL),1,40,80,40,40,200,,,,,
NAVY 30 (RED),1,30,60,30,30,150,,,,,
OFFWHITE 45 (ROYAL),1,30,60,30,30,150,,,,,
RUST30 (CREAM),1,30,60,30,30,150,,,,,
BLUE30 (WHITE),1,30,60,30,30,150,,,,,
D GREY30 (WHITE),,0,0,0,0,0,,,,,
CREAM(RUST),1,30,60,30,30,150,,,,,
Total,,230,460,230,230,1150,,,,,
,,,,,,,,,,,
,,,,,,,,,,,
Cutting Matrix — Lot 11589,,,,,,,,,,,
Lot Number:,11589,Style:,LOWER,,,,,,,,
Fabric:,FINE COTTON,Garment Type:,LOWER,,,,,,,,
,,,,,,,,,,,
Color,Cutting Table,M,L,XL,2XL,Total Pcs,,,,,
BLACK 45 (WHITE GULLA),1,40,80,40,40,200,,,,,
BLACK 45 (ROYAL),1,40,80,40,40,200,,,,,
NAVY 30 (RED),1,30,60,30,30,150,,,,,
OFFWHITE 45 (ROYAL),1,30,60,30,30,150,,,,,
RUST30 (CREAM),1,30,60,30,30,150,,,,,
BLUE30 (WHITE),1,30,60,30,30,150,,,,,
D GREY30 (WHITE),,0,0,0,0,0,,,,,
CREAM(RUST),1,30,60,30,30,150,,,,,
Total,,230,460,230,230,1150,,,,,
,,,,,,,,,,,
,,,,,,,,,,,
Cutting Matrix — Lot 11698,,,,,,,,,,,
Lot Number:,11698,Style:,full baju thoka coller,,,,,,,,
Fabric:,RUGBY PATTA,Garment Type:,T-SHIRT,,,,,,,,
,,,,,,,,,,,
Color,Cutting Table,M,L,XL,Total Pcs,,,,,,
ROYAL (MANGO),1,50,50,25,125,,,,,,
ROYAL(WHITE),1,62,62,31,155,,,,,,
ROYAL(YELLOW),2,56,56,28,140,,,,,,
CREAM(ROYAL),2,62,62,31,155,,,,,,
WHITE(WINE),2,64,64,32,160,,,,,,
RUST(CK TONE),2,62,62,31,155,,,,,,
RED(NAVY),4,64,64,32,160,,,,,,
WHITE(CAMEL),4,64,64,32,160,,,,,,
WHITE(GREY),4,64,64,32,160,,,,,,
AIRFORCE(WINE),4,64,64,32,160,,,,,,
CREAM,13,65,65,33,163,,,,,,
OFF WHITE,13,67,67,32,166,,,,,,
SKY,13,66,66,32,164,,,,,,
WHITE(GREEN),3,62,62,31,155,,,,,,
NAVY(YELLOW),3,62,62,31,155,,,,,,
ROYAL(B GREEN),3,62,62,31,155,,,,,,
WHITE(YELLOW),3,58,58,29,145,,,,,,
NAVY(MEHNDI),3,62,62,31,155,,,,,,
BLUE(CAMEL),11,66,66,33,165,,,,,,
COFFEE(SKY),11,64,64,32,160,,,,,,
YELLOW(ROYAL),11,60,60,30,150,,,,,,
RED(SKY),5,66,66,33,165,,,,,,
WHITE(ROYAL),5,66,66,33,165,,,,,,
MEHROON(GREY),5,62,62,31,155,,,,,,
GREEN/YELLOW,6,66,66,33,165,,,,,,
ORANGE/BLACK,6,70,70,34,174,,,,,,
NAVY/YELLOW,6,63,63,32,158,,,,,,
BEIGE/P.GREEN,6,72,72,32,176,,,,,,
GREEN/WINE,6,64,64,32,160,,,,,,
Total,,1835,1835,911,4581,,,,,,
,,,,,,,,,,,
,,,,,,,,,,,
Cutting Matrix — Lot 11656,,,,,,,,,,,
Lot Number:,11656,Style:,17-18 MOHRI,,,,,,,,
Fabric:,COTTON LILLEN,Garment Type:,TRACK SUIT,,,,,,,,
,,,,,,,,,,,
Color,Cutting Table,M,L,XL,2XL,Total Pcs,,,,,
S KHAKHI,8,30,60,30,30,150,,,,,
SLATE,8,29,58,29,29,145,,,,,
CHOCOLATE,8,32,64,32,32,160,,,,,
BLACK,8,29,58,29,29,145,,,,,
S BROWN,8,20,40,20,20,100,,,,,
OFF WHITE,8,31,62,31,31,155,,,,,
Total,,171,342,171,171,855,,,,,
,,,,,,,,,,,
,,,,,,,,,,,
Cutting Matrix — Lot 11657,,,,,,,,,,,
Lot Number:,11657,Style:,17-18 MOHRI,,,,,,,,
Fabric:,COTTON LILLEN,Garment Type:,TRACK SUIT,,,,,,,,
,,,,,,,,,,,
Color,Cutting Table,M,L,XL,2XL,Total Pcs,,,,,
S KHAKHI,8,30,60,30,30,150,,,,,
SLATE,8,29,58,29,29,145,,,,,
CHOCOLATE,8,32,64,32,32,160,,,,,
BLACK,8,29,58,29,29,145,,,,,
S BROWN,8,20,40,20,20,100,,,,,
OFF WHITE,8,31,62,31,31,155,,,,,
Total,,171,342,171,171,855,,,,,
,,,,,,,,,,,
,,,,,,,,,,,
Cutting Matrix — Lot 76061,,,,,,,,,,,
Lot Number:,76061,Style:,full baju,,,,,,,,
Fabric:,OXFORD 180,Garment Type:,SHIRT,,,,,,,,
,,,,,,,,,,,
Color,Cutting Table,M,L,XL,2XL,Total Pcs,,,,,
BLACK-WHITE,7,35,70,70,35,210,,,,,
PISTA-WHITE,7,39,78,78,39,234,,,,,
PINK-WHITE,7,39,78,78,39,234,,,,,
SKY-WHITE,7,39,78,78,39,234,,,,,
GREY-WHITE,7,37,74,74,37,222,,,,,
WINE-WHITE,7,39,78,78,39,234,,,,,
BLACK-WHITE 2,7,39,78,78,39,234,,,,,
Total,,267,534,534,267,1602,,,,,
,,,,,,,,,,,
,,,,,,,,,,,
Cutting Matrix — Lot 11713,,,,,,,,,,,
Lot Number:,11713,Style:,full baju thoka coller 2ps coller,,,,,,,,
Fabric:,LYCRA SINKKAR,Garment Type:,T-SHIRT,,,,,,,,
,,,,,,,,,,,
Color,Cutting Table,M,L,XL,Total Pcs,,,,,,
OLIVE,4,66,66,33,165,,,,,,
BLACK,4,76,76,38,190,,,,,,
PEACOCK,4,70,70,35,175,,,,,,
OFF WHITE,4,108,108,54,270,,,,,,
BLACK2,4,78,78,39,195,,,,,,
Total,,398,398,199,995,,,,,,
,,,,,,,,,,,
,,,,,,,,,,,
Cutting Matrix — Lot 11724,,,,,,,,,,,
Lot Number:,11724,Style:,tshirt coller  lower 17/18 mohri,,,,,,,,
Fabric:,TYE PRINT,Garment Type:,TRACK SUIT,,,,,,,,
,,,,,,,,,,,
Color,Cutting Table,M,L,XL,2XL,Total Pcs,,,,,
GREY,3,24,48,24,24,120,,,,,
BLACK,3,21,42,21,21,105,,,,,
CREAM,3,22,44,22,22,110,,,,,
GREEN,3,22,44,22,22,110,,,,,
Total,,89,178,89,89,445,,,,,
,,,,,,,,,,,
,,,,,,,,,,,
Cutting Matrix — Lot 11621,,,,,,,,,,,
Lot Number:,11621,Style:,COLLAR + THOKA,,,,,,,,
Fabric:,PQ MATTY,Garment Type:,T-SHIRT,,,,,,,,
,,,,,,,,,,,
Color,Cutting Table,M,L,XL,Total Pcs,,,,,,
NAVY,13,100,100,50,250,,,,,,
RED,13,94,94,47,235,,,,,,
WHITE,13,112,112,56,280,,,,,,
OFF WHITE,13,98,98,49,245,,,,,,
Total,,404,404,202,1010,,,,,,
,,,,,,,,,,,
,,,,,,,,,,,
Cutting Matrix — Lot 11711,,,,,,,,,,,
Lot Number:,11711,Style:,round neck,,,,,,,,
Fabric:,BLUE BERRY,Garment Type:,T-SHIRT,,,,,,,,
,,,,,,,,,,,
Color,Cutting Table,S,M,L,XL,Total Pcs,,,,,
15%,13,14,28,28,14,84,,,,,
D GREY,13,13,26,26,13,78,,,,,
1%,13,12,24,24,12,72,,,,,
NAVY,13,11,22,22,11,66,,,,,
WHITE,13,12,24,24,12,72,,,,,
RED,13,11,22,22,11,66,,,,,
RUST,13,12,24,24,12,72,,,,,
CREAM,13,13,26,26,13,78,,,,,
COFFEE,13,12,24,24,12,72,,,,,
AIR FORCE,13,12,24,24,12,72,,,,,
LEAF GREEN,13,12,24,24,12,72,,,,,
SURF,13,11,22,22,11,66,,,,,
BLACK,13,25,50,50,25,150,,,,,
CEMENT,13,12,24,24,12,72,,,,,
Total,,182,364,364,182,1092,,,,,
,,,,,,,,,,,
Cutting Matrix — Lot 76050,,,,,,,,,,,
Lot Number:,76050,Style:,full baju shirt,,,,,,,,
Fabric:,OXFORD LYCRA,Garment Type:,SHIRT,,,,,,,,
,,,,,,,,,,,
Color,Cutting Table,M,L,XL,2XL,Total Pcs,,,,,
BEIGE (COFFEE),7,34,68,68,34,204,,,,,
BLACK (BLACK),7,35,70,70,35,210,,,,,
WHITE (FAWN),7,33,66,66,33,198,,,,,
GREY (WHITE),7,36,72,72,36,216,,,,,
Total,,138,276,276,138,828,,,,,
,,,,,,,,,,,
,,,,,,,,,,,
Cutting Matrix — Lot 11716,,,,,,,,,,,
Lot Number:,11716,Style:,lower,,,,,,,,
Fabric:,M H IMPORTED,Garment Type:,T-SHIRT,,,,,,,,
,,,,,,,,,,,
Color,Cutting Table,M,L,XL,Total Pcs,,,,,,
OFFW HITE,5,64,64,32,160,,,,,,
D GREY,5,64,64,32,160,,,,,,
15%,5,60,60,30,150,,,,,,
BLACK,5,120,120,60,300,,,,,,
Total,,308,308,154,770,,,,,,
,,,,,,,,,,,
,,,,,,,,,,,
Cutting Matrix — Lot 11725,,,,,,,,,,,
Lot Number:,11725,Style:,tshirt coller  lower 17/18 mohri,,,,,,,,
Fabric:,TYE PRINT,Garment Type:,TRACK SUIT,,,,,,,,
,,,,,,,,,,,
Color,Cutting Table,M,L,XL,2XL,Total Pcs,,,,,
GREY,3,24,48,24,24,120,,,,,
BLACK,3,21,42,21,21,105,,,,,
CREAM,3,22,44,22,22,110,,,,,
GREEN,3,22,44,22,22,110,,,,,
Total,,89,178,89,89,445,,,,,
,,,,,,,,,,,
,,,,,,,,,,,
Cutting Matrix — Lot 11719,,,,,,,,,,,
Lot Number:,11719,Style:,SHIRT,,,,,,,,
Fabric:,LILEN LYCRA,Garment Type:,TRACK SUIT,,,,,,,,
,,,,,,,,,,,
Color,Cutting Table,M,L,XL,XXL,Total Pcs,,,,,
CREAM,4,30,60,30,30,150,,,,,
OFFWHITE,4,30,60,30,30,150,,,,,
STONE,4,30,60,30,30,150,,,,,
BLACK,4,30,60,30,30,150,,,,,
KHAKHI,4,30,60,30,30,150,,,,,
CAMEL,4,30,60,30,30,150,,,,,
D GREY,4,30,60,30,30,150,,,,,
BLACK 1,4,30,60,30,30,150,,,,,
Total,,240,480,240,240,1200,,,,,
,,,,,,,,,,,
,,,,,,,,,,,
Cutting Matrix — Lot 11717,,,,,,,,,,,
Lot Number:,11717,Style:,full baju,,,,,,,,
Fabric:,LYCRA SINKAR,Garment Type:,T-SHIRT,,,,,,,,
,,,,,,,,,,,
Color,Cutting Table,M,L,XL,Total Pcs,,,,,,
BLACK,6,106,106,53,265,,,,,,
RUST,6,46,46,23,115,,,,,,
NEO SKY,0,0,0,0,0,,,,,,
15%,6,56,56,28,140,,,,,,
B GREEN,6,50,50,25,125,,,,,,
D COFFEE,6,52,52,26,130,,,,,,
WHITE,6,46,46,23,115,,,,,,
Total,,356,356,178,890,,,,,,
,,,,,,,,,,,
,,,,,,,,,,,
Cutting Matrix — Lot 11726,,,,,,,,,,,
Lot Number:,11726,Style:,tshirt coller  lower 17/18 mohri,,,,,,,,
Fabric:,TYE PRINT,Garment Type:,TRACK SUIT,,,,,,,,
,,,,,,,,,,,
Color,Cutting Table,M,L,XL,2XL,Total Pcs,,,,,
GREY,14,24,48,24,24,120,,,,,
BLACK,14,23,46,23,23,115,,,,,
CREAM,14,23,46,23,23,115,,,,,
GREEN,14,24,48,24,24,120,,,,,
Total,,94,188,94,94,470,,,,,
,,,,,,,,,,,
,,,,,,,,,,,
Cutting Matrix — Lot 11727,,,,,,,,,,,
Lot Number:,11727,Style:,tshirt coller  lower 17/18 mohri,,,,,,,,
Fabric:,TYE PRINT,Garment Type:,TRACK SUIT,,,,,,,,
,,,,,,,,,,,
Color,Cutting Table,M,L,XL,2XL,Total Pcs,,,,,
GREY,14,24,48,24,24,120,,,,,
BLACK,14,23,46,23,23,115,,,,,
CREAM,14,23,46,23,23,115,,,,,
GREEN,14,24,48,24,24,120,,,,,
Total,,94,188,94,94,470,,,,,
,,,,,,,,,,,
,,,,,,,,,,,
Cutting Matrix — Lot 11729,,,,,,,,,,,
Lot Number:,11729,Style:,hoodie * sando,,,,,,,,
Fabric:,HEAVY COTTON,Garment Type:,SANDOW,,,,,,,,
,,,,,,,,,,,
Color,Cutting Table,M,L,XL,2XL,Total Pcs,,,,,
BLACK,13,38,76,38,38,190,,,,,
OFF WHITE,13,24,48,24,24,120,,,,,
15%,1,24,48,24,24,120,,,,,
WHITE,13,24,48,24,24,120,,,,,
N.YELLOW,13,30,60,30,30,150,,,,,
N.GREEN,13,29,58,29,29,145,,,,,
SURF,13,23,46,23,23,115,,,,,
ROYAL,13,25,50,25,25,125,,,,,
RUST,13,24,48,24,24,120,,,,,
RED,13,27,54,27,27,135,,,,,
D.GREY,1,27,54,27,27,135,,,,,
Total,,295,590,295,295,1475,,,,,
,,,,,,,,,,,
,,,,,,,,,,,
Cutting Matrix — Lot 76051,,,,,,,,,,,
Lot Number:,76051,Style:,full baju shirt,,,,,,,,
Fabric:,OXFORD LYCRA,Garment Type:,SHIRT,,,,,,,,
,,,,,,,,,,,
Color,Cutting Table,M,L,XL,2XL,Total Pcs,,,,,
WHITE (RED),7,34,68,68,34,204,,,,,
BLACK (GREEN),7,34,68,68,34,204,,,,,
SKY (NAVY),7,34,68,68,34,204,,,,,
RED (PRACOCK),7,34,68,68,34,204,,,,,
NAVY (CREAM),7,34,68,68,34,204,,,,,
Total,,170,340,340,170,1020,,,,,
,,,,,,,,,,,
,,,,,,,,,,,
Cutting Matrix — Lot 11694,,,,,,,,,,,
Lot Number:,11694,Style:,COLLAR + THOKA,,,,,,,,
Fabric:,LYCRA SINKAR,Garment Type:,T-SHIRT,,,,,,,,
,,,,,,,,,,,
Color,Cutting Table,M,L,XL,2XL,Total Pcs,,,,,
OFF WHITE,11,46,92,46,46,230,,,,,
ORANGE,11,47,94,47,47,235,,,,,
L.BEIGE,11,45,90,45,45,225,,,,,
BLACK,11,55,110,55,55,275,,,,,
Total,,193,386,193,193,965,,,,,
,,,,,,,,,,,
,,,,,,,,,,,
Cutting Matrix — Lot 11728,,,,,,,,,,,
Lot Number:,11728,Style:,sando,,,,,,,,
Fabric:,HEAVY COTTON,Garment Type:,T-SHIRT,,,,,,,,
,,,,,,,,,,,
Color,Cutting Table,M,L,XL,2XL,Total Pcs,,,,,
BLACK,2,31,62,31,31,155,,,,,
OFF WHITE,2,50,100,50,50,250,,,,,
WHITE,2,31,62,31,31,155,,,,,
15%,2,43,86,43,43,215,,,,,
RUST,2,32,64,32,32,160,,,,,
NEO YELLOW,2,34,68,34,34,170,,,,,
NEO GREEN,2,34,68,34,34,170,,,,,
R GREEN,2,50,100,50,50,250,,,,,
SURF,2,30,60,30,30,150,,,,,
BLACK 1,2,27,54,27,27,135,,,,,
Total,,362,724,362,362,1810,,,,,
,,,,,,,,,,,
,,,,,,,,,,,
Cutting Matrix — Lot 11731,,,,,,,,,,,
Lot Number:,11731,Style:,18-19 MOHRI,,,,,,,,
Fabric:,LILEN FABRIC,Garment Type:,TRACK SUIT + SHIRT,,,,,,,,
,,,,,,,,,,,
Color,Cutting Table,M,L,XL,2XL,Total Pcs,,,,,
BEIGE,3,35,70,35,35,175,,,,,
L GREY,3,35,70,35,35,175,,,,,
STONE,3,35,70,35,35,175,,,,,
BLACK,3,70,140,70,70,350,,,,,
KHAKHI,3,35,70,35,35,175,,,,,
PISTA,3,35,70,35,35,175,,,,,
D GREY,3,35,70,35,35,175,,,,,
OLIVE,3,35,70,35,35,175,,,,,
MOUSE,0,0,0,0,0,0,,,,,
Total,,315,630,315,315,1575,,,,,
,,,,,,,,,,,
,,,,,,,,,,,
Cutting Matrix — Lot 11720,,,,,,,,,,,
Lot Number:,11720,Style:,LOWER,,,,,,,,
Fabric:,LILEN LYCRA,Garment Type:,TRACK SUIT,,,,,,,,
,,,,,,,,,,,
Color,Cutting Table,M,L,XL,XXL,Total Pcs,,,,,
CREAM,4,30,60,30,30,150,,,,,
OFFWHITE,4,30,60,30,30,150,,,,,
STONE,4,30,60,30,30,150,,,,,
BLACK,4,60,120,60,60,300,,,,,
KHAKHI,4,30,60,30,30,150,,,,,
CAMEL,4,30,60,30,30,150,,,,,
D GREY,4,30,60,30,30,150,,,,,
Total,,240,480,240,240,1200,,,,,
,,,,,,,,,,,
,,,,,,,,,,,
Cutting Matrix — Lot 11730,,,,,,,,,,,
Lot Number:,11730,Style:,dropsholder,,,,,,,,
Fabric:,LYCRA SINKAR,Garment Type:,T-SHIRT,,,,,,,,
,,,,,,,,,,,
Color,Cutting Table,S,M,L,XL,2XL,Total Pcs,,,,
BLACK,1,63,63,63,63,63,315,,,,
CREAM,1,29,29,29,29,29,145,,,,
WHITE,1,28,28,28,28,28,140,,,,
D GREEN,1,32,32,32,32,32,160,,,,
1%,1,31,31,31,31,31,155,,,,
R GREEN,1,28,28,28,28,28,140,,,,
OLIVE,1,29,29,29,29,29,145,,,,
D GREY,1,29,29,29,29,29,145,,,,
Total,,269,269,269,269,269,1345,,,,
,,,,,,,,,,,
,,,,,,,,,,,
Cutting Matrix — Lot 11722,,,,,,,,,,,
Lot Number:,11722,Style:,tshirt coller lower 17/18 mohri,,,,,,,,
Fabric:,NR DOBBY,Garment Type:,TRACK SUIT,,,,,,,,
,,,,,,,,,,,
Color,Cutting Table,M,L,XL,2XL,Total Pcs,,,,,
SKY (BLACK),1,33,66,33,33,165,,,,,
WHITE (SKY),1,33,66,33,33,165,,,,,
GREEN (FAWN),1,33,66,33,33,165,,,,,
FAWN (GREEN),1,33,66,33,33,165,,,,,
BROWN (WHITE),1,33,66,33,33,165,,,,,
BLACK (BROWN),1,33,66,33,33,165,,,,,
Total,,198,396,198,198,990,,,,,
,,,,,,,,,,,
,,,,,,,,,,,
Cutting Matrix — Lot 11721,,,,,,,,,,,
Lot Number:,11721,Style:,tshirt coller lower 17/18 mohri,,,,,,,,
Fabric:,NR DOBBY,Garment Type:,TRACK SUIT,,,,,,,,
,,,,,,,,,,,
Color,Cutting Table,M,L,XL,2XL,Total Pcs,,,,,
SKY (BLACK),1,33,66,33,33,165,,,,,
WHITE (SKY),1,33,66,33,33,165,,,,,
GREEN (FAWN),1,33,66,33,33,165,,,,,
FAWN (GREEN),1,33,66,33,33,165,,,,,
BROWN (WHITE),1,33,66,33,33,165,,,,,
BLACK (BROWN),1,33,66,33,33,165,,,,,
Total,,198,396,198,198,990,,,,,
,,,,,,,,,,,
,,,,,,,,,,,
Cutting Matrix — Lot 11734,,,,,,,,,,,
Lot Number:,11734,Style:,18-19 MOHRI,,,,,,,,
Fabric:,LILLEN,Garment Type:,TRACKSUIT + LOWER,,,,,,,,
,,,,,,,,,,,
Color,Cutting Table,M,L,XL,2XL,Total Pcs,,,,,
CHIKU,11,30,60,30,30,150,,,,,
STONE,11,30,60,30,30,150,,,,,
KHAKHI,11,30,60,30,30,150,,,,,
MOUSE,11,30,60,30,30,150,,,,,
CREAM,11,30,60,30,30,150,,,,,
BLACK,11,60,120,60,60,300,,,,,
OLIVE,11,30,60,30,30,150,,,,,
GREY,11,30,60,30,30,150,,,,,
Total,,270,540,270,270,1350,,,,,
,,,,,,,,,,,
,,,,,,,,,,,
Cutting Matrix — Lot 11732,,,,,,,,,,,
Lot Number:,11732,Style:,18-19 MOHRI,,,,,,,,
Fabric:,LILEN LYCRA,Garment Type:,TRACK SUIT + SHIRT,,,,,,,,
,,,,,,,,,,,
Color,Cutting Table,M,L,XL,2XL,Total Pcs,,,,,
CHIKU,11,30,60,30,30,150,,,,,
STONE,11,30,60,30,30,150,,,,,
KHAKHI,11,30,60,30,30,150,,,,,
MOUSE,11,30,60,30,30,150,,,,,
CREAM,11,30,60,30,30,150,,,,,
BLACK,11,60,120,60,60,300,,,,,
OLIVE,11,30,60,30,30,150,,,,,
GREY,11,30,60,30,30,150,,,,,
Total,,270,540,270,270,1350,,,,,
,,,,,,,,,,,
,,,,,,,,,,,
Cutting Matrix — Lot 11733,,,,,,,,,,,
Lot Number:,11733,Style:,18-19 MOHRI,,,,,,,,
Fabric:,LILLEN,Garment Type:,TRACKSUIT + LOWER,,,,,,,,
,,,,,,,,,,,
Color,Cutting Table,M,L,XL,2XL,Total Pcs,,,,,
BEIGE,3,35,70,35,35,175,,,,,
L GREY,3,35,70,35,35,175,,,,,
STONE,3,35,70,35,35,175,,,,,
BLACK,3,70,140,70,70,350,,,,,
KHAKHI,3,35,70,35,35,175,,,,,
PISTA,3,35,70,35,35,175,,,,,
D GREY,3,35,70,35,35,175,,,,,
OLIVE,3,35,70,35,35,175,,,,,
Total,,315,630,315,315,1575,,,,,
,,,,,,,,,,,
,,,,,,,,,,,
Cutting Matrix — Lot 11723,,,,,,,,,,,
Lot Number:,11723,Style:,DROPSHOULDER ROUND NECK,,,,,,,,
Fabric:,HEAVY COTTON,Garment Type:,T-SHIRT,,,,,,,,
,,,,,,,,,,,
Color,Cutting Table,M,L,XL,2XL,3XL,4XL,5XL,Total Pcs,,
CREAM,3,60,120,60,60,30,30,30,390,,
15%,3,27,54,27,27,13,13,13,174,,
RUST,3,30,60,30,30,15,15,15,195,,
D GREY,3,31,62,31,31,15,15,15,200,,
D COFFEE,3,28,56,28,28,14,14,14,182,,
GREY,3,30,60,30,30,15,15,15,195,,
OLIVE,0,0,0,0,0,0,0,0,0,,
BLACK,3,83,166,83,83,41,41,41,538,,
RED,3,33,66,33,33,16,16,16,213,,
D NAVY,0,0,0,0,0,0,0,0,0,,
GREEN,3,30,60,30,30,15,15,15,195,,
OFF WHITE,3,58,116,58,58,28,28,28,374,,
ROYAL,3,29,58,29,29,14,14,14,187,,
BEIGE,3,29,58,29,29,14,14,14,187,,
Total,,468,936,468,468,230,230,230,3030,,
,,,,,,,,,,,
,,,,,,,,,,,
Cutting Matrix — Lot 76052,,,,,,,,,,,
Lot Number:,76052,Style:,full baju shirt,,,,,,,,
Fabric:,OXFORD LYCRA,Garment Type:,SHIRT,,,,,,,,
,,,,,,,,,,,
Color,Cutting Table,M,L,XL,2XL,Total Pcs,,,,,
BLACK (BLACK),7,34,68,68,34,204,,,,,
WHITE (AIR FORCE),7,34,68,68,34,204,,,,,
SKY (NAVY),7,34,68,68,34,204,,,,,
WINE (WINE),7,34,68,68,34,204,,,,,
BEIGE (CK TONE),7,34,68,68,34,204,,,,,
WHITE (WHITE),7,34,68,68,34,204,,,,,
LIGHT GREY(CHAMBRAY) (GREY),7,33,66,66,33,198,,,,,
Total,,237,474,474,237,1422,,,,,
,,,,,,,,,,,
,,,,,,,,,,,
Cutting Matrix — Lot 11741,,,,,,,,,,,
Lot Number:,11741,Style:,full baju tshirt baju folding,,,,,,,,
Fabric:,LYCRA SINKKAR,Garment Type:,T-SHIRT,,,,,,,,
,,,,,,,,,,,
Color,Cutting Table,M,L,XL,Total Pcs,,,,,,
BLACK,1,50,50,25,125,,,,,,
OFF WHITE,1,48,48,24,120,,,,,,
D COFFEE,1,50,50,25,125,,,,,,
GREEN,1,50,50,25,125,,,,,,
PISTA,1,52,50,25,127,,,,,,
D GREY,1,50,50,25,125,,,,,,
Total,,300,298,149,747,,,,,,
,,,,,,,,,,,
,,,,,,,,,,,
Cutting Matrix — Lot 11743,,,,,,,,,,,
Lot Number:,11743,Style:,full baju tshirt baju folding,,,,,,,,
Fabric:,LYCRA SINKKAR,Garment Type:,T-SHIRT,,,,,,,,
,,,,,,,,,,,
Color,Cutting Table,M,L,XL,Total Pcs,,,,,,
D BEIGE,11,46,46,23,115,,,,,,
ROYAL,11,44,44,22,110,,,,,,
NAVY,0,0,0,0,0,,,,,,
COFFEE,11,48,48,24,120,,,,,,
BLACK,11,50,50,25,125,,,,,,
AQUA,11,54,54,27,135,,,,,,
B GREEN,11,48,48,24,120,,,,,,
WHITE,11,50,50,25,125,,,,,,
Total,,340,340,170,850,,,,,,
,,,,,,,,,,,
,,,,,,,,,,,
Cutting Matrix — Lot 76048,,,,,,,,,,,
Lot Number:,76048,Style:,full baju shirt,,,,,,,,
Fabric:,CANVAS LYCRA,Garment Type:,SHIRT,,,,,,,,
,,,,,,,,,,,
Color,Cutting Table,M,L,XL,2XL,Total Pcs,,,,,
NAVY (RED),7,34,68,68,34,204,,,,,
SKY (BLACK),7,34,68,68,34,204,,,,,
BEIGE (BEIGE),7,34,68,68,34,204,,,,,
OFF WHITE (IN HOUSE),7,34,68,68,34,204,,,,,
Total,,136,272,272,136,816,,,,,
,,,,,,,,,,,
,,,,,,,,,,,
Cutting Matrix — Lot 76056,,,,,,,,,,,
Lot Number:,76056,Style:,DROP SHOULDER,,,,,,,,
Fabric:,D#9,Garment Type:,SHIRT,,,,,,,,
,,,,,,,,,,,
Color,Cutting Table,M,L,XL,2XL,Total Pcs,,,,,
BLUSH,7,25,50,25,25,125,,,,,
IVORY,7,25,50,25,25,125,,,,,
MINT,7,25,50,25,25,125,,,,,
SKY,7,25,50,25,25,125,,,,,
Total,,100,200,100,100,500,,,,,
,,,,,,,,,,,
,,,,,,,,,,,
Cutting Matrix — Lot 76059,,,,,,,,,,,
Lot Number:,76059,Style:,DROUP SHOULDER,,,,,,,,
Fabric:,D#6,Garment Type:,SHIRT,,,,,,,,
,,,,,,,,,,,
Color,Cutting Table,M,L,XL,2XL,Total Pcs,,,,,
FAWN,7,25,50,25,25,125,,,,,
OLIVE,7,24,48,24,24,120,,,,,
BLACK,7,25,50,25,25,125,,,,,
COFFEE,7,25,50,25,25,125,,,,,
Total,,99,198,99,99,495,,,,,
,,,,,,,,,,,
,,,,,,,,,,,
Cutting Matrix — Lot 61183,,,,,,,,,,,
Lot Number:,61183,Style:,REGULAR,,,,,,,,
Fabric:,Q20 CAMO,Garment Type:,LOWER,,,,,,,,
,,,,,,,,,,,
Color,Cutting Table,M,L,XL,2XL,Total Pcs,,,,,
KHAKHI [1],12,12,24,24,12,72,,,,,
D.GREY [1],12,12,24,24,12,72,,,,,
L.GREY [1],12,12,24,24,12,72,,,,,
L.OLIVE [1],12,12,24,24,12,72,,,,,
Total,,48,96,96,48,288,,,,,
,,,,,,,,,,,
,,,,,,,,,,,
Cutting Matrix — Lot 76057,,,,,,,,,,,
Lot Number:,76057,Style:,DROP SHOULDER,,,,,,,,
Fabric:,D#3,Garment Type:,SHIRT,,,,,,,,
,,,,,,,,,,,
Color,Cutting Table,M,L,XL,2XL,Total Pcs,,,,,
WINE,7,24,48,24,24,120,,,,,
SKY,7,24,48,24,24,120,,,,,
BLACK,7,25,50,25,25,125,,,,,
TAN,7,24,48,24,24,120,,,,,
Total,,97,194,97,97,485,,,,,
,,,,,,,,,,,
,,,,,,,,,,,
Cutting Matrix — Lot 76058,,,,,,,,,,,
Lot Number:,76058,Style:,DROP SHOULDER,,,,,,,,
Fabric:,D#4,Garment Type:,SHIRT,,,,,,,,
,,,,,,,,,,,
Color,Cutting Table,M,L,XL,2XL,Total Pcs,,,,,
STONE,7,25,50,25,25,125,,,,,
MOUSE,7,25,50,25,25,125,,,,,
COFFEE,7,25,50,25,25,125,,,,,
BLACK,7,24,48,24,24,120,,,,,
Total,,99,198,99,99,495,,,,,
,,,,,,,,,,,
,,,,,,,,,,,
Cutting Matrix — Lot 61182,,,,,,,,,,,
Lot Number:,61182,Style:,REGULAR,,,,,,,,
Fabric:,UK LYCRA,Garment Type:,LOWER,,,,,,,,
,,,,,,,,,,,
Color,Cutting Table,M,L,XL,2XL,Total Pcs,,,,,
BLACK [1],8,11,22,22,11,66,,,,,
L.GREY [1],8,11,22,22,11,66,,,,,
SILVER [1],8,12,24,24,12,72,,,,,
GREY [1],8,12,24,24,12,72,,,,,
M.GREY [1],8,12,24,24,12,72,,,,,
D.MOUSE [1],8,11,22,22,11,66,,,,,
BLACK 2,8,11,22,22,11,66,,,,,
BLACK 3,8,12,24,24,12,72,,,,,
Total,,92,184,184,92,552,,,,,
,,,,,,,,,,,
,,,,,,,,,,,
Cutting Matrix — Lot 11742,,,,,,,,,,,
Lot Number:,11742,Style:,full baju tshirt baju folding,,,,,,,,
Fabric:,FINE COTTON,Garment Type:,T-SHIRT,,,,,,,,
,,,,,,,,,,,
Color,Cutting Table,M,L,XL,Total Pcs,,,,,,
OFF WHITE,4,54,54,27,135,,,,,,
CREAM,4,64,64,32,160,,,,,,
RED,4,44,44,22,110,,,,,,
R GREEN,4,52,52,26,130,,,,,,
BLACK,4,58,58,29,145,,,,,,
BLUE,4,50,50,25,125,,,,,,
15%,4,80,80,40,200,,,,,,
RUST,4,52,52,26,130,,,,,,
ROYAL,4,50,50,25,125,,,,,,
Total,,504,504,252,1260,,,,,,
,,,,,,,,,,,
,,,,,,,,,,,
Cutting Matrix — Lot 61191,,,,,,,,,,,
Lot Number:,61191,Style:,LOWER,,,,,,,,
Fabric:,CRUSH TERRY,Garment Type:,LOWER,,,,,,,,
,,,,,,,,,,,
Color,Cutting Table,M,L,XL,2XL,Total Pcs,,,,,
BLACK,1,22,44,44,22,132,,,,,
SELVER,1,11,22,22,11,66,,,,,
L GREY,1,11,22,22,11,66,,,,,
GREY,1,11,22,22,11,66,,,,,
ROYAL,1,11,22,22,11,66,,,,,
Total,,66,132,132,66,396,,,,,
,,,,,,,,,,,
,,,,,,,,,,,
Cutting Matrix — Lot 11737,,,,,,,,,,,
Lot Number:,11737,Style:,16-17 MOHRI,,,,,,,,
Fabric:,LYCRA SINKKAR,Garment Type:,TRACK SUIT UPPER,,,,,,,,
,,,,,,,,,,,
Color,Cutting Table,M,L,XL,2XL,Total Pcs,,,,,
RED,13,30,60,30,30,150,,,,,
NAVY,13,30,60,30,30,150,,,,,
OFF WHITE,13,30,60,30,30,150,,,,,
CREAM,13,30,60,30,30,150,,,,,
15%,13,30,60,30,30,150,,,,,
L GREY,13,30,60,30,30,150,,,,,
Total,,180,360,180,180,900,,,,,
,,,,,,,,,,,
,,,,,,,,,,,
Cutting Matrix — Lot 11738,,,,,,,,,,,
Lot Number:,11738,Style:,16-17 MOHRI,,,,,,,,
Fabric:,LYCRA SINKKAR,Garment Type:,TRACK SUIT LOWER,,,,,,,,
,,,,,,,,,,,
Color,Cutting Table,M,L,XL,2XL,Total Pcs,,,,,
RED,13,30,60,30,30,150,,,,,
NAVY,13,30,60,30,30,150,,,,,
OFF WHITE,13,30,60,30,30,150,,,,,
CREAM,13,30,60,30,30,150,,,,,
15%,13,30,60,30,30,150,,,,,
L GREY,13,30,60,30,30,150,,,,,
Total,,180,360,180,180,900,,,,,
,,,,,,,,,,,
,,,,,,,,,,,
Cutting Matrix — Lot 11735,,,,,,,,,,,
Lot Number:,11735,Style:,16-17 MOHRI,,,,,,,,
Fabric:,LYCRA SINKKAR,Garment Type:,TRACK SUIT,,,,,,,,
,,,,,,,,,,,
Color,Cutting Table,M,L,XL,2XL,Total Pcs,,,,,
RED,2,30,60,30,30,150,,,,,
NAVY,2,30,60,30,30,150,,,,,
OFF WHITE,2,30,60,30,30,150,,,,,
15%,2,30,60,30,30,150,,,,,
B GREEN,2,30,60,30,30,150,,,,,
CREAM,2,30,60,30,30,150,,,,,
OLIVE,2,30,60,30,30,150,,,,,
Total,,210,420,210,210,1050,,,,,
,,,,,,,,,,,
,,,,,,,,,,,
Cutting Matrix — Lot 11736,,,,,,,,,,,
Lot Number:,11736,Style:,16-17 MOHRI,,,,,,,,
Fabric:,LYCRA SINKKAR,Garment Type:,TRACK SUIT,,,,,,,,
,,,,,,,,,,,
Color,Cutting Table,M,L,XL,2XL,Total Pcs,,,,,
RED,2,30,60,30,30,150,,,,,
NAVY,2,30,60,30,30,150,,,,,
OFF WHITE,2,30,60,30,30,150,,,,,
15%,2,30,60,30,30,150,,,,,
B GREEN,2,30,60,30,30,150,,,,,
CREAM,2,30,60,30,30,150,,,,,
OLIVE,2,30,60,30,30,150,,,,,
Total,,210,420,210,210,1050,,,,,
,,,,,,,,,,,
,,,,,,,,,,,
Cutting Matrix — Lot 10008,,,,,,,,,,,
Lot Number:,10008,Style:,T-SHIRT FULL BAJU,,,,,,,,
Fabric:,STRIPER,Garment Type:,T-SHIRT,,,,,,,,
,,,,,,,,,,,
Color,Cutting Table,MIX SIZE,Total Pcs,,,,,,,,
MIX SHADES [1],-,40,40,,,,,,,,
Total,,40,40,,,,,,,,
,,,,,,,,,,,
,,,,,,,,,,,
Cutting Matrix — Lot 11745,,,,,,,,,,,
Lot Number:,11745,Style:,lower,,,,,,,,
Fabric:,THREE THREAD COTTON,Garment Type:,LOWER,,,,,,,,
,,,,,,,,,,,
Color,Cutting Table,M,L,XL,Total Pcs,,,,,,
BLACK [2],1,90,90,45,225,,,,,,
WHITE [2],1,34,34,17,85,,,,,,
15% [2],1,42,42,21,105,,,,,,
CREAM [2],1,40,40,20,100,,,,,,
NAVY [2],1,42,42,21,105,,,,,,
Total,,248,248,124,620,,,,,,
,,,,,,,,,,,
,,,,,,,,,,,
Cutting Matrix — Lot 10009,,,,,,,,,,,
Lot Number:,10009,Style:,ROUNDNECK,,,,,,,,
Fabric:,HEAVY COTTON,Garment Type:,T-SHIRT R/N,,,,,,,,
,,,,,,,,,,,
Color,Cutting Table,MIX SIZE,Total Pcs,,,,,,,,
BLACK,,870,870,,,,,,,,
Total,,870,870,,,,,,,,
,,,,,,,,,,,
,,,,,,,,,,,
Cutting Matrix — Lot 76053,,,,,,,,,,,
Lot Number:,76053,Style:,drop shoulder,,,,,,,,
Fabric:,D#5,Garment Type:,SHIRT,,,,,,,,
,,,,,,,,,,,
Color,Cutting Table,M,L,XL,2XL,Total Pcs,,,,,
COFFEE,7,24,48,24,24,120,,,,,
OLIVE,7,24,48,24,24,120,,,,,
BLACK,7,23,46,23,23,115,,,,,
FAWN,7,24,48,24,24,120,,,,,
Total,,95,190,95,95,475,,,,,
,,,,,,,,,,,
,,,,,,,,,,,
Cutting Matrix — Lot 76060,,,,,,,,,,,
Lot Number:,76060,Style:,DROUP SHOULDER,,,,,,,,
Fabric:,D#7,Garment Type:,SHIRT,,,,,,,,
,,,,,,,,,,,
Color,Cutting Table,M,L,XL,2XL,Total Pcs,,,,,
MINT,7,24,48,24,24,120,,,,,
IVORY,7,24,48,24,24,120,,,,,
BLUSH,7,24,48,24,24,120,,,,,
SKY,7,24,48,24,24,120,,,,,
Total,,96,192,96,96,480,,,,,
,,,,,,,,,,,
,,,,,,,,,,,
Cutting Matrix — Lot 76063,,,,,,,,,,,
Lot Number:,76063,Style:,dropshoulder,,,,,,,,
Fabric:,D#1,Garment Type:,SHIRT,,,,,,,,
,,,,,,,,,,,
Color,Cutting Table,M,L,XL,2XL,Total Pcs,,,,,
BROWN [1],7,11,22,11,11,55,,,,,
BLACK [1],7,10,20,10,10,50,,,,,
KHAKHI [1],7,9,18,9,9,45,,,,,
MOUSE [1],7,9,18,9,9,45,,,,,
WHITE [1],7,9,18,9,9,45,,,,,
OLIVE [1],7,10,20,10,10,50,,,,,
Total,,58,116,58,58,290,,,,,
,,,,,,,,,,,
,,,,,,,,,,,
Cutting Matrix — Lot 76064,,,,,,,,,,,
Lot Number:,76064,Style:,dropshoulder,,,,,,,,
Fabric:,D#2,Garment Type:,SHIRT,,,,,,,,
,,,,,,,,,,,
Color,Cutting Table,M,L,XL,2XL,Total Pcs,,,,,
BROWN [1],7,11,22,11,11,55,,,,,
BLACK [1],7,10,20,10,10,50,,,,,
KHAKHI [1],7,11,22,11,11,55,,,,,
MOUSE [1],7,8,16,8,8,40,,,,,
WHITE [1],7,10,20,10,10,50,,,,,
OLIVE [1],7,11,22,11,11,55,,,,,
Total,,61,122,61,61,305,,,,,
,,,,,,,,,,,
,,,,,,,,,,,
Cutting Matrix — Lot 76065,,,,,,,,,,,
Lot Number:,76065,Style:,dropshoulder,,,,,,,,
Fabric:,D#4,Garment Type:,SHIRT,,,,,,,,
,,,,,,,,,,,
Color,Cutting Table,M,L,XL,2XL,Total Pcs,,,,,
BLACK [1],7,9,18,9,9,45,,,,,
BEIGE [1],7,10,20,10,10,50,,,,,
BROWN [1],7,9,18,9,9,45,,,,,
WHITE [1],7,9,18,9,9,45,,,,,
MOUSE [1],7,10,20,10,10,50,,,,,
Total,,47,94,47,47,235,,,,,
,,,,,,,,,,,
,,,,,,,,,,,
Cutting Matrix — Lot 76066,,,,,,,,,,,
Lot Number:,76066,Style:,dropshoulder,,,,,,,,
Fabric:,D#4,Garment Type:,SHIRT,,,,,,,,
,,,,,,,,,,,
Color,Cutting Table,M,L,XL,2XL,Total Pcs,,,,,
BLACK [1],7,10,20,10,10,50,,,,,
BEIGE [1],7,10,20,10,10,50,,,,,
BROWN [1],7,11,22,11,11,55,,,,,
WHITE [1],7,10,20,10,10,50,,,,,
MOUSE [1],7,10,20,10,10,50,,,,,
KHAKHI [1],7,10,20,10,10,50,,,,,
OLIVE,7,10,20,10,10,50,,,,,
Total,,71,142,71,71,355,,,,,
,,,,,,,,,,,
,,,,,,,,,,,
Cutting Matrix — Lot 10010,,,,,,,,,,,
Lot Number:,10010,Style:,t-shirt,,,,,,,,
Fabric:,20'S COTTON SINKER,Garment Type:,T-SHIRT R/N,,,,,,,,
,,,,,,,,,,,
Color,Cutting Table,M,L,XL,2XL,Total Pcs,,,,,
BLACK [1],4,39,39,39,39,156,,,,,
OFF-WHITE [1],4,45,45,45,45,180,,,,,
Total,,84,84,84,84,336,,,,,
,,,,,,,,,,,
,,,,,,,,,,,
Cutting Matrix — Lot 10011,,,,,,,,,,,
Lot Number:,10011,Style:,T-SHIRT,,,,,,,,
Fabric:,MH-LYCRA,Garment Type:,T-SHIRT,,,,,,,,
,,,,,,,,,,,
Color,Cutting Table,M,L,XL,2XL,Total Pcs,,,,,
LAVENDER [1],2,36,72,36,36,180,,,,,
GREEN [1],1,34,68,34,34,170,,,,,
FANTARE [1],1,39,78,39,39,195,,,,,
Total,,109,218,109,109,545,,,,,
,,,,,,,,,,,
,,,,,,,,,,,
Cutting Matrix — Lot 10012,,,,,,,,,,,
Lot Number:,10012,Style:,T-SHIRT,,,,,,,,
Fabric:,MH-IMPORTED,Garment Type:,SWEATSHIRT,,,,,,,,
,,,,,,,,,,,
Color,Cutting Table,M,L,XL,2XL,Total Pcs,,,,,
BEIGE [1],5,16,32,16,16,80,,,,,
BLACK [1],5,17,34,17,17,85,,,,,
Total,,33,66,33,33,165,,,,,
,,,,,,,,,,,
,,,,,,,,,,,
Cutting Matrix — Lot 10014,,,,,,,,,,,
Lot Number:,10014,Style:,NIKKER,,,,,,,,
Fabric:,SOUTH POLE BOXER,Garment Type:,NIKKER,,,,,,,,
,,,,,,,,,,,
Color,Cutting Table,L,XL,2XL,3XL,Total Pcs,,,,,
BLACK [1],3,66,66,66,66,264,,,,,
D GREY [1],3,42,42,42,42,168,,,,,
SILVER [1],3,39,39,39,39,156,,,,,
OLIVE [1],3,36,36,36,36,144,,,,,
Total,,183,183,183,183,732,,,,,
,,,,,,,,,,,
,,,,,,,,,,,
Cutting Matrix — Lot 10015,,,,,,,,,,,
Lot Number:,10015,Style:,LOWER,,,,,,,,
Fabric:,CRUSH BERRY TT,Garment Type:,LOWER,,,,,,,,
,,,,,,,,,,,
Color,Cutting Table,M,L,XL,Total Pcs,,,,,,
BLACK [1],6,72,72,36,180,,,,,,
D GREY [1],6,32,36,16,84,,,,,,
SILVER [1],6,40,44,20,104,,,,,,
NAVY [1],6,40,40,20,100,,,,,,
Total,,184,192,92,468,,,,,,
,,,,,,,,,,,
,,,,,,,,,,,
Cutting Matrix — Lot 10016,,,,,,,,,,,
Lot Number:,10016,Style:,SWEATSHIRT,,,,,,,,
Fabric:,MH IMPORTED,Garment Type:,SWEATSHIRT,,,,,,,,
,,,,,,,,,,,
Color,Cutting Table,22,24,26,28,30,32,34,36,38,Total Pcs
D NAVY [1],2,15,15,15,15,15,15,15,15,15,135
BEIGE [1],2,15,15,15,15,15,15,15,15,15,135
D PINK [1],0,0,0,0,0,0,0,0,0,0,0
RED [1],2,15,15,15,15,15,15,15,15,15,135
Total,,45,45,45,45,45,45,45,45,45,405
,,,,,,,,,,,
,,,,,,,,,,,
Cutting Matrix — Lot 10013,,,,,,,,,,,
Lot Number:,10013,Style:,LOWER,,,,,,,,
Fabric:,MH OLD FLEECE,Garment Type:,LOWER,,,,,,,,
,,,,,,,,,,,
Color,Cutting Table,M,L,XL,XXL,Total Pcs,,,,,
BLACK [1],6,12,17,12,12,53,,,,,
WINE [1],6,5,5,5,5,20,,,,,
15% [1],6,4,5,4,4,17,,,,,
NAVY [1],6,2,3,2,2,9,,,,,
Total,,23,30,23,23,99,,,,,
,,,,,,,,,,,
,,,,,,,,,,,
Cutting Matrix — Lot 10018,,,,,,,,,,,
Lot Number:,10018,Style:,T-SHIRT,,,,,,,,
Fabric:,RUGBY PATTA,Garment Type:,T-SHIRT COLLAR,,,,,,,,
,,,,,,,,,,,
Color,Cutting Table,MIX,Total Pcs,,,,,,,,
MIX SHADE [1],,499,499,,,,,,,,
Total,,499,499,,,,,,,,
,,,,,,,,,,,
,,,,,,,,,,,
Cutting Matrix — Lot 10017,,,,,,,,,,,
Lot Number:,10017,Style:,SWEATSHIRT,,,,,,,,
Fabric:,TESLA KNIT TT,Garment Type:,SWEATSHIRT,,,,,,,,
,,,,,,,,,,,
Color,Cutting Table,M,L,XL,2XL,Total Pcs,,,,,
BLACK GREY [1],5,15,15,15,15,60,,,,,
D GREY BLACK [1],5,13,13,13,13,52,,,,,
BEIGE OLIVE [1],5,6,6,6,6,24,,,,,
BROWN BEIGE [1],5,14,14,14,14,56,,,,,
Total,,48,48,48,48,192,,,,,
,,,,,,,,,,,
,,,,,,,,,,,
Cutting Matrix — Lot 10019,,,,,,,,,,,
Lot Number:,10019,Style:,LOWER,,,,,,,,
Fabric:,--,Garment Type:,LOWER,,,,,,,,
,,,,,,,,,,,
Color,Cutting Table,MIX,Total Pcs,,,,,,,,
MIX COLOUR [1],,348,348,,,,,,,,
Total,,348,348,,,,,,,,
,,,,,,,,,,,
,,,,,,,,,,,
Cutting Matrix — Lot 11747,,,,,,,,,,,
Lot Number:,11747,Style:,lower,,,,,,,,
Fabric:,THREE THREAD COTTON,Garment Type:,LOWER,,,,,,,,
,,,,,,,,,,,
Color,Cutting Table,M,L,XL,Total Pcs,,,,,,
BLACK [2],4,88,88,44,220,,,,,,
D GREEN [2],4,44,44,22,110,,,,,,
WHITE [2],4,38,38,19,95,,,,,,
15% [2],4,42,42,21,105,,,,,,
CREAM [2],4,38,38,19,95,,,,,,
NAVY [2],4,46,46,23,115,,,,,,
Total,,296,296,148,740,,,,,,
,,,,,,,,,,,
,,,,,,,,,,,
Cutting Matrix — Lot 11746,,,,,,,,,,,
Lot Number:,11746,Style:,lower,,,,,,,,
Fabric:,THREE THREAD COTTON,Garment Type:,LOWER,,,,,,,,
,,,,,,,,,,,
Color,Cutting Table,M,L,XL,Total Pcs,,,,,,
BLACK [2],3,84,84,42,210,,,,,,
KHAKHI [2],3,30,30,15,75,,,,,,
WHITE [2],3,36,36,18,90,,,,,,
15% [2],3,42,42,21,105,,,,,,
CREAM [2],3,36,36,18,90,,,,,,
NAVY [2],3,38,38,19,95,,,,,,
Total,,266,266,133,665,,,,,,
,,,,,,,,,,,
,,,,,,,,,,,
Cutting Matrix — Lot 61187,,,,,,,,,,,
Lot Number:,61187,Style:,WINDECHEATER,,,,,,,,
Fabric:,Q20 JKT,Garment Type:,JACKET,,,,,,,,
,,,,,,,,,,,
Color,Cutting Table,M,L,XL,2XL,3XL,4XL,Total Pcs,,,
COFFEE [2],8,21,42,21,21,10,5,120,,,
OLIVE [2],8,21,42,21,21,10,5,120,,,
KHAKHI [2],8,22,44,22,22,10,5,125,,,
FAWN [2],8,21,42,21,21,10,5,120,,,
Total,,85,170,85,85,40,20,485,,,
,,,,,,,,,,,
,,,,,,,,,,,
Cutting Matrix — Lot 61189,,,,,,,,,,,
Lot Number:,61189,Style:,WINDECHEATER,,,,,,,,
Fabric:,Q20 JKT,Garment Type:,JACKET,,,,,,,,
,,,,,,,,,,,
Color,Cutting Table,M,L,XL,2XL,3XL,4XL,Total Pcs,,,
COFFEE [2],12,22,44,22,22,10,5,125,,,
OLIVE [2],12,22,44,22,22,10,5,125,,,
KHAKHI [2],12,22,44,22,22,10,5,125,,,
FAWN [2],12,21,42,21,21,10,5,120,,,
Total,,87,174,87,87,40,20,495,,,
,,,,,,,,,,,
,,,,,,,,,,,
Cutting Matrix — Lot 61190,,,,,,,,,,,
Lot Number:,61190,Style:,WINDECHEATER,,,,,,,,
Fabric:,Q20 JKT,Garment Type:,JACKET,,,,,,,,
,,,,,,,,,,,
Color,Cutting Table,M,L,XL,2XL,3XL,4XL,Total Pcs,,,
COFFEE [2],9,22,44,22,22,10,5,125,,,
OLIVE [2],9,22,44,22,22,10,5,125,,,
KHAKHI [2],9,22,44,22,22,10,5,125,,,
FAWN [2],9,22,44,22,22,10,5,125,,,
Total,,88,176,88,88,40,20,500,,,
,,,,,,,,,,,
,,,,,,,,,,,
Cutting Matrix — Lot 61188,,,,,,,,,,,
Lot Number:,61188,Style:,WINDECHEATER,,,,,,,,
Fabric:,Q20 JKT,Garment Type:,JACKET,,,,,,,,
,,,,,,,,,,,
Color,Cutting Table,M,L,XL,2XL,3XL,4XL,Total Pcs,,,
COFFEE [2],15,22,44,22,22,10,5,125,,,
OLIVE [2],15,21,42,21,21,10,5,120,,,
KHAKHI [2],15,21,42,21,21,10,5,120,,,
FAWN [2],15,21,42,21,21,10,5,120,,,
Total,,85,170,85,85,40,20,485,,,
,,,,,,,,,,,
,,,,,,,,,,,
Cutting Matrix — Lot 73054,,,,,,,,,,,
Lot Number:,73054,Style:,s.s regular pattern,,,,,,,,
Fabric:,TWILL PRINT,Garment Type:,TRACK SUIT UPPER,,,,,,,,
,,,,,,,,,,,
Color,Cutting Table,M,L,XL,2XL,3XL,4XL,5XL,Total Pcs,,
BLACK,15,22,22,44,22,10,10,5,135,,
GREY,15,22,22,44,22,10,10,5,135,,
STONE,15,22,22,44,22,10,10,5,135,,
BEIGE,15,22,22,44,22,10,10,5,135,,
COFFEE,0,0,0,0,0,0,0,0,0,,
FAWN,0,0,0,0,0,0,0,0,0,,
Total,,88,88,176,88,40,40,20,540,,
,,,,,,,,,,,
,,,,,,,,,,,
Cutting Matrix — Lot 73055,,,,,,,,,,,
Lot Number:,73055,Style:,s.s regular pattern,,,,,,,,
Fabric:,TWILL PRINT,Garment Type:,TRACK SUIT LOWER,,,,,,,,
,,,,,,,,,,,
Color,Cutting Table,M,L,XL,2XL,3XL,4XL,5XL,Total Pcs,,
BLACK,15,22,22,44,22,,,,110,,
GREY,15,22,22,44,22,,,,110,,
STONE,15,22,22,44,22,,,,110,,
BEIGE,15,22,22,44,22,,,,110,,
COFFEE,0,0,0,0,0,0,0,0,0,,
FAWN,0,0,0,0,0,0,0,0,0,,
Total,,88,88,176,88,0,0,0,440,,
,,,,,,,,,,,
,,,,,,,,,,,
Cutting Matrix — Lot 73056,,,,,,,,,,,
Lot Number:,73056,Style:,WINDCHEATER TRACKSUIT,,,,,,,,
Fabric:,ROADSTAR,Garment Type:,LOWER,,,,,,,,
,,,,,,,,,,,
Color,Cutting Table,M,L,XL,2XL,3XL,4XL,5XL,Total Pcs,,
GREY,8,21,21,42,21,,,,105,,
BLACK,8,20,20,40,20,,,,100,,
BEIGE,8,26,26,52,26,,,,130,,
KHAKHI (Q20),0,0,0,0,0,0,0,0,0,,
OLIVE (Q20),0,0,0,0,0,0,0,0,0,,
Total,,67,67,134,67,0,0,0,335,,
,,,,,,,,,,,
,,,,,,,,,,,
Cutting Matrix — Lot 76067,,,,,,,,,,,
Lot Number:,76067,Style:,full baju shirt,,,,,,,,
Fabric:,OXFORD LYCRA,Garment Type:,SHIRT,,,,,,,,
,,,,,,,,,,,
Color,Cutting Table,M,L,XL,2XL,Total Pcs,,,,,
BLACK (WHITE) [1],7,20,40,20,20,100,,,,,
NAVY (WHITE) [1],7,22,44,22,22,110,,,,,
BROWN (KHAKHI) [1],7,20,40,20,20,100,,,,,
WHITE (NAVY) [1],7,20,40,20,20,100,,,,,
L GREY (KHAKHI) [1],7,20,40,20,20,100,,,,,
KHAKHI (BROWN) [1],7,19,38,19,19,95,,,,,
CEMENT (WHITE) [1],0,0,0,0,0,0,,,,,
D.GREY,7,21,42,21,21,105,,,,,
Total,,142,284,142,142,710,,,,,
,,,,,,,,,,,
,,,,,,,,,,,
Cutting Matrix — Lot 73052,,,,,,,,,,,
Lot Number:,73052,Style:,lower,,,,,,,,
Fabric:,TWILL TERRY,Garment Type:,TRACK SUIT LOWER,,,,,,,,
,,,,,,,,,,,
Color,Cutting Table,M,L,XL,2XL,Total Pcs,,,,,
BLACK,12,48,48,96,48,240,,,,,
GREY,12,24,24,48,24,120,,,,,
BROWN,12,24,24,48,24,120,,,,,
D GREY,12,18,18,36,18,90,,,,,
BEIGE,12,24,24,48,24,120,,,,,
Total,,138,138,276,138,690,,,,,
,,,,,,,,,,,
,,,,,,,,,,,
Cutting Matrix — Lot 73051,,,,,,,,,,,
Lot Number:,73051,Style:,lower,,,,,,,,
Fabric:,TWILL TERRY,Garment Type:,TRACK SUIT UPPER,,,,,,,,
,,,,,,,,,,,
Color,Cutting Table,M,L,XL,2XL,Total Pcs,,,,,
BLACK,12,48,48,96,48,240,,,,,
GREY,12,24,24,48,24,120,,,,,
BROWN,12,24,24,48,24,120,,,,,
D GREY,12,18,18,36,18,90,,,,,
BEIGE,12,24,24,48,24,120,,,,,
Total,,138,138,276,138,690,,,,,
,,,,,,,,,,,
,,,,,,,,,,,
Cutting Matrix — Lot 73050,,,,,,,,,,,
Lot Number:,73050,Style:,WINDCHEATER TRACKSUIT,,,,,,,,
Fabric:,UK LYCRA,Garment Type:,LOWER,,,,,,,,
,,,,,,,,,,,
Color,Cutting Table,M,L,XL,2XL,3XL,4XL,5XL,Total Pcs,,
BLACK (D GREY),9,25,25,50,25,,,,125,,
SAGE (KHAKHI),9,25,25,50,25,,,,125,,
FAWN (GREEN),9,25,25,50,25,,,,125,,
M GREY (SILVER),9,25,25,50,25,,,,125,,
COFFEE (KHAKHI),9,25,25,50,25,,,,125,,
BLACK (SAGE),9,25,25,50,25,,,,125,,
Total,,150,150,300,150,0,0,0,750,,
,,,,,,,,,,,
,,,,,,,,,,,
Cutting Matrix — Lot 73049,,,,,,,,,,,
Lot Number:,73049,Style:,WINDCHEATER TRACKSUIT,,,,,,,,
Fabric:,UK LYCRA,Garment Type:,JACKET,,,,,,,,
,,,,,,,,,,,
Color,Cutting Table,M,L,XL,2XL,3XL,4XL,5XL,Total Pcs,,
BLACK (D GREY),9,25,25,50,25,10,10,5,150,,
SAGE (KHAKHI),9,25,25,50,25,10,10,5,150,,
FAWN (GREEN),9,25,25,50,25,10,10,5,150,,
M GREY (SILVER),9,25,25,50,25,10,10,5,150,,
COFFEE (KHAKHI),9,25,25,50,25,10,10,5,150,,
BLACK (SAGE),9,25,25,50,25,10,10,5,150,,
Total,,150,150,300,150,60,60,30,900,,
,,,,,,,,,,,
,,,,,,,,,,,
Cutting Matrix — Lot 76062,,,,,,,,,,,
Lot Number:,76062,Style:,full baju,,,,,,,,
Fabric:,OXFORD LYCRA,Garment Type:,SHIRT,,,,,,,,
,,,,,,,,,,,
Color,Cutting Table,M,L,XL,2XL,Total Pcs,,,,,
OLIVE (KHAKHI) [1],7,26,52,26,26,130,,,,,
NAVY (WHITE) [1],7,26,52,26,26,130,,,,,
KHAKHI (OLIVE) [1],7,26,52,26,26,130,,,,,
WHITE (NAVY) [1],7,26,52,26,26,130,,,,,
Total,,104,208,104,104,520,,,,,
,,,,,,,,,,,
,,,,,,,,,,,
Cutting Matrix — Lot 76068,,,,,,,,,,,
Lot Number:,76068,Style:,full baju shirt,,,,,,,,
Fabric:,OXFORD LYCRA,Garment Type:,SHIRT,,,,,,,,
,,,,,,,,,,,
Color,Cutting Table,M,L,XL,2XL,Total Pcs,,,,,
BLACK [2],7,30,60,30,30,150,,,,,
WHITE [2],7,40,80,40,40,200,,,,,
CREAM [2],7,45,90,45,45,225,,,,,
Total,,115,230,115,115,575,,,,,
,,,,,,,,,,,
,,,,,,,,,,,
Cutting Matrix — Lot 11739,,,,,,,,,,,
Lot Number:,11739,Style:,full baju tshirt baju folding,,,,,,,,
Fabric:,LYCRA SINKKAR,Garment Type:,T-SHIRT,,,,,,,,
,,,,,,,,,,,
Color,Cutting Table,M,L,XL,Total Pcs,,,,,,
RED,1,60,60,30,150,,,,,,
NAVY,1,60,60,30,150,,,,,,
OFF WHITE,1,60,60,30,150,,,,,,
15%,1,60,60,30,150,,,,,,
L OLIVE,1,58,58,29,145,,,,,,
GREEN,1,28,28,14,70,,,,,,
CREAM,1,56,56,28,140,,,,,,
Total,,382,382,191,955,,,,,,
,,,,,,,,,,,
,,,,,,,,,,,
Cutting Matrix — Lot 10020,,,,,,,,,,,
Lot Number:,10020,Style:,LOWER,,,,,,,,
Fabric:,MIX FABRIC,Garment Type:,LOWER,,,,,,,,
,,,,,,,,,,,
Color,Cutting Table,MIX,Total Pcs,,,,,,,,
MIX SHADES [1],,1048,1048,,,,,,,,
Total,,1048,1048,,,,,,,,
,,,,,,,,,,,
,,,,,,,,,,,
Cutting Matrix — Lot 10021,,,,,,,,,,,
Lot Number:,10021,Style:,NIKKER,,,,,,,,
Fabric:,MIX FABRIC,Garment Type:,NIKKER,,,,,,,,
,,,,,,,,,,,
Color,Cutting Table,MIX,Total Pcs,,,,,,,,
MIX SHADE [1],,340,340,,,,,,,,
Total,,340,340,,,,,,,,
,,,,,,,,,,,
,,,,,,,,,,,
Cutting Matrix — Lot 76069,,,,,,,,,,,
Lot Number:,76069,Style:,full baju,,,,,,,,
Fabric:,OXFORD PIN STRIPE,Garment Type:,SHIRT,,,,,,,,
,,,,,,,,,,,
Color,Cutting Table,M,L,XL,2XL,Total Pcs,,,,,
GREY [2],7,29,58,29,29,145,,,,,
N BLUE [2],7,29,58,29,29,145,,,,,
GREEN [2],7,29,58,29,29,145,,,,,
ORANGE [2],7,30,60,30,30,150,,,,,
RED [2],7,30,60,30,30,150,,,,,
BLACK [2],7,29,58,29,29,145,,,,,
SKY [2],7,28,56,28,28,140,,,,,
Total,,204,408,204,204,1020,,,,,
,,,,,,,,,,,
,,,,,,,,,,,
Cutting Matrix — Lot 76070,,,,,,,,,,,
Lot Number:,76070,Style:,full baju,,,,,,,,
Fabric:,OXFORD PIN STRIPE,Garment Type:,SHIRT,,,,,,,,
,,,,,,,,,,,
Color,Cutting Table,M,L,XL,2XL,Total Pcs,,,,,
GREY [2],7,28,56,28,28,140,,,,,
N BLUE [2],7,30,60,30,30,150,,,,,
GREEN [2],7,29,58,29,29,145,,,,,
ORANGE [2],7,29,58,29,29,145,,,,,
RED [2],7,29,58,29,29,145,,,,,
BLACK [2],7,30,60,30,30,150,,,,,
SKY [2],7,27,54,27,27,135,,,,,
Total,,202,404,202,202,1010,,,,,
,,,,,,,,,,,
,,,,,,,,,,,
Cutting Matrix — Lot 10022,,,,,,,,,,,
Lot Number:,10022,Style:,ROUNDNECK,,,,,,,,
Fabric:,RFD,Garment Type:,T-SHIRT R/N,,,,,,,,
,,,,,,,,,,,
Color,Cutting Table,MIX,Total Pcs,,,,,,,,
MIX SHADE [1],,312,312,,,,,,,,
Total,,312,312,,,,,,,,
,,,,,,,,,,,
,,,,,,,,,,,
Cutting Matrix — Lot 73053,,,,,,,,,,,
Lot Number:,73053,Style:,FULL ZIPPER (MONKEY HOOD) . WINDCHEATER TRACKSUIT,,,,,,,,
Fabric:,ROADSTAR,Garment Type:,JACKET,,,,,,,,
,,,,,,,,,,,
Color,Cutting Table,M,L,XL,2XL,3XL,4XL,5XL,Total Pcs,,
GREY,8,21,21,42,21,10,10,5,130,,
BLACK,8,20,20,40,20,10,10,5,125,,
BEIGE,8,26,52,26,26,10,10,5,155,,
KHAKHI (Q20),0,0,0,0,0,0,0,0,0,,
OLIVE (Q20),0,0,0,0,0,0,0,0,0,,
Total,,67,93,108,67,30,30,15,410,,
,,,,,,,,,,,
,,,,,,,,,,,
Cutting Matrix — Lot 11744,,,,,,,,,,,
Lot Number:,11744,Style:,coller tshirt,,,,,,,,
Fabric:,LYCRA PATTA,Garment Type:,T-SHIRT,,,,,,,,
,,,,,,,,,,,
Color,Cutting Table,M,L,XL,Total Pcs,,,,,,
CREAM BLACK [2],1,44,44,22,110,,,,,,
BLACK CREAM [1],1,38,38,19,95,,,,,,
NAVY COFFEE [1],2,27,28,14,69,,,,,,
NAVY-BEIGE,3,64,64,32,160,,,,,,
RED-CREAM,3,44,44,22,110,,,,,,
NAVY-RED,3,32,32,16,80,,,,,,
SKY-RED,3,24,24,12,60,,,,,,
BLACK-GREEN,3,24,24,12,60,,,,,,
NAVY-WHITE,2,100,100,50,250,,,,,,
NAVY-COFFEE,1,12,12,6,30,,,,,,
ORANGE-WHITE,1,24,24,12,60,,,,,,
PINK-RED,1,26,26,13,65,,,,,,
RED-OFF WHITE,4,76,76,38,190,,,,,,
YELLOW-ROYAL,11,34,34,17,85,,,,,,
WHITE,11,45,45,22,112,,,,,,
RED,11,33,33,16,82,,,,,,
SKY WHITE,11,22,22,11,55,,,,,,
RED-NAVY,0,0,0,0,0,,,,,,
OFF WHITE/GREEN,0,0,0,0,0,,,,,,
RED/BLACK,0,0,0,0,0,,,,,,
RED/NAVY,0,0,0,0,0,,,,,,
Total,,669,670,334,1673,,,,,,
,,,,,,,,,,,
,,,,,,,,,,,
,,,,,,,,,,,
,,,,,,,,,,,
,,,,,,,,,,,
Cutting Matrix — Lot 61195,,,,,,,,,,,
Lot Number:,61195,Style:,REGULAR,,,,,,,,
Fabric:,TRENDY PRINT,Garment Type:,LOWER,,,,,,,,
,,,,,,,,,,,
Color,Cutting Table,M,L,XL,XXL,Total Pcs,,,,,
GREY [2],8,18,36,36,18,108,,,,,
AQUA [2],8,10,20,20,10,60,,,,,
GREY,0,0,0,0,0,0,,,,,
BROWN [2],8,20,40,40,20,120,,,,,
BEIGE [2],8,9,18,18,9,54,,,,,
Total,,57,114,114,57,342,,,,,
,,,,,,,,,,,
,,,,,,,,,,,
Cutting Matrix — Lot 76071,,,,,,,,,,,
Lot Number:,76071,Style:,full baju,,,,,,,,
Fabric:,POPLINE LINING,Garment Type:,SHIRT,,,,,,,,
,,,,,,,,,,,
Color,Cutting Table,M,L,XL,2XL,Total Pcs,,,,,
GREEN [2],7,33,69,33,33,168,,,,,
ORANGE [2],7,31,63,31,31,156,,,,,
SKY [2],7,30,63,30,30,153,,,,,
ROYAL [2],7,46,92,46,46,230,,,,,
RED [2],7,30,62,30,30,152,,,,,
BLUE [2],7,31,64,31,31,157,,,,,
GREY [2],7,33,66,33,33,165,,,,,
FIROZI [2],7,30,60,31,30,151,,,,,
Total,,264,539,265,264,1332,,,,,
,,,,,,,,,,,
,,,,,,,,,,,
,,,,,,,,,,,
,,,,,,,,,,,
,,,,,,,,,,,
,,,,,,,,,,,
,,,,,,,,,,,
,,,,,,,,,,,
,,,,,,,,,,,
,,,,,,,,,,,
,,,,,,,,,,,
,,,,,,,,,,,
,,,,,,,,,,,
,,,,,,,,,,,
,,,,,,,,,,,
,,,,,,,,,,,
,,,,,,,,,,,
,,,,,,,,,,,
,,,,,,,,,,,
,,,,,,,,,,,
,,,,,,,,,,,
Cutting Matrix — Lot 61193,,,,,,,,,,,
Lot Number:,61193,Style:,REGULAR,,,,,,,,
Fabric:,UK LYCRA,Garment Type:,LOWER,,,,,,,,
,,,,,,,,,,,
Color,Cutting Table,M,L,XL,2XL,Total Pcs,,,,,
BLACK [1],15,22,44,44,22,132,,,,,
L. FAWN [1],15,11,22,22,11,66,,,,,
L. GREY [1],15,11,22,22,11,66,,,,,
D. MOUSE [1],15,11,22,22,11,66,,,,,
PEACOCK [1],15,14,28,28,14,84,,,,,
Total,,69,138,138,69,414,,,,,
,,,,,,,,,,,
,,,,,,,,,,,
Cutting Matrix — Lot 61196,,,,,,,,,,,
Lot Number:,61196,Style:,REGULAR,,,,,,,,
Fabric:,TRENDY PRINT,Garment Type:,LOWER,,,,,,,,
,,,,,,,,,,,
Color,Cutting Table,M,L,XL,XXL,Total Pcs,,,,,
AQUA [2],8,22,44,44,22,132,,,,,
L. GREY [2],8,24,48,48,24,144,,,,,
BROWN,8,22,44,44,22,132,,,,,
GREY [2],8,22,44,44,22,132,,,,,
Total,,90,180,180,90,540,,,,,
,,,,,,,,,,,
,,,,,,,,,,,
Cutting Matrix — Lot 61192,,,,,,,,,,,
Lot Number:,61192,Style:,CHINESE FIT,,,,,,,,
Fabric:,UK LYCRA,Garment Type:,LOWER,,,,,,,,
,,,,,,,,,,,
Color,Cutting Table,M,L,XL,Total Pcs,,,,,,
SAGA [1],15,32,32,16,80,,,,,,
SILVER [1],15,24,24,12,60,,,,,,
BLACK [1],15,48,48,24,120,,,,,,
L.GREY [1],15,24,24,12,60,,,,,,
L. FAWN [1],15,24,24,12,60,,,,,,
Total,,152,152,76,380,,,,,,
,,,,,,,,,,,
,,,,,,,,,,,
Cutting Matrix — Lot 61197,,,,,,,,,,,
Lot Number:,61197,Style:,CHINESE FIT,,,,,,,,
Fabric:,TWILL PRINT,Garment Type:,LOWER,,,,,,,,
,,,,,,,,,,,
Color,Cutting Table,M,L,XL,Total Pcs,,,,,,
BLACK [1],8,24,24,12,60,,,,,,
GREY [1],8,24,24,12,60,,,,,,
STONE [1],8,24,24,12,60,,,,,,
BEIGE [1],8,24,24,12,60,,,,,,
Total,,96,96,48,240,,,,,,
,,,,,,,,,,,
,,,,,,,,,,,
Cutting Matrix — Lot 61198,,,,,,,,,,,
Lot Number:,61198,Style:,CHINESE FIT,,,,,,,,
Fabric:,ROADSTAR PRINT,Garment Type:,LOWER,,,,,,,,
,,,,,,,,,,,
Color,Cutting Table,M,L,XL,Total Pcs,,,,,,
GREY [1],8,14,14,7,35,,,,,,
BLACK [1],8,18,18,9,45,,,,,,
BEIGE [1],8,14,14,7,35,,,,,,
Total,,46,46,23,115,,,,,,
,,,,,,,,,,,
,,,,,,,,,,,
Cutting Matrix — Lot 76072,,,,,,,,,,,
Lot Number:,76072,Style:,full zipper,,,,,,,,
Fabric:,COOL CVRY,Garment Type:,SHIRT,,,,,,,,
,,,,,,,,,,,
Color,Cutting Table,M,L,XL,2XL,Total Pcs,,,,,
WHITE [2],7,18,36,18,18,90,,,,,
BLACK [2],7,22,44,22,22,110,,,,,
IVORY [2],7,20,40,20,20,100,,,,,
L GREY [2],7,21,42,21,21,105,,,,,
OLIVE [2],7,20,40,20,20,100,,,,,
COFFEE [2],7,18,36,18,18,90,,,,,
D NAVY [2],7,19,38,19,19,95,,,,,
Total,,138,276,138,138,690,,,,,
,,,,,,,,,,,
,,,,,,,,,,,
Cutting Matrix — Lot 76073,,,,,,,,,,,
Lot Number:,76073,Style:,full zipper,,,,,,,,
Fabric:,COOL CVRY,Garment Type:,SHIRT,,,,,,,,
,,,,,,,,,,,
Color,Cutting Table,M,L,XL,2XL,Total Pcs,,,,,
WHITE [2],7,36,72,36,36,180,,,,,
BLACK [2],7,46,92,46,46,230,,,,,
BEIGE [2],7,36,72,36,36,180,,,,,
STATE [2],7,40,80,40,40,200,,,,,
PISTA [2],7,39,78,39,39,195,,,,,
SAGE [2],7,37,74,37,37,185,,,,,
D NAVY [2],7,38,76,38,38,190,,,,,
Total,,272,544,272,272,1360,,,,,
,,,,,,,,,,,
,,,,,,,,,,,
Cutting Matrix — Lot 73058,,,,,,,,,,,
Lot Number:,73058,Style:,WINDECHEATER,,,,,,,,
Fabric:,J T 500,Garment Type:,JACKET,,,,,,,,
,,,,,,,,,,,
Color,Cutting Table,M,L,XL,2XL,3XL,4XL,5XL,Total Pcs,,
NAVY [2],8,23,23,46,23,10,10,5,140,,
BEIGE [2],8,24,24,48,24,10,10,5,145,,
FOREST [2],8,23,23,46,23,10,10,5,140,,
ROYAL [2],8,23,23,46,23,10,10,5,140,,
GREY [2],8,23,23,46,23,10,10,5,140,,
Total,,116,116,232,116,50,50,25,705,,
,,,,,,,,,,,
,,,,,,,,,,,
Cutting Matrix — Lot 73059,,,,,,,,,,,
Lot Number:,73059,Style:,WINDECHEATER,,,,,,,,
Fabric:,Q20,Garment Type:,JACKET,,,,,,,,
,,,,,,,,,,,
Color,Cutting Table,M,L,XL,2XL,Total Pcs,,,,,
KHAKI [2],15,26,26,52,26,130,,,,,
D GREY [2],15,20,20,40,20,100,,,,,
L GREY [2],15,25,25,50,25,125,,,,,
OLIVE [2],15,25,25,50,25,125,,,,,
Total,,96,96,192,96,480,,,,,
,,,,,,,,,,,
,,,,,,,,,,,
Cutting Matrix — Lot 73061,,,,,,,,,,,
Lot Number:,73061,Style:,WINDECHEATER,,,,,,,,
Fabric:,TWILL PRINT,Garment Type:,TRACK SUIT LOWER,,,,,,,,
,,,,,,,,,,,
Color,Cutting Table,M,L,XL,2XL,3XL,4XL,5XL,Total Pcs,,
BLACK [2],9,25,25,50,25,,,,125,,
GREY [2],9,25,25,50,25,,,,125,,
STONE [2],9,25,25,50,25,,,,125,,
BEIGE [2],9,25,25,50,25,,,,125,,
Total,,100,100,200,100,0,0,0,500,,
,,,,,,,,,,,
,,,,,,,,,,,
Cutting Matrix — Lot 73060,,,,,,,,,,,
Lot Number:,73060,Style:,WINDECHEATER,,,,,,,,
Fabric:,TWILL PRINT,Garment Type:,TRACK SUIT UPPER,,,,,,,,
,,,,,,,,,,,
Color,Cutting Table,M,L,XL,2XL,3XL,4XL,5XL,Total Pcs,,
BLACK [2],9,25,25,50,25,10,10,5,150,,
GREY [2],9,25,25,50,25,10,10,5,150,,
STONE [2],9,25,25,50,25,10,10,5,150,,
BEIGE [2],9,25,25,50,25,10,10,5,150,,
Total,,100,100,200,100,40,40,20,600,,
,,,,,,,,,,,
,,,,,,,,,,,
Cutting Matrix — Lot 73057,,,,,,,,,,,
Lot Number:,73057,Style:,WINDECHEATER,,,,,,,,
Fabric:,J T 500,Garment Type:,JACKET,,,,,,,,
,,,,,,,,,,,
Color,Cutting Table,M,L,XL,2XL,3XL,4XL,5XL,Total Pcs,,
FAWN (OFF WHITE) [2],8,25,25,50,25,10,10,5,150,,
OLIVE (D FAWN) [2],8,26,26,52,26,10,10,5,155,,
RED (OFF WHITE) [2],8,25,25,50,25,10,10,5,150,,
OFF WHITE (NAVY) [2],8,25,25,50,25,10,10,5,150,,
NAVY (OFF WHITE) [2],8,25,25,50,25,10,10,5,150,,
Total,,126,126,252,126,50,50,25,755,,
,,,,,,,,,,,
,,,,,,,,,,,
Cutting Matrix — Lot 11753,,,,,,,,,,,
Lot Number:,11753,Style:,COLLAR + THOKA,,,,,,,,
Fabric:,JYOTI LYCRA PATTA,Garment Type:,T-SHIRT,,,,,,,,
,,,,,,,,,,,
Color,Cutting Table,M,L,XL,Total Pcs,,,,,,
STEEL-WHITE [3],0,0,0,0,0,,,,,,
WHITE-OLIVE [3],0,0,0,0,0,,,,,,
WINE-WHITE [3],3,80,80,40,200,,,,,,
SKY-WHITE [3],0,0,0,0,0,,,,,,
WHITE-SKY [3],3,78,78,39,195,,,,,,
ORANGE -WHITE [3],4,130,130,65,325,,,,,,
NAVY-WHITE [3],3,80,80,40,200,,,,,,
NAVY-RED [3],13,84,84,42,210,,,,,,
NAVY-YELLOW,13,80,80,39,199,,,,,,
CREAM-WINE,1,78,78,39,195,,,,,,
WHITE-CREAM,2,88,88,41,217,,,,,,
GREY-WHITE,2,80,80,41,201,,,,,,
ROYAL,13,40,40,20,100,,,,,,
D.GREY,2,76,76,40,192,,,,,,
NAVY/RED,2,81,84,43,208,,,,,,
WHITE-GREEN,1,106,106,53,265,,,,,,
OFFWHITE-GREY,1,80,80,40,200,,,,,,
CREAM-RED,1,104,104,52,260,,,,,,
CREAM/WINE,1,120,120,70,310,,,,,,
Total,,1385,1388,704,3477,,,,,,
,,,,,,,,,,,
,,,,,,,,,,,
,,,,,,,,,,,
,,,,,,,,,,,
,,,,,,,,,,,
,,,,,,,,,,,
,,,,,,,,,,,
,,,,,,,,,,,
,,,,,,,,,,,
,,,,,,,,,,,
,,,,,,,,,,,
,,,,,,,,,,,
,,,,,,,,,,,
Cutting Matrix — Lot 11759,,,,,,,,,,,
Lot Number:,11759,Style:,ROUNDNECK,,,,,,,,
Fabric:,HEAVY COTTON R.F.D,Garment Type:,T-SHIRT,,,,,,,,
,,,,,,,,,,,
Color,Cutting Table,M,L,XL,2XL,Total Pcs,,,,,
OFF WHITE [5],2,100,100,50,50,300,,,,,
OFF WHITE 1,2,100,100,50,50,300,,,,,
OFF WHITE 2,2,100,100,50,50,300,,,,,
OFF WHITE 3,2,100,100,50,50,300,,,,,
OFF WHITE 4,2,100,100,50,50,300,,,,,
OFF WHITE 5,2,100,100,50,50,300,,,,,
OFF WHITE 6,2,100,100,50,50,300,,,,,
OFF WHITE 7,2,100,100,50,50,300,,,,,
OFF WHITE 8,2,100,100,50,50,300,,,,,
OFF WHITE 9,2,100,100,50,50,300,,,,,
OFF WHITE 10,2,100,100,50,50,300,,,,,
OFF WHITE 11,2,100,100,50,50,300,,,,,
Total,,1200,1200,600,600,3600,,,,,
,,,,,,,,,,,
,,,,,,,,,,,
,,,,,,,,,,,
Cutting Matrix — Lot 11758,,,,,,,,,,,
Lot Number:,11758,Style:,round neck,,,,,,,,
Fabric:,HEAVY COTTON,Garment Type:,T-SHIRT,,,,,,,,
,,,,,,,,,,,
Color,Cutting Table,M,L,XL,Total Pcs,,,,,,
WHITE [3],13,68,68,34,170,,,,,,
BLACK [3],13,70,70,35,175,,,,,,
CREAM [3],13,66,66,33,165,,,,,,
D GREY [3],13,78,78,39,195,,,,,,
COFFEE [3],13,72,72,36,180,,,,,,
15% [3],13,56,56,28,140,,,,,,
GREEN [3],13,70,70,35,175,,,,,,
RED [3],13,70,70,35,175,,,,,,
SURF [3],13,66,66,33,165,,,,,,
GREY [3],13,72,72,36,180,,,,,,
ROYAL [3],13,70,70,35,175,,,,,,
BEIGE [3],13,70,70,35,175,,,,,,
Total,,828,828,414,2070,,,,,,
,,,,,,,,,,,
,,,,,,,,,,,
Cutting Matrix — Lot 76075,,,,,,,,,,,
Lot Number:,76075,Style:,full baju,,,,,,,,
Fabric:,OXFORD LYCRA,Garment Type:,SHIRT,,,,,,,,
,,,,,,,,,,,
Color,Cutting Table,M,L,XL,2XL,Total Pcs,,,,,
WHITE [1],7,15,30,15,15,75,,,,,
WHITE [2],7,30,60,30,30,150,,,,,
BLACK [1],7,16,32,16,16,80,,,,,
BLACK [2],7,31,62,31,31,155,,,,,
SKY [2],7,32,64,32,32,160,,,,,
PISTA [2],7,30,60,30,30,150,,,,,
BEIGE [2],7,29,58,29,29,145,,,,,
CEMENT [2],7,26,52,26,26,130,,,,,
Total,,209,418,209,209,1045,,,,,
,,,,,,,,,,,
,,,,,,,,,,,
Cutting Matrix — Lot 73063,,,,,,,,,,,
Lot Number:,73063,Style:,FULL ZIPPER COLLAR,,,,,,,,
Fabric:,Q18,Garment Type:,JACKET,,,,,,,,
,,,,,,,,,,,
Color,Cutting Table,M,L,XL,2XL,Total Pcs,,,,,
L GREY [2],8,25,50,25,25,125,,,,,
BLACK [2],8,50,100,50,50,250,,,,,
BEIGE [2],8,25,50,25,25,125,,,,,
OLIVE [2],8,25,50,25,25,125,,,,,
D GREY [2],8,13,26,13,13,65,,,,,
Total,,138,276,138,138,690,,,,,
,,,,,,,,,,,
,,,,,,,,,,,
Cutting Matrix — Lot 73062,,,,,,,,,,,
Lot Number:,73062,Style:,FULL ZIPPER COLLAR,,,,,,,,
Fabric:,Q18,Garment Type:,JACKET,,,,,,,,
,,,,,,,,,,,
Color,Cutting Table,M,L,XL,2XL,Total Pcs,,,,,
OFF WHITE [2],8,25,50,25,25,125,,,,,
BLACK [2],8,50,100,50,50,250,,,,,
KHAKHI [2],8,25,50,25,25,125,,,,,
COFFEE [2],8,25,50,25,25,125,,,,,
D GREY [2],8,14,28,14,14,70,,,,,
Total,,139,278,139,139,695,,,,,
,,,,,,,,,,,
,,,,,,,,,,,
,,,,,,,,,,,
,,,,,,,,,,,
,,,,,,,,,,,
,,,,,,,,,,,
,,,,,,,,,,,
,,,,,,,,,,,
,,,,,,,,,,,
,,,,,,,,,,,
,,,,,,,,,,,
,,,,,,,,,,,
,,,,,,,,,,,
Cutting Matrix — Lot 76076,,,,,,,,,,,
Lot Number:,76076,Style:,full baju,,,,,,,,
Fabric:,OXFORD LYCRA,Garment Type:,SHIRT,,,,,,,,
,,,,,,,,,,,
Color,Cutting Table,M,L,XL,2XL,Total Pcs,,,,,
RED (WHITE) [2],7,32,64,32,32,160,,,,,
NAVY (SKY) [2],7,33,66,33,33,165,,,,,
WHITE (SKY) [2],7,34,68,34,34,170,,,,,
SKYBLUE (WHITE) [2],7,30,60,30,30,150,,,,,
PISTA (WHITE) [2],7,33,66,33,33,165,,,,,
WHITE (BLUE) [2],7,34,68,34,34,170,,,,,
BLACK (WHITE) [2],7,34,68,34,34,170,,,,,
BLACK (M GREY) [2],7,31,62,31,31,155,,,,,
Total,,261,522,261,261,1305,,,,,
,,,,,,,,,,,
,,,,,,,,,,,
Cutting Matrix — Lot 76078,,,,,,,,,,,
Lot Number:,76078,Style:,full baju,,,,,,,,
Fabric:,OXFORD LYCRA,Garment Type:,SHIRT,,,,,,,,
,,,,,,,,,,,
Color,Cutting Table,M,L,XL,2XL,Total Pcs,,,,,
BLACK [2],7,58,116,58,58,290,,,,,
WHITE [2],7,59,118,59,59,295,,,,,
FAWN [2],7,28,56,28,28,140,,,,,
GREEN [2],7,30,60,30,30,150,,,,,
NAVY [2],7,31,62,31,31,155,,,,,
SKY [2],7,29,58,29,29,145,,,,,
MEHRON [2],7,24,48,24,24,120,,,,,
Total,,259,518,259,259,1295,,,,,
,,,,,,,,,,,
,,,,,,,,,,,
Cutting Matrix — Lot 61194,,,,,,,,,,,
Lot Number:,61194,Style:,CHINESE FIT,,,,,,,,
Fabric:,TWILL PRINT,Garment Type:,LOWER,,,,,,,,
,,,,,,,,,,,
Color,Cutting Table,M,L,XL,Total Pcs,,,,,,
BLACK [1],15,24,24,12,60,,,,,,
GREY [1],15,24,24,12,60,,,,,,
STONE [1],15,24,24,12,60,,,,,,
BEIGE [1],15,24,24,12,60,,,,,,
Total,,96,96,48,240,,,,,,
,,,,,,,,,,,
,,,,,,,,,,,
Cutting Matrix — Lot 11763,,,,,,,,,,,
Lot Number:,11763,Style:,ROUNDNECK,,,,,,,,
Fabric:,MH AM HEAVY COTTON,Garment Type:,T-SHIRT,,,,,,,,
,,,,,,,,,,,
Color,Cutting Table,M,L,XL,2XL,Total Pcs,,,,,
OFF WHITE [6],2,100,100,50,50,300,,,,,
OFF WHITE 2,2,100,100,50,50,300,,,,,
OFF WHITE 3,2,100,100,50,50,300,,,,,
OFF WHITE 4,1,100,100,50,50,300,,,,,
OFF WHITE 5,1,100,100,50,50,300,,,,,
OFF WHITE 6,1,100,100,50,50,300,,,,,
OFF WHITE 7,1,100,100,50,50,300,,,,,
OFF WHITE 8,1,100,100,50,50,300,,,,,
OFF WHITE 9,1,100,100,50,50,300,,,,,
Total,,900,900,450,450,2700,,,,,
,,,,,,,,,,,
,,,,,,,,,,,
Cutting Matrix — Lot 11760,,,,,,,,,,,
Lot Number:,11760,Style:,boxy fit,,,,,,,,
Fabric:,R.F.D LOOPEER,Garment Type:,LOWER,,,,,,,,
,,,,,,,,,,,
Color,Cutting Table,M,L,XL,Total Pcs,,,,,,
OFF WHITE [4],9,60,60,30,150,,,,,,
OFF WHITE 2,9,60,60,30,150,,,,,,
OFF WHITE 3,9,60,60,30,150,,,,,,
Total,,180,180,90,450,,,,,,
,,,,,,,,,,,
,,,,,,,,,,,
Cutting Matrix — Lot 11750,,,,,,,,,,,
Lot Number:,11750,Style:,ROUNDNECK,,,,,,,,
Fabric:,LOPPER LYCRA,Garment Type:,T-SHIRT,,,,,,,,
,,,,,,,,,,,
Color,Cutting Table,M,L,XL,2XL,Total Pcs,,,,,
15% [2],4,28,56,28,28,140,,,,,
D GREY [2],4,28,56,28,28,140,,,,,
1% MILLANGE [2],4,27,54,27,27,135,,,,,
NAVY [2],4,29,58,29,29,145,,,,,
WHITE [2],4,27,54,27,27,135,,,,,
RED [2],4,29,58,29,29,145,,,,,
RUST [2],4,30,60,30,30,150,,,,,
CREAM [2],4,31,62,31,31,155,,,,,
KHAKHI [2],4,31,62,31,31,155,,,,,
COFFEE [2],4,28,56,28,28,140,,,,,
AIR FORCE [2],4,28,56,28,28,140,,,,,
LEAF GREEN [2],4,24,48,24,24,120,,,,,
SURF [2],4,28,56,28,28,140,,,,,
BLACK [2],4,29,58,29,29,145,,,,,
Total,,397,794,397,397,1985,,,,,
,,,,,,,,,,,
,,,,,,,,,,,
Cutting Matrix — Lot 11762,,,,,,,,,,,
Lot Number:,11762,Style:,lower,,,,,,,,
Fabric:,FOMA INTERLOOK,Garment Type:,LOWER,,,,,,,,
,,,,,,,,,,,
Color,Cutting Table,M,L,XL,2XL,Total Pcs,,,,,
BLACK-1 (ARMY BON) [2],9,20,40,20,20,100,,,,,
BLACK-2 (ARMY BON) [2],9,20,40,20,20,100,,,,,
BLACK-3 (ARMY BON) [2],9,20,40,20,20,100,,,,,
BLACK-4 (WHITE BON) [2],9,20,40,20,20,100,,,,,
BLACK-5 (SELF BON) [2],9,20,40,20,20,100,,,,,
BLACK-6 (TAPE) [2],9,20,40,20,20,100,,,,,
BLACK-7 (TAPE) [2],9,20,40,20,20,100,,,,,
BLACK-8 (NIKE LOGO) [2],9,17,34,17,17,85,,,,,
BLACK-9 (UNDER ARMOUR BULLS) [2],0,0,0,0,0,0,,,,,
BLACK10 (GYM SHARK) [2],0,0,0,0,0,0,,,,,
Total,,157,314,157,157,785,,,,,
,,,,,,,,,,,
,,,,,,,,,,,
Cutting Matrix — Lot 11564,,,,,,,,,,,
Lot Number:,11564,Style:,t.shirt collar,,,,,,,,
Fabric:,RUGBY STRIPER,Garment Type:,T-SHIRT,,,,,,,,
,,,,,,,,,,,
Color,Cutting Table,M,L,XL,2XL,Total Pcs,,,,,
GREY,0,0,0,0,0,0,,,,,
BEIGE,6,21,42,21,21,105,,,,,
MEHROON,1,20,40,20,20,100,,,,,
WHITE,6,21,40,21,21,103,,,,,
SKY WHITE,6,20,40,20,20,100,,,,,
GREY MANGO,1,20,40,20,20,100,,,,,
RGREEN BLACK,3,38,76,38,38,190,,,,,
SKY WINE,3,38,76,38,38,190,,,,,
NAVY,13,18,36,18,18,90,,,,,
RED-CREAM,0,0,0,0,0,0,,,,,
WHITE/BLUE,0,0,0,0,0,0,,,,,
Total,,196,390,196,196,978,,,,,
,,,,,,,,,,,
Cutting Matrix — Lot 10023,,,,,,,,,,,
Lot Number:,10023,Style:,NIKKER,,,,,,,,
Fabric:,SOUTH POLE TT,Garment Type:,NIKKER,,,,,,,,
,,,,,,,,,,,
Color,Cutting Table,MIX,Total Pcs,,,,,,,,
RUST [1],,120,120,,,,,,,,
CAMEL [1],,104,104,,,,,,,,
GREY [1],,124,124,,,,,,,,
BLACK [1],,340,340,,,,,,,,
NAVY [1],,148,148,,,,,,,,
GREEN,,111,111,,,,,,,,
Total,,947,947,,,,,,,,
,,,,,,,,,,,
Cutting Matrix — Lot 11756,,,,,,,,,,,
Lot Number:,11756,Style:,18-19 MOHRI,,,,,,,,
Fabric:,FINE COTTON,Garment Type:,TRACKSUIT UPPER,,,,,,,,
,,,,,,,,,,,
Color,Cutting Table,M,L,XL,2XL,Total Pcs,,,,,
WHITE [6],13,25,50,25,25,125,,,,,
BLACK [6],13,50,100,50,50,250,,,,,
NAVY [6],0,0,0,0,0,0,,,,,
15% [6],13,25,50,25,25,125,,,,,
CREAM [6],13,25,50,25,25,125,,,,,
SURF [6],13,25,50,25,25,125,,,,,
D GREY [6],13,25,50,25,25,125,,,,,
GREY [6],13,25,50,25,25,125,,,,,
Total,,200,400,200,200,1000,,,,,
,,,,,,,,,,,
,,,,,,,,,,,
Cutting Matrix — Lot 11757,,,,,,,,,,,
Lot Number:,11757,Style:,18-19 MOHRI,,,,,,,,
Fabric:,FINE COTTON,Garment Type:,TRACKSUIT LOWER,,,,,,,,
,,,,,,,,,,,
Color,Cutting Table,M,L,XL,2XL,Total Pcs,,,,,
WHITE [6],13,25,50,25,25,125,,,,,
BLACK [6],13,50,100,50,50,250,,,,,
NAVY [6],0,0,0,0,0,0,,,,,
15% [6],13,25,50,25,25,125,,,,,
CREAM [6],13,25,50,25,25,125,,,,,
SURF [6],13,25,50,25,25,125,,,,,
D GREY [6],13,25,50,25,25,125,,,,,
GREY [6],13,25,50,25,25,125,,,,,
Total,,200,400,200,200,1000,,,,,
,,,,,,,,,,,
,,,,,,,,,,,
Cutting Matrix — Lot 11761,,,,,,,,,,,
Lot Number:,11761,Style:,m factor,,,,,,,,
Fabric:,R.F.D LOOPEER,Garment Type:,LOWER,,,,,,,,
,,,,,,,,,,,
Color,Cutting Table,M,L,XL,Total Pcs,,,,,,
OFF WHITE [4],15,60,60,30,150,,,,,,
OFF WHITE 2,15,60,60,30,150,,,,,,
OFF WHITE 3,15,60,60,30,150,,,,,,
Total,,180,180,90,450,,,,,,
,,,,,,,,,,,
,,,,,,,,,,,
,,,,,,,,,,,
,,,,,,,,,,,
,,,,,,,,,,,
,,,,,,,,,,,
,,,,,,,,,,,
,,,,,,,,,,,
,,,,,,,,,,,
,,,,,,,,,,,
,,,,,,,,,,,
,,,,,,,,,,,
,,,,,,,,,,,
,,,,,,,,,,,
,,,,,,,,,,,
,,,,,,,,,,,
,,,,,,,,,,,
,,,,,,,,,,,
,,,,,,,,,,,
,,,,,,,,,,,
,,,,,,,,,,,
,,,,,,,,,,,
,,,,,,,,,,,
,,,,,,,,,,,
,,,,,,,,,,,
,,,,,,,,,,,
Cutting Matrix — Lot 11755,,,,,,,,,,,
Lot Number:,11755,Style:,18-19 MOHRI,,,,,,,,
Fabric:,FINE COTTON,Garment Type:,TRACK SUIT LOWER,,,,,,,,
,,,,,,,,,,,
Color,Cutting Table,M,L,XL,2XL,Total Pcs,,,,,
WHITE [6],11,32,64,32,32,160,,,,,
BLACK [6],11,56,112,56,56,280,,,,,
CREAM [6],0,0,0,0,0,0,,,,,
ROYAL [6],11,15,30,15,15,75,,,,,
15% [6],11,28,56,28,28,140,,,,,
D GREY [6],11,30,60,30,30,150,,,,,
NAVY [6],0,0,0,0,0,0,,,,,
Total,,161,322,161,161,805,,,,,
,,,,,,,,,,,
,,,,,,,,,,,
Cutting Matrix — Lot 11754,,,,,,,,,,,
Lot Number:,11754,Style:,18-19 MOHRI,,,,,,,,
Fabric:,FINE COTTON,Garment Type:,TRACK SUIT UPPER,,,,,,,,
,,,,,,,,,,,
Color,Cutting Table,M,L,XL,2XL,Total Pcs,,,,,
WHITE [6],11,32,64,32,32,160,,,,,
BLACK [6],11,56,112,56,56,280,,,,,
CREAM [6],0,0,0,0,0,0,,,,,
ROYAL [6],11,15,30,15,15,75,,,,,
15% [6],11,28,56,28,28,140,,,,,
D GREY [6],11,30,60,30,30,150,,,,,
NAVY [6],0,0,0,0,0,0,,,,,
Total,,161,322,161,161,805,,,,,
,,,,,,,,,,,
,,,,,,,,,,,
Cutting Matrix — Lot 61201,,,,,,,,,,,
Lot Number:,61201,Style:,SS-KOREAN FIT,,,,,,,,
Fabric:,TWILL TERRY GT,Garment Type:,LOWER,,,,,,,,
,,,,,,,,,,,
Color,Cutting Table,M,L,XL,XXL,Total Pcs,,,,,
BLACK [2],8,68,68,34,34,204,,,,,
BEIGE [2],8,36,36,18,18,108,,,,,
MOUSE [2],8,36,36,18,18,108,,,,,
STONE [2],8,34,34,17,17,102,,,,,
BROWN [2],8,38,38,19,19,114,,,,,
Total,,212,212,106,106,636,,,,,
,,,,,,,,,,,
,,,,,,,,,,,
Cutting Matrix — Lot 61203,,,,,,,,,,,
Lot Number:,61203,Style:,SS - CHINESE FIT,,,,,,,,
Fabric:,UK LYCRA,Garment Type:,LOWER,,,,,,,,
,,,,,,,,,,,
Color,Cutting Table,M,L,XL,Total Pcs,,,,,,
BLACK [2],8,108,108,54,270,,,,,,
L. FAWN [2],8,54,54,27,135,,,,,,
SAGA [2],8,58,58,29,145,,,,,,
CHOCO [2],8,52,52,26,130,,,,,,
KHAKHI [2],8,64,64,32,160,,,,,,
Total,,336,336,168,840,,,,,,
,,,,,,,,,,,
,,,,,,,,,,,
Cutting Matrix — Lot 11768,,,,,,,,,,,
Lot Number:,11768,Style:,ROUNDNECK,,,,,,,,
Fabric:,HEAVY COTTON RFD,Garment Type:,T-SHIRT,,,,,,,,
,,,,,,,,,,,
Color,Cutting Table,M,L,XL,2XL,Total Pcs,,,,,
OFF WHITE [5],13,100,100,50,50,300,,,,,
OFF WHITE 2,13,100,100,50,50,300,,,,,
OFF WHITE 3,13,100,100,50,50,300,,,,,
OFF WHITE 4,13,100,100,50,50,300,,,,,
OFF WHITE 5,13,100,100,50,50,300,,,,,
Total,,500,500,250,250,1500,,,,,
,,,,,,,,,,,
Cutting Matrix — Lot 76074,,,,,,,,,,,
Lot Number:,76074,Style:,full baju,,,,,,,,
Fabric:,OXFORD LYCRA,Garment Type:,SHIRT,,,,,,,,
,,,,,,,,,,,
Color,Cutting Table,M,L,XL,2XL,Total Pcs,,,,,
NAVY (WHITE) [2],7,21,42,21,21,105,,,,,
OFF WHITE (NAVY) [2],7,26,52,26,26,130,,,,,
KHAKHI (BROWN) [2],7,27,54,27,27,135,,,,,
RED (NAVY) [2],7,21,42,21,21,105,,,,,
SKY (WHITE) [2],7,21,42,21,21,105,,,,,
Total,,116,232,116,116,580,,,,,
,,,,,,,,,,,
Cutting Matrix — Lot 61207,,,,,,,,,,,
Lot Number:,61207,Style:,REGULAR FIT,,,,,,,,
Fabric:,UK LYCRA,Garment Type:,LOWER,,,,,,,,
,,,,,,,,,,,
Color,Cutting Table,M,L,XL,XXL,Total Pcs,,,,,
BLACK [1],8,13,26,26,13,78,,,,,
BLACK,8,12,24,24,12,72,,,,,
BLACK 1,8,11,22,22,11,66,,,,,
BLACK2,8,12,24,24,12,72,,,,,
BLACK 3,8,11,22,22,11,66,,,,,
BLACK 4,8,12,24,24,12,72,,,,,
BLACK 5,8,12,24,24,12,72,,,,,
BLACK 6,8,12,24,24,12,72,,,,,
BLACK 7,8,11,22,22,11,66,,,,,
BLACK8,8,11,22,22,11,66,,,,,
Total,,117,234,234,117,702,,,,,
,,,,,,,,,,,
,,,,,,,,,,,
Cutting Matrix — Lot 61205,,,,,,,,,,,
Lot Number:,61205,Style:,REGULAR FIT,,,,,,,,
Fabric:,UK LYCRA,Garment Type:,LOWER,,,,,,,,
,,,,,,,,,,,
Color,Cutting Table,M,L,XL,XXL,Total Pcs,,,,,
BLACK [1],9,12,24,24,12,72,,,,,
BLACK2,9,12,24,24,12,72,,,,,
BLACK 3,9,12,24,24,12,72,,,,,
BLACK 4,9,13,26,26,13,78,,,,,
BLACK 5,9,12,24,24,12,72,,,,,
Total,,61,122,122,61,366,,,,,
,,,,,,,,,,,
,,,,,,,,,,,
Cutting Matrix — Lot 61202,,,,,,,,,,,
Lot Number:,61202,Style:,SS - UNIQLO FIT,,,,,,,,
Fabric:,TWILL TERRY GT,Garment Type:,LOWER,,,,,,,,
,,,,,,,,,,,
Color,Cutting Table,M,L,XL,Total Pcs,,,,,,
BLACK [2],15,96,96,48,240,,,,,,
BROWN [2],15,48,48,24,120,,,,,,
STONE [2],15,44,44,22,110,,,,,,
MOUSE [2],15,48,48,24,120,,,,,,
D. GREY [2],15,48,48,24,120,,,,,,
Total,,284,284,142,710,,,,,,
,,,,,,,,,,,
,,,,,,,,,,,
Cutting Matrix — Lot 61199,,,,,,,,,,,
Lot Number:,61199,Style:,UNIQLO FIT,,,,,,,,
Fabric:,TWILL TERRY,Garment Type:,LOWER,,,,,,,,
,,,,,,,,,,,
Color,Cutting Table,M,L,XL,Total Pcs,,,,,,
BEIGE [1],15,26,26,13,65,,,,,,
MOUSE [1],15,26,26,13,65,,,,,,
D. GREY [1],15,26,26,13,65,,,,,,
BLACK [1],15,52,52,26,130,,,,,,
OLIVE [1],15,26,26,13,65,,,,,,
Total,,156,156,78,390,,,,,,
,,,,,,,,,,,
,,,,,,,,,,,
Cutting Matrix — Lot 11769,,,,,,,,,,,
Lot Number:,11769,Style:,ROUNDNECK,,,,,,,,
Fabric:,HEAVY COTTON RFD,Garment Type:,T-SHIRT,,,,,,,,
,,,,,,,,,,,
Color,Cutting Table,M,L,XL,2XL,Total Pcs,,,,,
OFF WHITE [5],4,100,100,50,50,300,,,,,
OFF WHITE,4,100,100,50,50,300,,,,,
OFF WHITE 2,4,100,100,50,50,300,,,,,
OFF WHITE 3,4,100,100,50,50,300,,,,,
OFF WHITE 4,4,100,100,50,50,300,,,,,
Total,,500,500,250,250,1500,,,,,
,,,,,,,,,,,
,,,,,,,,,,,
Cutting Matrix — Lot 11770,,,,,,,,,,,
Lot Number:,11770,Style:,ROUNDNECK,,,,,,,,
Fabric:,HEAVY COTTON RFD,Garment Type:,T-SHIRT,,,,,,,,
,,,,,,,,,,,
Color,Cutting Table,M,L,XL,2XL,Total Pcs,,,,,
OFF WHITE [5],2,100,100,50,50,300,,,,,
OFF WHITE 2,2,100,100,50,50,300,,,,,
OFF WHITE 3,2,100,100,50,50,300,,,,,
OFF WHITE 5,2,100,100,50,50,300,,,,,
OFF WHITE 4,2,100,100,50,50,300,,,,,
Total,,500,500,250,250,1500,,,,,
,,,,,,,,,,,
,,,,,,,,,,,
Cutting Matrix — Lot 11767,,,,,,,,,,,
Lot Number:,11767,Style:,ROUNDNECK,,,,,,,,
Fabric:,HEAVY COTTON RFD,Garment Type:,T-SHIRT R/N,,,,,,,,
,,,,,,,,,,,
Color,Cutting Table,M,L,XL,2XL,Total Pcs,,,,,
OFF WHITE [4],1,100,100,50,50,300,,,,,
OFF WHITE 2,1,100,100,50,50,300,,,,,
OFF WHITE 3,1,100,100,50,50,300,,,,,
OFF WHITE 4,1,100,100,50,50,300,,,,,
OFF WHITE 5,1,100,100,50,50,300,,,,,
OFF WHITE 6,1,100,100,50,50,300,,,,,
Total,,600,600,300,300,1800,,,,,
,,,,,,,,,,,
,,,,,,,,,,,
Cutting Matrix — Lot 76049,,,,,,,,,,,
Lot Number:,76049,Style:,full baju,,,,,,,,
Fabric:,OXFORD LYCRA,Garment Type:,SHIRT,,,,,,,,
,,,,,,,,,,,
Color,Cutting Table,M,L,XL,2XL,Total Pcs,,,,,
RUST (BEIGE),7,34,68,68,34,204,,,,,
SKY (NAVY),0,0,0,0,0,0,,,,,
BLACK (BLACK),7,34,68,68,34,204,,,,,
WHITE (C GREEN),7,34,68,68,34,204,,,,,
GREY (GREY),7,35,70,70,35,210,,,,,
OLIVE (LEMON),7,35,70,70,35,210,,,,,
Total,,172,344,344,172,1032,,,,,
,,,,,,,,,,,
,,,,,,,,,,,
Cutting Matrix — Lot 76079,,,,,,,,,,,
Lot Number:,76079,Style:,full baju,,,,,,,,
Fabric:,OXFORD LYCRA,Garment Type:,SHIRT,,,,,,,,
,,,,,,,,,,,
Color,Cutting Table,M,L,XL,2XL,Total Pcs,,,,,
RED (WHITE) [2],7,35,70,35,35,175,,,,,
NAVY (WHITE) [2],7,32,64,32,32,160,,,,,
WHITE (NAVY) [2],7,32,64,32,32,160,,,,,
BLACK (WHITE) [2],7,30,60,30,30,150,,,,,
BLUE (WHITE) [2],7,33,66,33,33,165,,,,,
KHAKHI (CREAM) [2],0,0,0,0,0,0,,,,,
GREY,7,31,62,31,31,155,,,,,
SKY BLUE,7,26,52,26,26,130,,,,,
Total,,219,438,219,219,1095,,,,,
,,,,,,,,,,,
,,,,,,,,,,,
Cutting Matrix — Lot 76077,,,,,,,,,,,
Lot Number:,76077,Style:,FULL ZIPPER COLLAR,,,,,,,,
Fabric:,OXFORD LYCRA,Garment Type:,SHIRT,,,,,,,,
,,,,,,,,,,,
Color,Cutting Table,M,L,XL,2XL,Total Pcs,,,,,
WHITE (SKY) [2],7,29,58,29,29,145,,,,,
BLACK (WHITE) [2],7,28,56,28,28,140,,,,,
PISTA (BEIGE) [2],7,13,26,13,13,65,,,,,
BEIGE (PISTA) [2],7,13,26,13,13,65,,,,,
NAVY (WHITE) [2],7,26,52,26,26,130,,,,,
WHITE (NAVY) [2],7,27,54,27,27,135,,,,,
BLACK (PISTA) [2],7,29,58,29,29,145,,,,,
Total,,165,330,165,165,825,,,,,
,,,,,,,,,,,
,,,,,,,,,,,
Cutting Matrix — Lot 73066,,,,,,,,,,,
Lot Number:,73066,Style:,FULL ZIPPER COLLAR,,,,,,,,
Fabric:,WINTER BLOOMING TT,Garment Type:,JACKET,,,,,,,,
,,,,,,,,,,,
Color,Cutting Table,M,L,XL,2XL,Total Pcs,,,,,
BLACK [4],8,86,86,43,43,258,,,,,
COFFEE [4],8,44,44,22,22,132,,,,,
STONE [4],8,44,44,22,22,132,,,,,
GREY [4],8,44,44,22,22,132,,,,,
CHARCOL,8,44,44,22,22,132,,,,,
Total,,262,262,131,131,786,,,,,
,,,,,,,,,,,
Cutting Matrix — Lot 73064,,,,,,,,,,,
Lot Number:,73064,Style:,FULL ZIPPER COLLAR,,,,,,,,
Fabric:,WINTER BLOOMING TT,Garment Type:,JACKET,,,,,,,,
,,,,,,,,,,,
Color,Cutting Table,M,L,XL,2XL,Total Pcs,,,,,
BLACK [4],9,72,72,36,36,216,,,,,
STONE [4],9,36,36,18,18,108,,,,,
GREY [4],9,36,36,18,18,108,,,,,
COFFEE [4],9,36,36,18,18,108,,,,,
CHARCOL,9,36,36,18,18,108,,,,,
Total,,216,216,108,108,648,,,,,
,,,,,,,,,,,
,,,,,,,,,,,
Cutting Matrix — Lot 61185,,,,,,,,,,,
Lot Number:,61185,Style:,lower,,,,,,,,
Fabric:,MH FLEES,Garment Type:,LOWER,,,,,,,,
,,,,,,,,,,,
Color,Cutting Table,M,L,XL,2XL,Total Pcs,,,,,
BLACK [2],2,22,44,22,22,110,,,,,
15% [2],2,11,22,11,11,55,,,,,
D GREY [2],2,10,23,10,10,53,,,,,
CAMEL [2],2,11,23,11,11,56,,,,,
NAVY [2],2,10,22,10,10,52,,,,,
Total,,64,134,64,64,326,,,,,
,,,,,,,,,,,
,,,,,,,,,,,
Cutting Matrix — Lot 11751,,,,,,,,,,,
Lot Number:,11751,Style:,CROSS HODDIE,,,,,,,,
Fabric:,FLEECE,Garment Type:,SWEATSHIRT,,,,,,,,
,,,,,,,,,,,
Color,Cutting Table,M,L,XL,Total Pcs,,,,,,
15% [3],10,30,30,15,75,,,,,,
BLACK [3],10,20,20,10,50,,,,,,
CREAM [3],10,32,32,16,80,,,,,,
RUST [3],10,30,30,15,75,,,,,,
WHITE [3],10,32,32,16,80,,,,,,
D GREY [3],10,32,32,16,80,,,,,,
NAVY [3],10,32,32,16,80,,,,,,
Total,,208,208,104,520,,,,,,
,,,,,,,,,,,
,,,,,,,,,,,
Cutting Matrix — Lot 62072,,,,,,,,,,,
Lot Number:,62072,Style:,lower,,,,,,,,
Fabric:,MH FLEECE,Garment Type:,LOWER,,,,,,,,
,,,,,,,,,,,
Color,Cutting Table,M,L,XL,2XL,3XL,4XL,5XL,Total Pcs,,
BLACK [3],10,21,20,42,21,,,,104,,
15% [3],10,13,10,20,10,,,,53,,
L RUST [3],10,15,19,30,15,,,,79,,
CREAM [3],10,14,23,28,14,,,,79,,
RED [3],10,18,17,27,18,,,,80,,
NAVY [3],10,15,21,30,15,,,,81,,
B GREEN [3],10,15,21,30,15,,,,81,,
Total,,111,131,207,108,0,0,0,557,,
,,,,,,,,,,,
,,,,,,,,,,,
Cutting Matrix — Lot 62091,,,,,,,,,,,
Lot Number:,62091,Style:,REGULAR,,,,,,,,
Fabric:,MH FLEECE,Garment Type:,LOWER,,,,,,,,
,,,,,,,,,,,
Color,Cutting Table,M,L,XL,XXL,Total Pcs,,,,,
BLACK [2],2,21,21,42,21,105,,,,,
15% [2],2,11,11,22,11,55,,,,,
D. GREY [2],2,11,11,22,11,55,,,,,
NAVY [2],2,10,10,20,10,50,,,,,
OFF WHITE [2],2,11,11,22,11,55,,,,,
Total,,64,64,128,64,320,,,,,
,,,,,,,,,,,
,,,,,,,,,,,
Cutting Matrix — Lot 61184,,,,,,,,,,,
Lot Number:,61184,Style:,lower,,,,,,,,
Fabric:,MH FLEES,Garment Type:,LOWER,,,,,,,,
,,,,,,,,,,,
Color,Cutting Table,M,L,XL,2XL,Total Pcs,,,,,
BLACK (BLACK) [2],4,10,20,10,10,50,,,,,
BLACK (WHITE) [2],4,10,20,10,10,50,,,,,
15% (BLACK) [2],4,10,20,10,10,50,,,,,
D GREY (WHITE) [2],4,11,22,11,11,55,,,,,
OFF WHITE (SKY) [2],4,10,10,20,10,50,,,,,
NEW SKY (WHITE) [2],4,11,11,22,11,55,,,,,
Total,,62,103,83,62,310,,,,,
,,,,,,,,,,,
,,,,,,,,,,,
Cutting Matrix — Lot 11771,,,,,,,,,,,
Lot Number:,11771,Style:,CROSS HODDIE,,,,,,,,
Fabric:,PLAIN RFD,Garment Type:,Track Suit Upper,,,,,,,,
,,,,,,,,,,,
Color,Cutting Table,M,L,XL,Total Pcs,,,,,,
OFF WHITE [6],11,60,60,30,150,,,,,,
OFF WHITE 2,11,60,60,30,150,,,,,,
OFF WHITE 3,11,60,60,30,150,,,,,,
OFF WHITE 4,11,58,58,29,145,,,,,,
Total,,238,238,119,595,,,,,,
,,,,,,,,,,,
Cutting Matrix — Lot 11772,,,,,,,,,,,
Lot Number:,11772,Style:,CROSS HODDIE,,,,,,,,
Fabric:,PLAIN RFD,Garment Type:,Track Suit Lower,,,,,,,,
,,,,,,,,,,,
Color,Cutting Table,M,L,XL,Total Pcs,,,,,,
OFF WHITE [6],11,60,60,30,150,,,,,,
OFF WHITE 2,11,60,60,30,150,,,,,,
OFF WHITE 3,11,60,60,30,150,,,,,,
OFF WHITE 4,11,58,58,29,145,,,,,,
Total,,238,238,119,595,,,,,,
,,,,,,,,,,,
,,,,,,,,,,,
,,,,,,,,,,,
,,,,,,,,,,,
,,,,,,,,,,,
,,,,,,,,,,,
,,,,,,,,,,,
,,,,,,,,,,,
,,,,,,,,,,,
,,,,,,,,,,,
,,,,,,,,,,,
,,,,,,,,,,,
,,,,,,,,,,,
,,,,,,,,,,,
,,,,,,,,,,,
,,,,,,,,,,,
,,,,,,,,,,,
,,,,,,,,,,,
,,,,,,,,,,,
,,,,,,,,,,,
,,,,,,,,,,,
,,,,,,,,,,,
,,,,,,,,,,,
,,,,,,,,,,,
,,,,,,,,,,,
,,,,,,,,,,,
,,,,,,,,,,,
,,,,,,,,,,,
,,,,,,,,,,,
,,,,,,,,,,,
,,,,,,,,,,,
Cutting Matrix — Lot 61186,,,,,,,,,,,
Lot Number:,61186,Style:,lower,,,,,,,,
Fabric:,MH FLEES,Garment Type:,LOWER,,,,,,,,
,,,,,,,,,,,
Color,Cutting Table,M,L,XL,2XL,Total Pcs,,,,,
BLACK [2],1,24,48,24,24,120,,,,,
15% [2],1,11,22,11,11,55,,,,,
D GREY [2],1,10,21,11,11,53,,,,,
NAVY [2],1,10,20,10,10,50,,,,,
CREAM [2],1,10,21,11,11,53,,,,,
Total,,65,132,67,67,331,,,,,
,,,,,,,,,,,
,,,,,,,,,,,
Cutting Matrix — Lot 62109,,,,,,,,,,,
Lot Number:,62109,Style:,R / NECK HOODIE,,,,,,,,
Fabric:,MH FLEECE,Garment Type:,SWEATSHIRT,,,,,,,,
,,,,,,,,,,,
Color,Cutting Table,M,L,XL,2XL,Total Pcs,,,,,
BLACK [2],2,22,44,22,22,110,,,,,
15% [2],2,10,20,10,10,50,,,,,
OFF WHITE [2],2,11,22,11,11,55,,,,,
MEHROON [2],2,12,24,12,12,60,,,,,
OLIVE 4422 [2],2,11,22,11,11,55,,,,,
Total,,66,132,66,66,330,,,,,
,,,,,,,,,,,
,,,,,,,,,,,
Cutting Matrix — Lot 61206,,,,,,,,,,,
Lot Number:,61206,Style:,REGULAR FIT,,,,,,,,
Fabric:,Q18 JKT,Garment Type:,LOWER,,,,,,,,
,,,,,,,,,,,
Color,Cutting Table,M,L,XL,XXL,Total Pcs,,,,,
BLACK [2],9,48,48,24,24,144,,,,,
COFFEE [2],9,50,50,25,25,150,,,,,
KHAKHI [2],9,50,50,25,25,150,,,,,
OFF WHITE [2],9,44,44,22,22,132,,,,,
D. GREY (HALF) [1],9,24,24,12,12,72,,,,,
BLACK2,9,46,46,23,23,138,,,,,
Total,,262,262,131,131,786,,,,,
,,,,,,,,,,,
,,,,,,,,,,,
Cutting Matrix — Lot 62105,,,,,,,,,,,
Lot Number:,62105,Style:,ROUND NECK HOODIE,,,,,,,,
Fabric:,MH FLEECE,Garment Type:,SWEATSHIRT,,,,,,,,
,,,,,,,,,,,
Color,Cutting Table,M,L,XL,2XL,Total Pcs,,,,,
BLACK [2],4,11,22,11,11,55,,,,,
WHITE [2],4,11,22,11,11,55,,,,,
ROYAL [2],4,11,22,11,11,55,,,,,
PEACOCK [2],4,13,26,13,13,65,,,,,
D. RUST [2],4,11,22,11,11,55,,,,,
M. OLIVE [2],4,11,24,11,11,57,,,,,
BLACK,4,11,22,11,11,55,,,,,
Total,,79,160,79,79,397,,,,,
,,,,,,,,,,,
,,,,,,,,,,,
Cutting Matrix — Lot 62081,,,,,,,,,,,
Lot Number:,62081,Style:,COLLAR NECK WITH HALF ZIPPER,,,,,,,,
Fabric:,MH FLEECE,Garment Type:,SWEATSHIRT,,,,,,,,
,,,,,,,,,,,
Color,Cutting Table,M,L,XL,Total Pcs,,,,,,
15% [1],2,26,26,13,65,,,,,,
BLACK [1],2,28,28,14,70,,,,,,
CREAM [1],2,28,28,14,70,,,,,,
RED [1],2,28,28,14,70,,,,,,
R GREEN [1],2,27,27,13,67,,,,,,
SURF [1],2,28,28,14,70,,,,,,
ORANGE [1],2,28,28,14,70,,,,,,
WHITE [1],2,28,28,14,70,,,,,,
D. GREY [1],2,28,28,14,70,,,,,,
NAVY [1],2,30,30,15,75,,,,,,
BLACK,2,28,28,14,70,,,,,,
Total,,307,307,153,767,,,,,,
,,,,,,,,,,,
,,,,,,,,,,,
Cutting Matrix — Lot 62083,,,,,,,,,,,
Lot Number:,62083,Style:,COLLAR NECK WITH HALF ZIP,,,,,,,,
Fabric:,MH FLEECE,Garment Type:,SWEATSHIRT,,,,,,,,
,,,,,,,,,,,
Color,Cutting Table,M,L,XL,Total Pcs,,,,,,
D. GREY [1],4,28,28,14,70,,,,,,
COFFEE [1],4,28,28,14,70,,,,,,
BLACK [1],4,28,28,14,70,,,,,,
15% [1],4,28,28,13,69,,,,,,
WHITE [1],4,32,32,15,79,,,,,,
CREAM [1],4,28,28,14,70,,,,,,
RUST [1],4,28,28,13,69,,,,,,
NAVY [1],4,28,28,14,70,,,,,,
BLACK,4,30,30,15,75,,,,,,
Total,,258,258,126,642,,,,,,
,,,,,,,,,,,
,,,,,,,,,,,
Cutting Matrix — Lot 62106,,,,,,,,,,,
Lot Number:,62106,Style:,R / NECK HOODIE,,,,,,,,
Fabric:,TYE DYE FLEECE,Garment Type:,SWEATSHIRT,,,,,,,,
,,,,,,,,,,,
Color,Cutting Table,M,L,XL,Total Pcs,,,,,,
GREY [4],11,45,44,22,111,,,,,,
WHITE [4],11,47,44,22,113,,,,,,
KHAKHI [4],11,44,44,22,110,,,,,,
Total,,136,132,66,334,,,,,,
,,,,,,,,,,,
,,,,,,,,,,,
Cutting Matrix — Lot 73069,,,,,,,,,,,
Lot Number:,73069,Style:,FULL ZIPPER COLLAR,,,,,,,,
Fabric:,ARMANI LYCRA,Garment Type:,JACKET,,,,,,,,
,,,,,,,,,,,
Color,Cutting Table,M,L,XL,Total Pcs,,,,,,
BLACK (L PISTA) [2],8,30,30,15,75,,,,,,
WHITE (PISTA) [2],8,28,28,14,70,,,,,,
NAVY (FAWN) [2],8,30,30,15,75,,,,,,
PISTA (BLACK) [2],8,30,30,15,75,,,,,,
FAWN (PISTA) [2],8,30,30,15,75,,,,,,
L PISTA (BLACK) [2],8,30,30,15,75,,,,,,
Total,,178,178,89,445,,,,,,
,,,,,,,,,,,
,,,,,,,,,,,
Cutting Matrix — Lot 73070,,,,,,,,,,,
Lot Number:,73070,Style:,FULL ZIPPER COLLAR,,,,,,,,
Fabric:,ARMANI LYCRA,Garment Type:,JACKET,,,,,,,,
,,,,,,,,,,,
Color,Cutting Table,M,L,XL,Total Pcs,,,,,,
BLACK (L PISTA) [2],8,30,30,15,75,,,,,,
WHITE (PISTA) [2],8,30,30,15,75,,,,,,
NAVY (FAWN) [2],8,30,30,15,75,,,,,,
PISTA (BLACK) [2],8,30,30,15,75,,,,,,
FAWN (PISTA) [2],8,30,30,15,75,,,,,,
L PISTA (BLACK) [2],8,30,30,15,75,,,,,,
Total,,180,180,90,450,,,,,,
,,,,,,,,,,,
,,,,,,,,,,,
Cutting Matrix — Lot 76083,,,,,,,,,,,
Lot Number:,76083,Style:,SHIRT,,,,,,,,
Fabric:,OXFORD LYCRA,Garment Type:,SHIRT,,,,,,,,
,,,,,,,,,,,
Color,Cutting Table,M,L,2XL,Total Pcs,,,,,,
BLACK (WHITE) [1],7,28,28,14,70,,,,,,
WHITE (SKY) [1],7,28,28,14,70,,,,,,
SKY (WHITE) [1],7,28,28,14,70,,,,,,
RED (NAVY) [1],7,28,28,14,70,,,,,,
NAVY (WHITE) [1],7,28,28,14,70,,,,,,
Total,,140,140,70,350,,,,,,
,,,,,,,,,,,
,,,,,,,,,,,
Cutting Matrix — Lot 76080,,,,,,,,,,,
Lot Number:,76080,Style:,full baju,,,,,,,,
Fabric:,TOMMY BIO LYCRA,Garment Type:,SHIRT,,,,,,,,
,,,,,,,,,,,
Color,Cutting Table,M,L,XL,Total Pcs,,,,,,
L GREY [2],7,42,42,21,105,,,,,,
NAVY [2],7,40,40,20,100,,,,,,
KHAKHI [2],7,42,42,21,105,,,,,,
BLACK [2],7,88,88,44,220,,,,,,
OFF WHITE [2],7,86,86,43,215,,,,,,
OLIVE [2],7,42,42,21,105,,,,,,
Total,,340,340,170,850,,,,,,
,,,,,,,,,,,
,,,,,,,,,,,
Cutting Matrix — Lot 76081,,,,,,,,,,,
Lot Number:,76081,Style:,full baju,,,,,,,,
Fabric:,TOMMY BIO LYCRA,Garment Type:,SHIRT,,,,,,,,
,,,,,,,,,,,
Color,Cutting Table,M,L,XL,Total Pcs,,,,,,
L GREY [2],7,48,48,24,120,,,,,,
NAVY [2],7,44,44,22,110,,,,,,
KHAKHI [2],7,48,48,24,120,,,,,,
BLACK [2],7,102,102,51,255,,,,,,
OLIVE [2],7,48,48,24,120,,,,,,
WHITE [2],7,100,100,50,250,,,,,,
Total,,390,390,195,975,,,,,,
,,,,,,,,,,,
,,,,,,,,,,,
Cutting Matrix — Lot 62103,,,,,,,,,,,
Lot Number:,62103,Style:,REGULAR,,,,,,,,
Fabric:,MH FLEECE,Garment Type:,TS - LOWER,,,,,,,,
,,,,,,,,,,,
Color,Cutting Table,M,L,XL,2XL,Total Pcs,,,,,
BLACK (1.5) [3],13,11,24,11,11,57,,,,,
WHITE [2],13,12,24,12,12,60,,,,,
15% [2],13,11,22,11,11,55,,,,,
NAVY [2],13,11,24,11,11,57,,,,,
Total,,45,94,45,45,229,,,,,
,,,,,,,,,,,
,,,,,,,,,,,
Cutting Matrix — Lot 62104,,,,,,,,,,,
Lot Number:,62104,Style:,C/NECK WITH HALF ZIP,,,,,,,,
Fabric:,MH FLEECE,Garment Type:,SWEATSHIRT,,,,,,,,
,,,,,,,,,,,
Color,Cutting Table,M,L,XL,2XL,Total Pcs,,,,,
BLACK [2],13,32,64,32,32,160,,,,,
BEIGE 4414 [2],13,17,34,17,17,85,,,,,
OLIVE 4422 [2],13,15,30,15,15,75,,,,,
15% [2],13,15,30,15,15,75,,,,,
NAVY [2],13,16,32,16,16,80,,,,,
OFF WHITE [2],13,16,32,16,16,80,,,,,
Total,,111,222,111,111,555,,,,,
,,,,,,,,,,,
,,,,,,,,,,,
Cutting Matrix — Lot 61181,,,,,,,,,,,
Lot Number:,61181,Style:,LOWER,,,,,,,,
Fabric:,FLEES,Garment Type:,LOWER,,,,,,,,
,,,,,,,,,,,
Color,Cutting Table,M,L,XL,2XL,Total Pcs,,,,,
BLACK,11,25,48,24,24,121,,,,,
CREAM,11,12,22,11,11,56,,,,,
15%,11,12,24,12,12,60,,,,,
NAVY,11,13,26,12,13,64,,,,,
ROYAL,11,13,22,11,11,57,,,,,
Total,,75,142,70,71,358,,,,,
,,,,,,,,,,,
,,,,,,,,,,,
Cutting Matrix — Lot 62090,,,,,,,,,,,
Lot Number:,62090,Style:,REGULAR,,,,,,,,
Fabric:,MH FLEECE,Garment Type:,LOWER,,,,,,,,
,,,,,,,,,,,
Color,Cutting Table,M,L,XL,XXL,Total Pcs,,,,,
BLACK [2],1,21,21,42,21,105,,,,,
15% [2],1,10,10,20,10,50,,,,,
D. GREY [2],1,11,11,20,10,52,,,,,
CREAM [2],1,11,11,22,11,55,,,,,
NEW SKY [2],1,11,11,22,11,55,,,,,
M. OLIVE [2],1,11,11,22,11,55,,,,,
NAVY [2],1,11,11,20,10,52,,,,,
Total,,86,86,168,84,424,,,,,
,,,,,,,,,,,
,,,,,,,,,,,
Cutting Matrix — Lot 76082,,,,,,,,,,,
Lot Number:,76082,Style:,full baju shirt,,,,,,,,
Fabric:,B.BLAST,Garment Type:,SHIRT,,,,,,,,
,,,,,,,,,,,
Color,Cutting Table,S,M,L,XL,2XL,Total Pcs,,,,
BALCK [1],7,16,16,16,16,16,80,,,,
WHITE [1],7,17,17,17,17,17,85,,,,
MARRON [1],0,0,0,0,0,0,0,,,,
GREEN [1],7,21,21,21,21,21,105,,,,
COFFEE [1],7,22,22,22,22,22,110,,,,
NAVY [1],7,17,17,17,17,17,85,,,,
RED [1],7,16,16,16,16,16,80,,,,
Total,,109,109,109,109,109,545,,,,
,,,,,,,,,,,
,,,,,,,,,,,
Cutting Matrix — Lot 11764,,,,,,,,,,,
Lot Number:,11764,Style:,full baju,,,,,,,,
Fabric:,LYCRA PATTA,Garment Type:,T-SHIRT,,,,,,,,
,,,,,,,,,,,
Color,Cutting Table,M,L,XL,Total Pcs,,,,,,
STEEL-GREY-WHITE [4],0,0,0,0,0,,,,,,
COFFEE-WHITE [4],2,115,115,58,288,,,,,,
NAVY-WHITE-RED [4],0,0,0,0,0,,,,,,
SKY-WHITE-NAVY [4],0,0,0,0,0,,,,,,
GREEN-RED-WHITE [4],0,0,0,0,0,,,,,,
NAVY-RUST-WHITE [4],13,78,78,39,195,,,,,,
RUST-NAVY [4],4,82,82,41,205,,,,,,
GREEN-CREAM [5],4,122,122,60,304,,,,,,
BLACK-CREAM [5],4,123,123,64,310,,,,,,
CREAM-RED [5],1,76,76,38,190,,,,,,
KHAKHI-CREAM [5],1,104,104,52,260,,,,,,
RED-CREAM [4],1,106,106,53,265,,,,,,
KHAKHI-CREAM [4],0,0,0,0,0,,,,,,
COFFEE-CREAM [2],1,188,188,94,470,,,,,,
WHITE/BLUE,2,82,82,41,205,,,,,,
WHITE/SURF,2,116,116,58,290,,,,,,
COFFEE-GOLD,2,118,118,59,295,,,,,,
YELLOW WHITE,1,42,42,21,105,,,,,,
RED/GREEN/CREAM,13,40,50,20,110,,,,,,
BLACK/WHITE,13,80,80,40,200,,,,,,
ORANGE/WHITE,13,84,84,42,210,,,,,,
OLIVE/WHITE,13,52,52,26,130,,,,,,
NAVY/ CREAM,5,70,70,35,175,,,,,,
CREAM/ROYAL,5,78,78,39,195,,,,,,
COFFEE/CREAM,5,56,56,28,140,,,,,,
RED/CREAM,1,130,130,65,325,,,,,,
COFFEE/CREAM 2,1,106,106,53,265,,,,,,
BEIGE/CREAM,2,138,138,69,345,,,,,,
ORANGE/BLACK,2,115,115,58,288,,,,,,
ROYAL/SKY,2,120,120,60,300,,,,,,
COFFEE/BEIGE,2,86,86,43,215,,,,,,
Total,,2507,2517,1256,6280,,,,,,
Cutting Matrix — Lot 62100,,,,,,,,,,,
Lot Number:,62100,Style:,T/NECK FULL ZIPPER,,,,,,,,
Fabric:,MH FLEECE,Garment Type:,TS - UPPER,,,,,,,,
,,,,,,,,,,,
Color,Cutting Table,M,L,XL,2XL,3XL,4XL,5XL,Total Pcs,,
BLACK [3],3,24,48,24,24,12,12,12,156,,
NAVY [3],3,12,24,12,12,6,6,6,78,,
15% [3],3,12,24,12,12,6,6,6,78,,
D. GREY [3],3,12,24,12,12,6,6,6,78,,
WHITE(HALF) [2],3,12,24,12,12,6,6,6,78,,
Total,,72,144,72,72,36,36,36,468,,
,,,,,,,,,,,
,,,,,,,,,,,
Cutting Matrix — Lot 62101,,,,,,,,,,,
Lot Number:,62101,Style:,NORMAL,,,,,,,,
Fabric:,MH FLEECE,Garment Type:,TS - LOWER,,,,,,,,
,,,,,,,,,,,
Color,Cutting Table,M,L,XL,2XL,3XL,4XL,5XL,Total Pcs,,
BLACK [3],3,24,48,24,24,12,12,12,156,,
NAVY [3],3,12,24,12,12,6,6,6,78,,
15% [3],3,12,24,12,12,6,6,6,78,,
D. GREY [3],3,12,24,12,12,6,6,6,78,,
WHITE (HALF) [2],3,12,24,12,12,6,6,6,78,,
Total,,72,144,72,72,36,36,36,468,,
,,,,,,,,,,,
,,,,,,,,,,,
Cutting Matrix — Lot 76084,,,,,,,,,,,
Lot Number:,76084,Style:,full sleeve shirt regular fit,,,,,,,,
Fabric:,BREEY BLAST,Garment Type:,SHIRT,,,,,,,,
,,,,,,,,,,,
Color,Cutting Table,M,L,XL,Total Pcs,,,,,,
NAVY [1],7,14,28,28,70,,,,,,
SKY [1],7,14,28,28,70,,,,,,
WHITE [1],7,14,28,28,70,,,,,,
Total,,42,84,84,210,,,,,,
,,,,,,,,,,,
,,,,,,,,,,,
Cutting Matrix — Lot 61211,,,,,,,,,,,
Lot Number:,61211,Style:,BAGGI FIT,,,,,,,,
Fabric:,UK LYCRA,Garment Type:,WINDCHEATER,,,,,,,,
,,,,,,,,,,,
Color,Cutting Table,M,L,XL,Total Pcs,,,,,,
RED [1],8,26,26,13,65,,,,,,
ROYAL [1],8,34,34,17,85,,,,,,
BLACK (GREY) [1],8,26,26,13,65,,,,,,
STONE [1],8,26,26,13,65,,,,,,
NAVY [1],0,0,0,0,0,,,,,,
WHITE [1],8,20,20,10,50,,,,,,
BLACK (WHITE) [1],8,32,32,16,80,,,,,,
Total,,164,164,82,410,,,,,,
,,,,,,,,,,,
,,,,,,,,,,,
Cutting Matrix — Lot 73072,,,,,,,,,,,
Lot Number:,73072,Style:,FULL ZIPPER COLLAR,,,,,,,,
Fabric:,Q18,Garment Type:,JACKET,,,,,,,,
,,,,,,,,,,,
Color,Cutting Table,M,L,XL,2XL,Total Pcs,,,,,
OFF WHITE [2],8,25,50,25,25,125,,,,,
BLACK [2],8,50,100,50,50,250,,,,,
KHAKHI [2],8,25,50,25,25,125,,,,,
COFFEE [2],8,25,50,25,25,125,,,,,
D GREY [2],8,14,28,14,14,70,,,,,
Total,,139,278,139,139,695,,,,,
,,,,,,,,,,,
,,,,,,,,,,,
Cutting Matrix — Lot 62102,,,,,,,,,,,
Lot Number:,62102,Style:,T/NECK FULL ZIPPER,,,,,,,,
Fabric:,MH FLEECE,Garment Type:,TS - UPPER,,,,,,,,
,,,,,,,,,,,
Color,Cutting Table,M,L,XL,XXL,Total Pcs,,,,,
BLACK (1.5) [3],13,11,24,11,11,57,,,,,
WHITE [2],13,12,24,12,12,60,,,,,
15% [2],13,11,22,11,11,55,,,,,
NAVY [2],13,11,24,11,11,57,,,,,
Total,,45,94,45,45,229,,,,,
,,,,,,,,,,,
,,,,,,,,,,,
Cutting Matrix — Lot 62095,,,,,,,,,,,
Lot Number:,62095,Style:,REGULAR,,,,,,,,
Fabric:,TYE DYE FLEECE,Garment Type:,LOWER,,,,,,,,
,,,,,,,,,,,
Color,Cutting Table,M,L,XL,XXL,Total Pcs,,,,,
BLACK [2],11,12,12,24,12,60,,,,,
SKIN [2],11,12,12,24,12,60,,,,,
L. GREY [2],11,13,13,26,13,65,,,,,
OLIVE [2],11,12,12,24,12,60,,,,,
Total,,49,49,98,49,245,,,,,
,,,,,,,,,,,
,,,,,,,,,,,
Cutting Matrix — Lot 11765,,,,,,,,,,,
Lot Number:,11765,Style:,REGULAR BAJU,,,,,,,,
Fabric:,MH IMPORTED RFD,Garment Type:,T-SHIRT,,,,,,,,
,,,,,,,,,,,
Color,Cutting Table,M,L,XL,2XL,Total Pcs,,,,,
OFF WHITE [9],2,35,70,35,35,175,,,,,
Total,,35,70,35,35,175,,,,,
,,,,,,,,,,,
,,,,,,,,,,,
Cutting Matrix — Lot 62093,,,,,,,,,,,
Lot Number:,62093,Style:,REGULAR,,,,,,,,
Fabric:,TYE DYE FLEECE,Garment Type:,LOWER,,,,,,,,
,,,,,,,,,,,
Color,Cutting Table,M,L,XL,XXL,Total Pcs,,,,,
BLACK [2],13,11,11,22,11,55,,,,,
CREAM [2],13,9,9,18,9,45,,,,,
L. GREY [2],13,9,9,18,9,45,,,,,
OLIVE [2],13,11,11,22,11,55,,,,,
Total,,40,40,80,40,200,,,,,
,,,,,,,,,,,
,,,,,,,,,,,
Cutting Matrix — Lot 11779,,,,,,,,,,,
Lot Number:,11779,Style:,round neck half sleev,,,,,,,,
Fabric:,HEAVY COTTON RFD,Garment Type:,T-SHIRT R/N,,,,,,,,
,,,,,,,,,,,
Color,Cutting Table,M,L,XL,2XL,Total Pcs,,,,,
OFF WHITE [6],2,100,100,50,50,300,,,,,
OFF WHITE 2,2,100,100,50,50,300,,,,,
OFF WHITE 3,2,100,100,50,50,300,,,,,
OFF WHITE 4,2,100,100,50,50,300,,,,,
OFF WHITE 5,2,100,100,50,50,300,,,,,
OFF WHITE,2,100,100,50,50,300,,,,,
OFF WHITE 7,2,100,100,50,50,300,,,,,
OFF WHITE 8,2,100,100,50,50,300,,,,,
Total,,800,800,400,400,2400,,,,,
,,,,,,,,,,,
,,,,,,,,,,,
Cutting Matrix — Lot 62085,,,,,,,,,,,
Lot Number:,62085,Style:,FULL ZIPPER HOOD,,,,,,,,
Fabric:,MH FLEECE,Garment Type:,SWEATSHIRT,,,,,,,,
,,,,,,,,,,,
Color,Cutting Table,M,L,XL,Total Pcs,,,,,,
BLACK [1],14,40,40,20,100,,,,,,
15% [1],14,22,20,10,52,,,,,,
WHITE [1],14,22,23,10,55,,,,,,
CREAM [1],14,22,18,9,49,,,,,,
RUST [1],14,22,18,9,49,,,,,,
PEACOCK [1],14,23,20,10,53,,,,,,
NAVY [1],14,21,21,10,52,,,,,,
D. GREY [1],14,22,22,11,55,,,,,,
MAHROON [1],14,20,20,10,50,,,,,,
CAMEL [1],14,21,20,10,51,,,,,,
Total,,235,222,109,566,,,,,,
,,,,,,,,,,,
,,,,,,,,,,,
Cutting Matrix — Lot 62082,,,,,,,,,,,
Lot Number:,62082,Style:,COLLAR NECK WITH HALF ZIP,,,,,,,,
Fabric:,MH FLEECE,Garment Type:,SWEATSHIRT,,,,,,,,
,,,,,,,,,,,
Color,Cutting Table,M,L,XL,Total Pcs,,,,,,
BLACK [1],3,30,30,15,75,,,,,,
ORANGE [1],3,28,28,14,70,,,,,,
CREAM [1],3,28,28,14,70,,,,,,
WHITE [1],3,28,28,14,70,,,,,,
Total,,114,114,57,285,,,,,,
,,,,,,,,,,,
,,,,,,,,,,,
Cutting Matrix — Lot 67005,,,,,,,,,,,
Lot Number:,67005,Style:,FULL ZIP COLLAR,,,,,,,,
Fabric:,Q#16,Garment Type:,WINDCHEATER,,,,,,,,
,,,,,,,,,,,
Color,Cutting Table,M,L,XL,2XL,Total Pcs,,,,,
BLACK [1],15,32,64,64,32,192,,,,,
BEIGE [1],15,16,32,32,16,96,,,,,
L. GREY [1],15,15,30,30,15,90,,,,,
M. GREY [1],15,10,20,20,10,60,,,,,
OFF WHITE [1],15,14,28,28,14,84,,,,,
Total,,87,174,174,87,522,,,,,
,,,,,,,,,,,
,,,,,,,,,,,
Cutting Matrix — Lot 73071,,,,,,,,,,,
Lot Number:,73071,Style:,normal fit,,,,,,,,
Fabric:,BLOOSTER,Garment Type:,JACKET,,,,,,,,
,,,,,,,,,,,
Color,Cutting Table,M,L,XL,Total Pcs,,,,,,
BLACK [4],12,54,54,27,135,,,,,,
BLACK [8],12,118,118,59,295,,,,,,
L GREY [4],12,60,60,30,150,,,,,,
STONE [4],12,54,54,27,135,,,,,,
COFFEE [4],12,60,60,30,150,,,,,,
Total,,346,346,173,865,,,,,,
,,,,,,,,,,,
,,,,,,,,,,,
Cutting Matrix — Lot 67012,,,,,,,,,,,
Lot Number:,67012,Style:,R/ NECK HOODIE,,,,,,,,
Fabric:,TYE DYE FLEECE,Garment Type:,SWEATSHIRT,,,,,,,,
,,,,,,,,,,,
Color,Cutting Table,M,L,XL,Total Pcs,,,,,,
GREY [2],8,22,22,11,55,,,,,,
WHITE [2],8,22,22,11,55,,,,,,
KHAKHI [2],8,22,22,11,55,,,,,,
Total,,66,66,33,165,,,,,,
,,,,,,,,,,,
,,,,,,,,,,,
Cutting Matrix — Lot 62096,,,,,,,,,,,
Lot Number:,62096,Style:,LOWER CARGO,,,,,,,,
Fabric:,ZIG ZAG FLEECE,Garment Type:,LOWER,,,,,,,,
,,,,,,,,,,,
Color,Cutting Table,M,L,XL,XXL,Total Pcs,,,,,
WHITE [2],7,10,10,20,10,50,,,,,
CAMEL [2],7,10,10,20,10,50,,,,,
GREY [2],7,10,10,20,10,50,,,,,
Total,,30,30,60,30,150,,,,,
,,,,,,,,,,,
,,,,,,,,,,,
Cutting Matrix — Lot 62107,,,,,,,,,,,
Lot Number:,62107,Style:,R / NECK HOODIE,,,,,,,,
Fabric:,TYE DYE FLEECE,Garment Type:,SWEATSHIRT,,,,,,,,
,,,,,,,,,,,
Color,Cutting Table,M,L,XL,Total Pcs,,,,,,
WHITE [4],7,54,54,27,135,,,,,,
CAMEL [4],7,52,52,26,130,,,,,,
GREY [4],7,52,52,26,130,,,,,,
Total,,158,158,79,395,,,,,,
,,,,,,,,,,,
,,,,,,,,,,,
Cutting Matrix — Lot 73068,,,,,,,,,,,
Lot Number:,73068,Style:,FULL ZIPPER COLLAR,,,,,,,,
Fabric:,WINTER BLOOMING TT,Garment Type:,JACKET,,,,,,,,
,,,,,,,,,,,
Color,Cutting Table,M,L,XL,2XL,Total Pcs,,,,,
BLACK [4],8,130,130,65,65,390,,,,,
COFFEE [4],8,44,44,22,22,132,,,,,
STONE [4],8,46,46,23,23,138,,,,,
GREY [4],8,32,32,16,16,96,,,,,
Total,,252,252,126,126,756,,,,,
,,,,,,,,,,,
,,,,,,,,,,,
Cutting Matrix — Lot 61221,,,,,,,,,,,
Lot Number:,61221,Style:,KOREAN,,,,,,,,
Fabric:,UK LYCRA,Garment Type:,LOWER,,,,,,,,
,,,,,,,,,,,
Color,Cutting Table,M,L,XL,2XL,Total Pcs,,,,,
BLACK [1],8,10,20,20,10,60,,,,,
MINT [1],8,9,18,18,9,54,,,,,
STONE [1],8,15,30,30,15,90,,,,,
Total,,34,68,68,34,204,,,,,
,,,,,,,,,,,
,,,,,,,,,,,
Cutting Matrix — Lot 61219,,,,,,,,,,,
Lot Number:,61219,Style:,KOREAN,,,,,,,,
Fabric:,UK LYCRA,Garment Type:,LOWER,,,,,,,,
,,,,,,,,,,,
Color,Cutting Table,M,L,XL,2XL,Total Pcs,,,,,
BLACK [1],8,11,22,22,11,66,,,,,
L. FAWN [1],8,11,22,22,11,66,,,,,
Total,,22,44,44,22,132,,,,,
,,,,,,,,,,,
,,,,,,,,,,,
Cutting Matrix — Lot 11785,,,,,,,,,,,
Lot Number:,11785,Style:,round neck half sleev,,,,,,,,
Fabric:,BURBERRY,Garment Type:,T-SHIRT,,,,,,,,
,,,,,,,,,,,
Color,Cutting Table,M,L,XL,2XL,Total Pcs,,,,,
BLACK [2],2,44,44,22,22,132,,,,,
COFFEE [2],2,46,46,23,23,138,,,,,
KHAKHI [2],2,24,24,12,12,72,,,,,
SURF [2],2,48,48,24,24,144,,,,,
CREAM [2],2,46,46,23,23,138,,,,,
WHITE [2],2,44,44,22,22,132,,,,,
LEAF GREEN [2],2,30,30,15,15,90,,,,,
BLUE [2],2,48,48,24,24,144,,,,,
NAVY [2],2,46,46,23,23,138,,,,,
N.YELLOW [2],2,48,48,24,24,144,,,,,
D GREY [2],2,46,46,23,23,138,,,,,
RED [2],2,48,48,24,24,144,,,,,
15% [2],2,46,46,23,23,138,,,,,
1% [2],2,42,42,21,21,126,,,,,
Total,,606,606,303,303,1818,,,,,
,,,,,,,,,,,
,,,,,,,,,,,
Cutting Matrix — Lot 73067,,,,,,,,,,,
Lot Number:,73067,Style:,FULL ZIPPER COLLAR,,,,,,,,
Fabric:,WINTER BLOOMING TT,Garment Type:,JACKET,,,,,,,,
,,,,,,,,,,,
Color,Cutting Table,M,L,XL,2XL,Total Pcs,,,,,
BLACK [4],9,132,132,66,66,396,,,,,
COFFEE [4],9,56,56,28,28,168,,,,,
STONE [4],9,54,54,27,27,162,,,,,
GREY [4],9,44,44,22,22,132,,,,,
Total,,286,286,143,143,858,,,,,
,,,,,,,,,,,
,,,,,,,,,,,
Cutting Matrix — Lot 62098,,,,,,,,,,,
Lot Number:,62098,Style:,R/NECK HOODIE,,,,,,,,
Fabric:,MH FLEECE,Garment Type:,SWEATSHIRT HOODIE,,,,,,,,
,,,,,,,,,,,
Color,Cutting Table,M,L,XL,Total Pcs,,,,,,
BLACK [5],11,54,54,27,135,,,,,,
WHITE [5],11,52,52,26,130,,,,,,
Total,,106,106,53,265,,,,,,
,,,,,,,,,,,
,,,,,,,,,,,
Cutting Matrix — Lot 62099,,,,,,,,,,,
Lot Number:,62099,Style:,R/NECK HOODIE,,,,,,,,
Fabric:,MH FLEECE,Garment Type:,SWEATSHIRT HOODIE,,,,,,,,
,,,,,,,,,,,
Color,Cutting Table,M,L,XL,Total Pcs,,,,,,
BLACK [3],11,33,30,15,78,,,,,,
RED [2],11,22,20,10,52,,,,,,
ROYAL [2],11,23,20,10,53,,,,,,
15% [2],11,20,20,10,50,,,,,,
WHITE [2],11,22,22,11,55,,,,,,
Total,,120,112,56,288,,,,,,
,,,,,,,,,,,
,,,,,,,,,,,
Cutting Matrix — Lot 62089,,,,,,,,,,,
Lot Number:,62089,Style:,LOWER,,,,,,,,
Fabric:,MH FLEECE,Garment Type:,LOWER,,,,,,,,
,,,,,,,,,,,
Color,Cutting Table,M,L,XL,XXL,Total Pcs,,,,,
BLACK [2],14,25,25,53,25,128,,,,,
15% [2],14,11,11,24,11,57,,,,,
MEHROON [2],14,12,12,28,12,64,,,,,
COFFEE [2],14,12,12,24,12,60,,,,,
D. GREY [2],14,12,12,27,12,63,,,,,
WHITE [2],14,13,13,26,13,65,,,,,
Total,,85,85,182,85,437,,,,,
,,,,,,,,,,,
,,,,,,,,,,,
Cutting Matrix — Lot 61204,,,,,,,,,,,
Lot Number:,61204,Style:,REGULAR FIT,,,,,,,,
Fabric:,Q18 JKT,Garment Type:,LOWER,,,,,,,,
,,,,,,,,,,,
Color,Cutting Table,M,L,XL,XXL,Total Pcs,,,,,
BLACK [2],9,88,88,44,44,264,,,,,
OLIVE [2],9,46,46,23,23,138,,,,,
BEIGE [2],9,46,46,23,23,138,,,,,
L. GREY [2],9,54,54,27,27,162,,,,,
D. GREY (HALF) [1],9,24,24,12,12,72,,,,,
Total,,258,258,129,129,774,,,,,
,,,,,,,,,,,
,,,,,,,,,,,
Cutting Matrix — Lot 61213,,,,,,,,,,,
Lot Number:,61213,Style:,CARGO,,,,,,,,
Fabric:,TRC SULPHUR,Garment Type:,LOWER,,,,,,,,
,,,,,,,,,,,
Color,Cutting Table,M,L,XL,Total Pcs,,,,,,
OLIVE [1],15,24,24,12,60,,,,,,
KHAKHI [1],15,22,22,11,55,,,,,,
BLACK [1],15,26,26,13,65,,,,,,
GREY [1],15,24,24,12,60,,,,,,
BROWN [1],15,24,24,12,60,,,,,,
Total,,120,120,60,300,,,,,,
,,,,,,,,,,,
,,,,,,,,,,,
Cutting Matrix — Lot 11780,,,,,,,,,,,
Lot Number:,11780,Style:,ROUNDNECK,,,,,,,,
Fabric:,BURBERRY,Garment Type:,T-SHIRT R/N,,,,,,,,
,,,,,,,,,,,
Color,Cutting Table,M,L,XL,2XL,Total Pcs,,,,,
15% [2],4,44,44,22,22,132,,,,,
D.GREY [2],4,48,48,24,24,144,,,,,
1% [2],4,48,48,24,24,144,,,,,
NAVY [2],4,46,46,23,23,138,,,,,
WHITE [2],4,44,44,22,22,132,,,,,
RED [2],4,48,48,24,24,144,,,,,
RUST [2],4,48,48,24,24,144,,,,,
CREAM [2],4,48,48,24,24,144,,,,,
KHAKHI [2],4,48,48,24,24,144,,,,,
COFFEE [2],4,42,42,21,21,126,,,,,
N.YELLOW [2],4,48,48,24,24,144,,,,,
AIR FORCE [2],4,44,44,22,22,132,,,,,
LEAF GREEN [2],4,48,48,24,24,144,,,,,
SURF [2],4,44,44,22,22,132,,,,,
BLACK [2],4,46,46,23,23,138,,,,,
Total,,694,694,347,347,2082,,,,,
,,,,,,,,,,,
,,,,,,,,,,,
Cutting Matrix — Lot 67008,,,,,,,,,,,
Lot Number:,67008,Style:,R/ NECK HOODIE,,,,,,,,
Fabric:,MH FLEECE,Garment Type:,SWEATSHIRT,,,,,,,,
,,,,,,,,,,,
Color,Cutting Table,M,L,XL,Total Pcs,,,,,,
BLACK [2],6,42,44,21,107,,,,,,
15% [2],6,22,22,11,55,,,,,,
RED [2],6,22,22,11,55,,,,,,
OLIVE [2],6,22,22,11,55,,,,,,
BEIGE 7521 [2],6,22,22,11,55,,,,,,
Total,,130,132,65,327,,,,,,
,,,,,,,,,,,
,,,,,,,,,,,
Cutting Matrix — Lot 11783,,,,,,,,,,,
Lot Number:,11783,Style:,normal baju,,,,,,,,
Fabric:,MH LYCRA SINKER,Garment Type:,T-SHIRT R/N,,,,,,,,
,,,,,,,,,,,
Color,Cutting Table,M,L,XL,2XL,Total Pcs,,,,,
WHITE (OLIVE) [2],7,50,50,25,25,150,,,,,
OLIVE (WHITE) [2],7,50,50,25,25,150,,,,,
BLACK (WHITE) [2],7,50,50,25,25,150,,,,,
Total,,150,150,75,75,450,,,,,
,,,,,,,,,,,
,,,,,,,,,,,
Cutting Matrix — Lot 62092,,,,,,,,,,,
Lot Number:,62092,Style:,REGULAR,,,,,,,,
Fabric:,MH FLEECE,Garment Type:,LOWER,,,,,,,,
,,,,,,,,,,,
Color,Cutting Table,M,L,XL,XXL,Total Pcs,,,,,
BLACK [2],4,21,21,42,21,105,,,,,
15% [2],4,10,10,20,10,50,,,,,
D. GREY [2],4,10,10,20,10,50,,,,,
NAVY [2],4,11,11,22,11,55,,,,,
NEW SKY [2],4,10,10,20,10,50,,,,,
Total,,62,62,124,62,310,,,,,
,,,,,,,,,,,
,,,,,,,,,,,
Cutting Matrix — Lot 67014,,,,,,,,,,,
Lot Number:,67014,Style:,JOGGER,,,,,,,,
Fabric:,MH FLEECE,Garment Type:,LOWER,,,,,,,,
,,,,,,,,,,,
Color,Cutting Table,M,L,XL,2XL,Total Pcs,,,,,
BLACK [2],7,22,45,44,22,133,,,,,
CREAM [2],7,10,22,20,10,62,,,,,
LT. GREY [2],7,10,22,20,10,62,,,,,
BLUE [2],7,10,20,20,10,60,,,,,
CEMENT [2],7,10,22,20,10,62,,,,,
L. RUST [2],7,10,22,20,10,62,,,,,
Total,,72,153,144,72,441,,,,,
,,,,,,,,,,,
,,,,,,,,,,,
Cutting Matrix — Lot 73074,,,,,,,,,,,
Lot Number:,73074,Style:,T/NECK FULL ZIPPER,,,,,,,,
Fabric:,JORDAN RIB STOP,Garment Type:,JACKET,,,,,,,,
,,,,,,,,,,,
Color,Cutting Table,M,L,XL,2XL,Total Pcs,,,,,
D.NAVY [2],8,28,28,28,28,112,,,,,
KHAKHI [2],8,28,28,28,28,112,,,,,
OFF WHITE [2],8,25,25,25,25,100,,,,,
P.K GREEN [2],8,29,29,29,29,116,,,,,
OLIVE [2],8,27,27,27,27,108,,,,,
COFFEE [2],8,28,28,28,28,112,,,,,
M.GRAY [2],8,29,29,29,29,116,,,,,
FAWN [2],8,25,25,25,25,100,,,,,
D.GRAY [2],8,28,28,28,28,112,,,,,
BLACK,8,28,28,28,28,112,,,,,
Total,,275,275,275,275,1100,,,,,
,,,,,,,,,,,
,,,,,,,,,,,
Cutting Matrix — Lot 62115,,,,,,,,,,,
Lot Number:,62115,Style:,BAN COLLAR WITH FULL ZIPPER,,,,,,,,
Fabric:,JORDAN CRUSH,Garment Type:,JACKET,,,,,,,,
,,,,,,,,,,,
Color,Cutting Table,M,L,XL,2XL,Total Pcs,,,,,
RED [1],15,6,12,6,6,30,,,,,
BLACK [1],15,8,16,8,8,40,,,,,
OFF WHITE [1],15,11,22,11,11,55,,,,,
ROYAL [1],15,6,12,6,6,30,,,,,
ORANGE [1],15,6,12,6,6,30,,,,,
M. GREY [1],15,11,22,11,11,55,,,,,
FAWN [1],15,11,22,11,11,55,,,,,
Total,,59,118,59,59,295,,,,,
,,,,,,,,,,,
,,,,,,,,,,,
Cutting Matrix — Lot 62112,,,,,,,,,,,
Lot Number:,62112,Style:,BAN COLLAR WITH FULL ZIPPER,,,,,,,,
Fabric:,"D95 , D96",Garment Type:,JACKET,,,,,,,,
,,,,,,,,,,,
Color,Cutting Table,M,L,XL,2XL,Total Pcs,,,,,
OLIVE [1],12,11,22,11,11,55,,,,,
BROWN [1],12,12,24,12,12,60,,,,,
GREY [1],12,11,22,11,11,55,,,,,
OLIVE 1,12,10,20,10,10,50,,,,,
GREY,12,11,22,11,11,55,,,,,
Total,,55,110,55,55,275,,,,,
,,,,,,,,,,,
,,,,,,,,,,,
Cutting Matrix — Lot 62113,,,,,,,,,,,
Lot Number:,62113,Style:,BAN COLLAR WITH FULL ZIPPER,,,,,,,,
Fabric:,K15,Garment Type:,JACKET,,,,,,,,
,,,,,,,,,,,
Color,Cutting Table,M,L,XL,2XL,Total Pcs,,,,,
D. GREY [1],9,11,22,11,11,55,,,,,
GREY [1],9,10,20,10,10,50,,,,,
OLIVE [1],9,11,22,11,11,55,,,,,
FAWN [1],9,11,22,11,11,55,,,,,
Total,,43,86,43,43,215,,,,,
,,,,,,,,,,,
,,,,,,,,,,,
,,,,,,,,,,,
,,,,,,,,,,,
,,,,,,,,,,,
,,,,,,,,,,,
,,,,,,,,,,,
,,,,,,,,,,,
,,,,,,,,,,,
,,,,,,,,,,,
,,,,,,,,,,,
,,,,,,,,,,,
,,,,,,,,,,,
,,,,,,,,,,,
,,,,,,,,,,,
,,,,,,,,,,,
Cutting Matrix — Lot 62114,,,,,,,,,,,
Lot Number:,62114,Style:,BAN COLLAR WITH FULL ZIPPER,,,,,,,,
Fabric:,"K16 ,  K10",Garment Type:,JACKET,,,,,,,,
,,,,,,,,,,,
Color,Cutting Table,M,L,XL,2XL,Total Pcs,,,,,
GREY [1],8,20,40,20,20,100,,,,,
D. GREY [1],8,11,22,11,11,55,,,,,
OLIVE [1],8,22,44,22,22,110,,,,,
BEIGE [1],8,11,22,11,11,55,,,,,
Total,,64,128,64,64,320,,,,,
,,,,,,,,,,,
,,,,,,,,,,,
Cutting Matrix — Lot 61220,,,,,,,,,,,
Lot Number:,61220,Style:,KOREAN,,,,,,,,
Fabric:,UK LYCRA,Garment Type:,LOWER,,,,,,,,
,,,,,,,,,,,
Color,Cutting Table,M,L,XL,2XL,Total Pcs,,,,,
GREEN [1],8,14,28,28,14,84,,,,,
BEIGE [1],8,15,30,30,15,90,,,,,
Total,,29,58,58,29,174,,,,,
,,,,,,,,,,,
,,,,,,,,,,,
Cutting Matrix — Lot 61214,,,,,,,,,,,
Lot Number:,61214,Style:,ROUND NECK,,,,,,,,
Fabric:,RFD LYCRA,Garment Type:,T-SHIRT R/N,,,,,,,,
,,,,,,,,,,,
Color,Cutting Table,M,L,XL,Total Pcs,,,,,,
BLACK [1],11,52,52,26,130,,,,,,
P. GREEN [1],11,26,26,13,65,,,,,,
B. RED [1],11,26,26,13,65,,,,,,
B. GREEN [1],11,26,26,13,65,,,,,,
CARROT [1],11,26,26,13,65,,,,,,
GREY [1],11,52,52,26,130,,,,,,
FEROZI [1],11,26,26,13,65,,,,,,
WINE [1],0,0,0,0,0,,,,,,
NAVY [1],0,0,0,0,0,,,,,,
Total,,234,234,117,585,,,,,,
,,,,,,,,,,,
,,,,,,,,,,,
,,,,,,,,,,,
,,,,,,,,,,,
,,,,,,,,,,,
,,,,,,,,,,,
,,,,,,,,,,,
,,,,,,,,,,,
,,,,,,,,,,,
,,,,,,,,,,,
,,,,,,,,,,,
,,,,,,,,,,,
,,,,,,,,,,,
,,,,,,,,,,,
,,,,,,,,,,,
,,,,,,,,,,,
,,,,,,,,,,,
,,,,,,,,,,,
,,,,,,,,,,,
,,,,,,,,,,,
,,,,,,,,,,,
,,,,,,,,,,,
,,,,,,,,,,,
,,,,,,,,,,,
,,,,,,,,,,,
,,,,,,,,,,,
,,,,,,,,,,,
,,,,,,,,,,,
,,,,,,,,,,,
,,,,,,,,,,,
Cutting Matrix — Lot 61227,,,,,,,,,,,
Lot Number:,61227,Style:,NORMAL,,,,,,,,
Fabric:,TWILL TERRY,Garment Type:,LOWER,,,,,,,,
,,,,,,,,,,,
Color,Cutting Table,M,L,XL,XXL,Total Pcs,,,,,
BLACK  A [1],15,26,26,13,13,78,,,,,
BLACK  D [1],15,26,26,13,13,78,,,,,
MOUSE  C [1],15,26,26,13,13,78,,,,,
BEIGE  D [1],15,26,26,13,13,78,,,,,
OLIVE  A [1],15,26,26,13,13,78,,,,,
Total,,130,130,65,65,390,,,,,
,,,,,,,,,,,
,,,,,,,,,,,
Cutting Matrix — Lot 11782,,,,,,,,,,,
Lot Number:,11782,Style:,regular baju,,,,,,,,
Fabric:,MH LYCRA SINKER,Garment Type:,T-SHIRT,,,,,,,,
,,,,,,,,,,,
Color,Cutting Table,M,L,XL,2XL,Total Pcs,,,,,
WHITE (R,7,64,64,32,32,192,,,,,
GREEN) [2],0,0,0,0,0,0,,,,,
RUST (15%) [2],7,60,60,30,30,180,,,,,
BLACK (CREAM) [2],7,64,64,32,32,192,,,,,
Total,,188,188,94,94,564,,,,,
,,,,,,,,,,,
,,,,,,,,,,,
Cutting Matrix — Lot 11784,,,,,,,,,,,
Lot Number:,11784,Style:,regular baju,,,,,,,,
Fabric:,MH LYCRA SINKER,Garment Type:,T-SHIRT R/N,,,,,,,,
,,,,,,,,,,,
Color,Cutting Table,M,L,XL,2XL,Total Pcs,,,,,
D.GREY (WHITE) [2],7,64,64,32,32,192,,,,,
WHITE (ROYAL) [2],7,60,60,30,30,180,,,,,
BLACK (OLIVE) [2],7,68,68,34,34,204,,,,,
Total,,192,192,96,96,576,,,,,
,,,,,,,,,,,
,,,,,,,,,,,
Cutting Matrix — Lot 11781,,,,,,,,,,,
Lot Number:,11781,Style:,ROUNDNECK,,,,,,,,
Fabric:,BURBERRY,Garment Type:,T-SHIRT R/N,,,,,,,,
,,,,,,,,,,,
Color,Cutting Table,M,L,XL,2XL,Total Pcs,,,,,
15 % (REGULAR BAJU(NAVY)) [2],13,56,56,28,28,168,,,,,
D.GREY (POCKET) [2],13,46,46,23,23,138,,,,,
1% (POCKET) [2],13,46,46,23,23,138,,,,,
WHITE (PLAIN) [2],13,38,38,19,19,114,,,,,
RED (REGULAR BAJU(NAVY)) [2],13,64,64,32,32,192,,,,,
RUST (POCKET) [2],13,42,42,21,21,126,,,,,
CREAM (2 GULLLA (NAVY) BAJU ME) [2],13,46,46,23,23,138,,,,,
KHAKHI (2 GULLA (COFFEE) BAJU ME) [2],13,46,46,23,23,138,,,,,
COFFEE (2 GULLA( KHAKHI) BAJU ME) [2],13,38,38,19,19,114,,,,,
N.YELLOW (2 GULLA (PGREEN ) BAJU ME) [2],13,46,46,23,23,138,,,,,
AIRFORCE (PLAIN) [2],13,20,20,10,10,60,,,,,
LEAF GREEN (PLAIN) [2],13,46,46,23,23,138,,,,,
ROYAL (REGULAR (WHITE) BAJU) [2],13,64,64,32,32,192,,,,,
BLACK (PLAIN) [2],13,48,48,24,24,144,,,,,
Total,,646,646,323,323,1938,,,,,
,,,,,,,,,,,
,,,,,,,,,,,
Cutting Matrix — Lot 61229,,,,,,,,,,,
Lot Number:,61229,Style:,CHINESE,,,,,,,,
Fabric:,ROGGAR TWILL PRINT,Garment Type:,LOWER,,,,,,,,
,,,,,,,,,,,
Color,Cutting Table,M,L,XL,Total Pcs,,,,,,
BLACK [2],9,62,62,31,155,,,,,,
STONE [2],9,66,66,33,165,,,,,,
GREY [3],9,90,90,45,225,,,,,,
BEIGE [2],9,62,62,31,155,,,,,,
Total,,280,280,140,700,,,,,,
,,,,,,,,,,,
,,,,,,,,,,,
Cutting Matrix — Lot 61231,,,,,,,,,,,
Lot Number:,61231,Style:,REGULAR,,,,,,,,
Fabric:,UK LYCRA,Garment Type:,LOWER,,,,,,,,
,,,,,,,,,,,
Color,Cutting Table,M,L,XL,2XL,Total Pcs,,,,,
BLACK [1],15,22,44,44,22,132,,,,,
L. FAWN [1],15,11,22,22,11,66,,,,,
L. GREY [1],15,11,22,22,11,66,,,,,
D. MOUSE [1],15,11,22,22,11,66,,,,,
CAMEL [1],15,11,22,22,11,66,,,,,
Total,,66,132,132,66,396,,,,,
,,,,,,,,,,,
,,,,,,,,,,,
Cutting Matrix — Lot 61226,,,,,,,,,,,
Lot Number:,61226,Style:,NORMAL,,,,,,,,
Fabric:,ROAD STAR,Garment Type:,LOWER,,,,,,,,
,,,,,,,,,,,
Color,Cutting Table,M,L,XL,XXL,Total Pcs,,,,,
BLACK [1],12,46,46,23,23,138,,,,,
L. BROWN [1],12,22,22,11,11,66,,,,,
STONE [1],12,22,22,11,11,66,,,,,
MOUSE [1],12,22,22,11,11,66,,,,,
D. GREY [1],12,22,22,11,11,66,,,,,
BEIGE [1],12,26,26,13,13,78,,,,,
Total,,160,160,80,80,480,,,,,
,,,,,,,,,,,
,,,,,,,,,,,
,,,,,,,,,,,
,,,,,,,,,,,
,,,,,,,,,,,
,,,,,,,,,,,
,,,,,,,,,,,
,,,,,,,,,,,
,,,,,,,,,,,
,,,,,,,,,,,
,,,,,,,,,,,
,,,,,,,,,,,
,,,,,,,,,,,
,,,,,,,,,,,
,,,,,,,,,,,
,,,,,,,,,,,
,,,,,,,,,,,
,,,,,,,,,,,
,,,,,,,,,,,
,,,,,,,,,,,
,,,,,,,,,,,
,,,,,,,,,,,
,,,,,,,,,,,
,,,,,,,,,,,
,,,,,,,,,,,
,,,,,,,,,,,
,,,,,,,,,,,
,,,,,,,,,,,
,,,,,,,,,,,
,,,,,,,,,,,
Cutting Matrix — Lot 62120,,,,,,,,,,,
Lot Number:,62120,Style:,FULL ZIPPER COLLAR,,,,,,,,
Fabric:,CHERRY TT LEATHER,Garment Type:,JACKET,,,,,,,,
,,,,,,,,,,,
Color,Cutting Table,S,M,L,XL,Total Pcs,,,,,
COFFEE [2],8,13,26,13,13,65,,,,,
BLACK [2],8,26,52,26,26,130,,,,,
L. FAWN [2],8,13,26,13,13,65,,,,,
L. TAN [2],8,13,26,13,13,65,,,,,
D. FAWN [2],8,13,26,13,13,65,,,,,
OLIVE [2],8,13,26,13,13,65,,,,,
Total,,91,182,91,91,455,,,,,
,,,,,,,,,,,
,,,,,,,,,,,
Cutting Matrix — Lot 61230,,,,,,,,,,,
Lot Number:,61230,Style:,CHINESE,,,,,,,,
Fabric:,ROGGAR TWILL PRINT,Garment Type:,LOWER,,,,,,,,
,,,,,,,,,,,
Color,Cutting Table,M,L,XL,Total Pcs,,,,,,
BLACK [2],8,48,48,24,120,,,,,,
GREY [2],8,50,50,25,125,,,,,,
BEIGE [2],8,48,48,24,120,,,,,,
Total,,146,146,73,365,,,,,,
,,,,,,,,,,,
,,,,,,,,,,,
Cutting Matrix — Lot 11786,,,,,,,,,,,
Lot Number:,11786,Style:,ROUNDNECK,,,,,,,,
Fabric:,RFD LYCRA,Garment Type:,T-SHIRT R/N,,,,,,,,
,,,,,,,,,,,
Color,Cutting Table,M,L,XL,2XL,Total Pcs,,,,,
OFF WHITE [3],2,60,60,30,30,180,,,,,
OFF WHITR [3],2,60,60,30,30,180,,,,,
OFF WHITE 3,2,60,60,30,30,180,,,,,
OFF WHITE 5,2,60,60,30,30,180,,,,,
OFF WHITE 4,2,60,60,30,30,180,,,,,
OFF WHITE 2,2,60,60,30,30,180,,,,,
OFF WHITE 7,11,60,60,30,30,180,,,,,
OFF WHITE 8,11,60,60,30,30,180,,,,,
OFF WHITE 9,11,60,60,30,30,180,,,,,
OFF WHITE 10,11,60,60,30,30,180,,,,,
OFF WHITE 11,11,60,60,30,30,180,,,,,
OFF WHITE 12,11,60,60,30,30,180,,,,,
OFF WHITE 13,5,60,60,30,30,180,,,,,
OFF WHITE 14,5,60,60,30,30,180,,,,,
OFF WHITE 15,5,60,60,30,30,180,,,,,
OFF WHITE 16,5,60,60,30,30,180,,,,,
OFF WHITE 17,5,60,60,30,30,180,,,,,
OFF WHITE 18,5,60,60,30,30,180,,,,,
OFF WHITE 19,3,60,60,30,30,180,,,,,
OFF WHITE 20,3,60,60,30,30,180,,,,,
OFF WHITE 21,3,60,60,30,30,180,,,,,
OFF WHITE 22,3,60,60,30,30,180,,,,,
OFF WHITE 23,3,60,60,30,30,180,,,,,
OFF WHITE 24,3,60,60,30,30,180,,,,,
OFF WHITE 25,3,60,60,30,30,180,,,,,
OFF WHITE 26,3,60,60,30,30,180,,,,,
OF WHITE 27,3,60,60,30,30,180,,,,,
OFF WHITE 28,3,60,60,30,30,180,,,,,
OFF WHITE 29,3,60,60,30,30,180,,,,,
OFF WHITE 30,3,60,60,30,30,180,,,,,
Total,,1800,1800,900,900,5400,,,,,
,,,,,,,,,,,
,,,,,,,,,,,
,,,,,,,,,,,
,,,,,,,,,,,
,,,,,,,,,,,
,,,,,,,,,,,
,,,,,,,,,,,
,,,,,,,,,,,
,,,,,,,,,,,
,,,,,,,,,,,
,,,,,,,,,,,
,,,,,,,,,,,
,,,,,,,,,,,
,,,,,,,,,,,
,,,,,,,,,,,
,,,,,,,,,,,
,,,,,,,,,,,
,,,,,,,,,,,
,,,,,,,,,,,
,,,,,,,,,,,
,,,,,,,,,,,
,,,,,,,,,,,
,,,,,,,,,,,
,,,,,,,,,,,
,,,,,,,,,,,
,,,,,,,,,,,
,,,,,,,,,,,
,,,,,,,,,,,
,,,,,,,,,,,
,,,,,,,,,,,
,,,,,,,,,,,
,,,,,,,,,,,
Cutting Matrix — Lot 11795,,,,,,,,,,,
Lot Number:,11795,Style:,COLLAR + THOKA,,,,,,,,
Fabric:,LUSTER,Garment Type:,TS - UPPER,,,,,,,,
,,,,,,,,,,,
Color,Cutting Table,M,L,XL,2XL,3XL,4XL,5XL,Total Pcs,,
BUTTER (CENTER GULLA=TAMBACCO [5]  BAJU=LEAF) [0],3,25,50,25,25,10,10,10,155,,
BLACK (C=LEAF [0]  B=FAWN) [5],3,25,50,25,25,10,10,10,155,,
FAWN (C=TABCCO [0] B=BLACK) [5],3,25,50,25,25,10,10,10,155,,
LEAF (C=BUTTER [0] B=FAWN) [5],3,25,50,25,25,10,10,10,155,,
TABACCO (C=BUTTER [0] B=FAWN) [5],3,25,50,25,25,10,10,10,155,,
SILVER (C=TAMCCO [0] B=LEAF) [5],3,25,50,25,25,10,10,10,155,,
Total,,150,300,150,150,60,60,60,930,,
,,,,,,,,,,,
,,,,,,,,,,,
Cutting Matrix — Lot 11796,,,,,,,,,,,
Lot Number:,11796,Style:,16-17 MOHRI,,,,,,,,
Fabric:,LUSTER,Garment Type:,TS - LOWER,,,,,,,,
,,,,,,,,,,,
Color,Cutting Table,M,L,XL,2XL,3XL,4XL,5XL,Total Pcs,,
BUTTER (CENTER GULLA=TAMBACCO [5]  BAJU=LEAF) [0],3,25,50,25,25,10,10,10,155,,
BLACK (C=LEAF [0]  B=FAWN) [5],3,25,50,25,25,10,10,10,155,,
FAWN (C=TABCCO [0] B=BLACK) [5],3,25,50,25,25,10,10,10,155,,
LEAF (C=BUTTER [0] B=FAWN) [5],3,25,50,25,25,10,10,10,155,,
TABACCO (C=BUTTER [0] B=FAWN) [5],3,25,50,25,25,10,10,10,155,,
SILVER (C=TAMCCO [0] B=LEAF) [5],3,25,50,25,25,10,10,10,155,,
Total,,150,300,150,150,60,60,60,930,,
,,,,,,,,,,,
,,,,,,,,,,,
Cutting Matrix — Lot 62125,,,,,,,,,,,
Lot Number:,62125,Style:,REGULAR,,,,,,,,
Fabric:,UK LYCRA,Garment Type:,LOWER,,,,,,,,
,,,,,,,,,,,
Color,Cutting Table,M,L,XL,2XL,Total Pcs,,,,,
BLACK [1],9,24,48,48,24,144,,,,,
SILVER [1],9,15,30,30,15,90,,,,,
ROYAL [0.5],9,8,16,16,8,48,,,,,
RED [0.5],9,8,16,16,8,48,,,,,
L. FAWN [1],9,11,22,22,11,66,,,,,
Total,,66,132,132,66,396,,,,,
,,,,,,,,,,,
,,,,,,,,,,,
Cutting Matrix — Lot 62119,,,,,,,,,,,
Lot Number:,62119,Style:,BAN COLLAR WITH FULL ZIPPER,,,,,,,,
Fabric:,ONSTAR TT LEATHER,Garment Type:,JACKET,,,,,,,,
,,,,,,,,,,,
Color,Cutting Table,S,M,L,XL,Total Pcs,,,,,
BLACK [2],8,24,48,48,24,144,,,,,
D. COFFEE [2],8,13,26,26,13,78,,,,,
CAMEL [2],8,11,22,22,11,66,,,,,
Total,,48,96,96,48,288,,,,,
,,,,,,,,,,,
,,,,,,,,,,,
Cutting Matrix — Lot 62121,,,,,,,,,,,
Lot Number:,62121,Style:,FULL ZIPPER COLLAR,,,,,,,,
Fabric:,CHERRY TT LEATHER,Garment Type:,JACKET,,,,,,,,
,,,,,,,,,,,
Color,Cutting Table,S,M,L,XL,Total Pcs,,,,,
COFFEE [2],15,11,22,11,11,55,,,,,
BLACK [2],15,23,46,23,23,115,,,,,
L. FAWN [2],15,11,22,11,11,55,,,,,
L. TAN [2],15,11,22,11,11,55,,,,,
D. FAWN [2],15,11,22,11,11,55,,,,,
OLIVE [2],15,11,22,11,11,55,,,,,
Total,,78,156,78,78,390,,,,,
,,,,,,,,,,,
,,,,,,,,,,,
Cutting Matrix — Lot 11798,,,,,,,,,,,
Lot Number:,11798,Style:,CORD SET H/S,,,,,,,,
Fabric:,FC BOX KNIT,Garment Type:,Track Suit Lower,,,,,,,,
,,,,,,,,,,,
Color,Cutting Table,M,L,XL,2XL,3XL,4XL,5XL,Total Pcs,,
COFFEE (OFF WHITE) [9],13,25,50,25,25,10,10,10,155,,
OLIVE (OFF WHITE) [9],2,25,50,25,25,10,10,10,155,,
GREY (OFF WHITE) [9],2,25,50,25,25,10,10,10,155,,
FAWN (OLIVE) [9],13,25,50,25,25,10,10,10,155,,
BROWN (OLIVE) [9],13,25,50,25,25,10,10,10,155,,
BLACK (OFF WHITE) [9],2,25,50,25,25,10,10,10,155,,
Total,,150,300,150,150,60,60,60,930,,
,,,,,,,,,,,
,,,,,,,,,,,
Cutting Matrix — Lot 11797,,,,,,,,,,,
Lot Number:,11797,Style:,CORD SET H/S,,,,,,,,
Fabric:,FC BOX KNIT,Garment Type:,Track Suit Upper,,,,,,,,
,,,,,,,,,,,
Color,Cutting Table,M,L,XL,2XL,3XL,4XL,5XL,Total Pcs,,
COFFEE (OFF WHITE) [9],13,25,50,25,25,10,10,10,155,,
OLIVE (OFF WHITE) [9],2,25,50,25,25,10,10,10,155,,
GREY (OFF WHITE) [9],2,25,50,25,25,10,10,10,155,,
FAWN (OLIVE) [9],13,25,50,25,25,10,10,10,155,,
BROWN (OLIVE) [9],13,25,50,25,25,10,10,10,155,,
BLACK (OFF WHITE) [9],2,25,50,25,25,10,10,10,155,,
Total,,150,300,150,150,60,60,60,930,,
,,,,,,,,,,,
,,,,,,,,,,,
Cutting Matrix — Lot 67018,,,,,,,,,,,
Lot Number:,67018,Style:,FULL ZIPPER HOODIE,,,,,,,,
Fabric:,MH FLEECE,Garment Type:,SWEATSHIRT,,,,,,,,
,,,,,,,,,,,
Color,Cutting Table,M,L,XL,Total Pcs,,,,,,
CEMENT [2],5,20,20,10,50,,,,,,
OFF WHITE [2],5,16,16,8,40,,,,,,
CREAM [2],5,22,22,11,55,,,,,,
BLACK [2],5,46,46,23,115,,,,,,
COFFEE [2],0,0,0,0,0,,,,,,
OLIVE 4388 [2],5,20,20,10,50,,,,,,
L. GREY 4420 [2],5,22,22,11,55,,,,,,
BEIGE 4414 [2],5,20,20,10,50,,,,,,
NAVY [2],5,22,22,11,55,,,,,,
MOUSE,5,20,20,10,50,,,,,,
Total,,208,208,104,520,,,,,,
,,,,,,,,,,,
,,,,,,,,,,,
Cutting Matrix — Lot 11791,,,,,,,,,,,
Lot Number:,11791,Style:,COLLAR + THOKA,,,,,,,,
Fabric:,MH LYCRA SINKER,Garment Type:,Track Suit Upper,,,,,,,,
,,,,,,,,,,,
Color,Cutting Table,M,L,XL,2XL,Total Pcs,,,,,
CAMEL (RAMAN) [4],4,21,42,21,21,105,,,,,
CREAM (MH) [4],4,24,48,24,24,120,,,,,
BLACK (MH) [4],4,24,48,24,24,120,,,,,
NAVY (MH) [4],4,18,36,18,18,90,,,,,
WHITE (MH) [4],4,24,48,24,24,120,,,,,
Total,,111,222,111,111,555,,,,,
,,,,,,,,,,,
,,,,,,,,,,,
Cutting Matrix — Lot 11792,,,,,,,,,,,
Lot Number:,11792,Style:,COLLAR + THOKA,,,,,,,,
Fabric:,MH LYCRA SINKER,Garment Type:,Track Suit Lower,,,,,,,,
,,,,,,,,,,,
Color,Cutting Table,M,L,XL,2XL,Total Pcs,,,,,
CAMEL (RAMAN) [4],4,21,42,21,21,105,,,,,
CREAM (MH) [4],4,24,48,24,24,120,,,,,
BLACK (MH) [4],4,24,48,24,24,120,,,,,
NAVY (MH) [4],4,18,36,18,18,90,,,,,
WHITE (MH) [4],4,24,48,24,24,120,,,,,
Total,,111,222,111,111,555,,,,,
,,,,,,,,,,,
,,,,,,,,,,,
Cutting Matrix — Lot 62122,,,,,,,,,,,
Lot Number:,62122,Style:,R/ NECK HOODIE,,,,,,,,
Fabric:,MH FLEECE,Garment Type:,SWEATSHIRT,,,,,,,,
,,,,,,,,,,,
Color,Cutting Table,M,L,XL,Total Pcs,,,,,,
BLACK [2],1,46,46,23,115,,,,,,
WHITE [2],1,22,22,11,55,,,,,,
NAVY [2],1,24,24,12,60,,,,,,
RED [2],1,22,22,11,55,,,,,,
ORANGE [2],1,20,20,10,50,,,,,,
Total,,134,134,67,335,,,,,,
,,,,,,,,,,,
,,,,,,,,,,,
Cutting Matrix — Lot 62123,,,,,,,,,,,
Lot Number:,62123,Style:,REGULAR,,,,,,,,
Fabric:,UK LYCRA,Garment Type:,LOWER,,,,,,,,
,,,,,,,,,,,
Color,Cutting Table,M,L,XL,2XL,Total Pcs,,,,,
BLACK [1],8,27,54,54,27,162,,,,,
SKY [1],8,12,24,24,12,72,,,,,
WHITE [1],8,13,26,26,13,78,,,,,
D. MOUSE [1],8,13,26,26,13,78,,,,,
SILVER [1],8,13,26,26,13,78,,,,,
Total,,78,156,156,78,468,,,,,
,,,,,,,,,,,
,,,,,,,,,,,
Cutting Matrix — Lot 73075,,,,,,,,,,,
Lot Number:,73075,Style:,T/NECK FULL ZIPPER,,,,,,,,
Fabric:,ROGGER TWILL,Garment Type:,JACKET,,,,,,,,
,,,,,,,,,,,
Color,Cutting Table,M,L,XL,2XL,Total Pcs,,,,,
BLACK [1],12,20,20,20,20,80,,,,,
GRAY [1],12,19,19,19,19,76,,,,,
BEIGE [1],12,20,20,20,20,80,,,,,
Total,,59,59,59,59,236,,,,,
,,,,,,,,,,,
,,,,,,,,,,,
Cutting Matrix — Lot 73076,,,,,,,,,,,
Lot Number:,73076,Style:,T/NECK FULL ZIPPER,,,,,,,,
Fabric:,ROGGER TWILL,Garment Type:,JACKET,,,,,,,,
,,,,,,,,,,,
Color,Cutting Table,M,L,XL,2XL,Total Pcs,,,,,
BLACK [1],12,19,19,19,19,76,,,,,
GRAY [1],12,19,19,19,19,76,,,,,
BEIGE [1],12,20,20,20,20,80,,,,,
Total,,58,58,58,58,232,,,,,
,,,,,,,,,,,
,,,,,,,,,,,
Cutting Matrix — Lot 11793,,,,,,,,,,,
Lot Number:,11793,Style:,collar tshirt cord set,,,,,,,,
Fabric:,K.C PO NO 4058,Garment Type:,Track Suit Upper,,,,,,,,
,,,,,,,,,,,
Color,Cutting Table,M,L,XL,2XL,3XL,4XL,5XL,Total Pcs,,
BEIGE [5],7,39,81,39,39,0,0,0,198,,
MOUSE [5],7,37,78,37,37,18,18,18,243,,
BROWN [5],7,36,76,36,36,0,0,0,184,,
BLACK [5],7,38,78,38,38,18,18,18,246,,
OLIVE [5],7,36,73,36,36,17,17,17,232,,
GREY [5],7,39,79,39,39,0,0,0,196,,
OFF WHITE,7,0,0,0,0,17,17,17,51,,
L.GREY,7,0,0,0,0,17,17,17,51,,
D.GREY,7,0,0,0,0,16,16,16,48,,
Total,,225,465,225,225,103,103,103,1449,,
,,,,,,,,,,,
,,,,,,,,,,,
,,,,,,,,,,,
,,,,,,,,,,,
,,,,,,,,,,,
Cutting Matrix — Lot 11794,,,,,,,,,,,
Lot Number:,11794,Style:,collar tshirt cord set,,,,,,,,
Fabric:,K.C PO NO 4058,Garment Type:,Track Suit Lower,,,,,,,,
,,,,,,,,,,,
Color,Cutting Table,M,L,XL,2XL,3XL,4XL,5XL,Total Pcs,,
BEIGE [5],7,39,81,39,39,0,0,0,198,,
MOUSE [5],7,37,78,37,37,18,18,18,243,,
BROWN [5],7,36,76,36,36,0,0,0,184,,
BLACK [5],7,38,78,38,38,18,18,18,246,,
OLIVE [5],7,36,73,36,36,17,17,17,232,,
GREY [5],7,39,79,39,39,0,0,0,196,,
D.GREY,7,0,0,0,0,16,16,16,48,,
L.GREY,7,0,0,0,0,17,17,17,51,,
OFF WHITE,7,0,0,0,0,17,17,17,51,,
Total,,225,465,225,225,103,103,103,1449,,
,,,,,,,,,,,
,,,,,,,,,,,
Cutting Matrix — Lot 61216,,,,,,,,,,,
Lot Number:,61216,Style:,COLLAR + THOKA,,,,,,,,
Fabric:,RFD P.K NON-LYCRA,Garment Type:,T-SHIRT,,,,,,,,
,,,,,,,,,,,
Color,Cutting Table,M,L,XL,XXL,Total Pcs,,,,,
BLACK [1],1,44,22,44,22,132,,,,,
P. GREEN [1],1,22,11,22,11,66,,,,,
B. RED [1],1,22,11,22,11,66,,,,,
NAVY [1],1,22,11,22,11,66,,,,,
WINE [1],1,22,11,22,11,66,,,,,
FEROZE [1],1,22,11,22,11,66,,,,,
GREY [1],1,22,11,22,11,66,,,,,
ORANGE [1],1,22,11,22,11,66,,,,,
CARROT [1],1,22,11,22,11,66,,,,,
CAMEL [1],1,22,11,22,11,66,,,,,
B. GREEN [1],1,22,11,22,11,66,,,,,
Total,,264,132,264,132,792,,,,,
,,,,,,,,,,,
,,,,,,,,,,,
Cutting Matrix — Lot 61217,,,,,,,,,,,
Lot Number:,61217,Style:,COLLAR + THOKA,,,,,,,,
Fabric:,RFD P.K NON-LYCRA,Garment Type:,T-SHIRT,,,,,,,,
,,,,,,,,,,,
Color,Cutting Table,M,L,XL,XXL,Total Pcs,,,,,
BLACK [1],1,52,26,52,26,156,,,,,
P. GREEN [1],1,26,13,26,13,78,,,,,
B. RED [1],1,26,13,26,13,78,,,,,
NAVY [1],1,26,13,26,13,78,,,,,
WINE [1],1,26,13,26,13,78,,,,,
FEROZE [1],1,26,13,26,13,78,,,,,
GREY [1],1,26,13,26,13,78,,,,,
ORANGE [1],1,26,13,26,13,78,,,,,
CARROT [1],1,26,13,26,13,78,,,,,
CAMEL [1],1,26,13,26,13,78,,,,,
B. GREEN [1],1,26,13,26,13,78,,,,,
Total,,312,156,312,156,936,,,,,
,,,,,,,,,,,
Cutting Matrix — Lot 11851,,,,,,,,,,,
Lot Number:,11851,Style:,ROUNDNECK,,,,,,,,
Fabric:,HEAVY COTTON RFD,Garment Type:,T-SHIRT,,,,,,,,
,,,,,,,,,,,
Color,Cutting Table,2XL,3XL,4XL,Total Pcs,,,,,,
OFF WHITE RFD [5],4,100,100,100,300,,,,,,
OFF WHITE 2,4,100,100,100,300,,,,,,
OFF WHITE 3,4,100,100,100,300,,,,,,
OFF WHITE 4,10,100,100,100,300,,,,,,
OFF WHITE 5,10,100,100,100,300,,,,,,
OFF WHITE 6,11,100,100,100,300,,,,,,
OFF WHITE 7,11,100,100,100,300,,,,,,
OFF WHITE 8,11,120,120,120,360,,,,,,
Total,,820,820,820,2460,,,,,,
Cutting Matrix — Lot 61224,,,,,,,,,,,
Lot Number:,61224,Style:,UNIQLO FIT,,,,,,,,
Fabric:,MH FLEECE,Garment Type:,LOWER,,,,,,,,
,,,,,,,,,,,
Color,Cutting Table,M,L,XL,Total Pcs,,,,,,
BLACK [2],7,44,44,22,110,,,,,,
NAVY [2],7,24,25,12,61,,,,,,
BEIGE [2],7,22,23,11,56,,,,,,
CAMEL [2],7,24,25,12,61,,,,,,
Total,,114,117,57,288,,,,,,
,,,,,,,,,,,
Cutting Matrix — Lot 11805,,,,,,,,,,,
Lot Number:,11805,Style:,T.SHIRT COLLAR FULL SLEEVE,,,,,,,,
Fabric:,MH LYCRA SINKER,Garment Type:,T-SHIRT COLLAR,,,,,,,,
,,,,,,,,,,,
Color,Cutting Table,M,L,XL,Total Pcs,,,,,,
BLACK [2],7,80,80,40,200,,,,,,
OFFWHITE [2],7,40,40,20,100,,,,,,
RUST [2],7,40,40,20,100,,,,,,
NAVY [2],0,0,0,0,0,,,,,,
BEIGE [2],7,40,40,20,100,,,,,,
CREAM [2],7,40,40,20,100,,,,,,
B.GREEN [2],7,40,40,20,100,,,,,,
Total,,280,280,140,700,,,,,,
,,,,,,,,,,,
,,,,,,,,,,,
Cutting Matrix — Lot 10024,,,,,,,,,,,
Lot Number:,10024,Style:,ROUNDNECK,,,,,,,,
Fabric:,MIX,Garment Type:,T-SHIRT R/N,,,,,,,,
,,,,,,,,,,,
Color,Cutting Table,MIX,Total Pcs,,,,,,,,
MIX [1],MIX,2166,2166,,,,,,,,
MIX,MIX,1280,1280,,,,,,,,
Total,,3446,3446,,,,,,,,
,,,,,,,,,,,
Cutting Matrix — Lot 11801,,,,,,,,,,,
Lot Number:,11801,Style:,T-SHIRT HALF BAJU,,,,,,,,
Fabric:,RFD LYCRA,Garment Type:,T-SHIRT R/N,,,,,,,,
,,,,,,,,,,,
Color,Cutting Table,M,L,XL,2XL,Total Pcs,,,,,
OFF WHTE [14],4,120,120,60,60,360,,,,,
OFF WHITE [14],4,130,130,65,65,390,,,,,
OFFWHITE [13],2,120,120,60,60,360,,,,,
OFF WHITE 5,2,120,120,60,60,360,,,,,
OFF WHITE 2,2,120,120,60,60,360,,,,,
OFF WHITE,1,120,120,60,60,360,,,,,
OFF WHITE 9,1,120,120,60,60,360,,,,,
OFF WHITE 8,5,120,120,60,60,360,,,,,
OFF WHITE 73,5,120,120,60,60,360,,,,,
Total,,1090,1090,545,545,3270,,,,,
,,,,,,,,,,,
,,,,,,,,,,,
,,,,,,,,,,,
,,,,,,,,,,,
,,,,,,,,,,,
,,,,,,,,,,,
,,,,,,,,,,,
,,,,,,,,,,,
,,,,,,,,,,,
Cutting Matrix — Lot 62080,,,,,,,,,,,
Lot Number:,62080,Style:,FULL ZIPPER HOOD,,,,,,,,
Fabric:,Q18 JKT,Garment Type:,WINDCHEATER,,,,,,,,
,,,,,,,,,,,
Color,Cutting Table,M,L,XL,XXL,Total Pcs,,,,,
OLIVE [1],8,20,40,20,20,100,,,,,
BEIGE [1],8,21,42,21,21,105,,,,,
L. GREY [1],8,19,38,19,19,95,,,,,
BLACK [1],8,46,92,46,46,230,,,,,
D. GREY(HALF) [1],8,11,22,11,11,55,,,,,
Total,,117,234,117,117,585,,,,,
,,,,,,,,,,,
,,,,,,,,,,,
Cutting Matrix — Lot 62110,,,,,,,,,,,
Lot Number:,62110,Style:,R / NECK HOODIE,,,,,,,,
Fabric:,RFD FLEECE,Garment Type:,SWEATSHIRT,,,,,,,,
,,,,,,,,,,,
Color,Cutting Table,M,L,XL,Total Pcs,,,,,,
BLACK [2],11,28,28,14,70,,,,,,
GREY [2],11,20,20,10,50,,,,,,
SKY BLUE [2],11,18,18,9,45,,,,,,
DENIM BLUE [2],11,18,18,9,45,,,,,,
Total,,84,84,42,210,,,,,,
,,,,,,,,,,,
,,,,,,,,,,,
Cutting Matrix — Lot 62108,,,,,,,,,,,
Lot Number:,62108,Style:,FULL ZIPPER HOOD,,,,,,,,
Fabric:,RFD FLEECE,Garment Type:,SWEATSHIRT,,,,,,,,
,,,,,,,,,,,
Color,Cutting Table,M,L,XL,Total Pcs,,,,,,
BLACK [2],11,28,28,14,70,,,,,,
NAVY [2],11,20,20,10,50,,,,,,
GREY [2],11,18,18,9,45,,,,,,
B. GREEN [2],11,18,18,9,45,,,,,,
Total,,84,84,42,210,,,,,,
,,,,,,,,,,,
Cutting Matrix — Lot 11803,,,,,,,,,,,
Lot Number:,11803,Style:,T.SHIRT COLLAR FULL SLEEVE,,,,,,,,
Fabric:,MH LYCRA SINKER,Garment Type:,T-SHIRT COLLAR,,,,,,,,
,,,,,,,,,,,
Color,Cutting Table,M,L,XL,Total Pcs,,,,,,
OFFWHITE [2],4,56,56,28,140,,,,,,
BLACK [2],4,114,114,57,285,,,,,,
NAVY [2],0,0,0,0,0,,,,,,
CREAM [2],4,54,54,27,135,,,,,,
BEIGE [2],4,56,56,28,140,,,,,,
Total,,280,280,140,700,,,,,,
,,,,,,,,,,,
,,,,,,,,,,,
Cutting Matrix — Lot 11808,,,,,,,,,,,
Lot Number:,11808,Style:,ROUNDNECK,,,,,,,,
Fabric:,RFD LYCRA,Garment Type:,T-SHIRT R/N,,,,,,,,
,,,,,,,,,,,
Color,Cutting Table,M,L,XL,Total Pcs,,,,,,
OFF WHITE [11],7,120,120,60,300,,,,,,
OFF WHITE 2,7,120,120,60,300,,,,,,
OFF WHITE 3,7,120,120,60,300,,,,,,
OFF WHITE 4,2,120,120,60,300,,,,,,
OFF WHITE 5,2,120,120,60,300,,,,,,
OFF WHITE 6,2,120,120,60,300,,,,,,
OFF WHITE 7,7,24,24,12,60,,,,,,
OFF WHITE 8,13,120,120,60,300,,,,,,
OFF WHITE 9,13,120,120,60,300,,,,,,
Total,,984,984,492,2460,,,,,,
,,,,,,,,,,,
,,,,,,,,,,,
,,,,,,,,,,,
,,,,,,,,,,,
,,,,,,,,,,,
,,,,,,,,,,,
,,,,,,,,,,,
,,,,,,,,,,,
,,,,,,,,,,,
,,,,,,,,,,,
,,,,,,,,,,,
,,,,,,,,,,,
,,,,,,,,,,,
,,,,,,,,,,,
,,,,,,,,,,,
,,,,,,,,,,,
,,,,,,,,,,,
,,,,,,,,,,,
Cutting Matrix — Lot 11806,,,,,,,,,,,
Lot Number:,11806,Style:,T.SHIRT ROUND NECK REGALLAN HALF SLEEVE,,,,,,,,
Fabric:,MH LYCRA SINKER,Garment Type:,T-SHIRT R/N,,,,,,,,
,,,,,,,,,,,
Color,Cutting Table,M,L,XL,2XL,Total Pcs,,,,,
BASE AND BONE BLACK (BAJU AND GULLA WHITE) [2],1,40,40,20,20,120,,,,,
NAVY (RED) [2],0,0,0,0,0,0,,,,,
RED (NAVY) [2],1,40,40,20,20,120,,,,,
BGREEN (WHITE) [2],1,40,40,20,20,120,,,,,
WHITE (NAVY) [2],1,40,40,20,20,120,,,,,
CREAM (RUST) [2],1,40,40,20,20,120,,,,,
BLACK (RUST) [2],1,40,40,20,20,120,,,,,
Total,,240,240,120,120,720,,,,,
,,,,,,,,,,,
,,,,,,,,,,,
Cutting Matrix — Lot 10025,,,,,,,,,,,
Lot Number:,10025,Style:,LOWER,,,,,,,,
Fabric:,BOXER,Garment Type:,LOWER,,,,,,,,
,,,,,,,,,,,
Color,Cutting Table,M,L,XL,2XL,Total Pcs,,,,,
BLACK [1],2,24,24,24,24,96,,,,,
TAN [1],2,23,23,23,23,92,,,,,
DUST NAVY [1],2,23,23,23,23,92,,,,,
MEHROON [1],2,23,23,23,23,92,,,,,
MOUSE [1],2,23,23,23,23,92,,,,,
OLIVE [1],2,23,23,23,23,92,,,,,
WHITE [1],2,23,23,23,23,92,,,,,
PISTA [1],2,23,23,23,23,92,,,,,
L GREY [1],2,23,23,23,23,92,,,,,
D GREY [1],2,25,25,25,25,100,,,,,
BLACK 2[1],2,24,24,24,24,96,,,,,
Total,,257,257,257,257,1028,,,,,
,,,,,,,,,,,
,,,,,,,,,,,
Cutting Matrix — Lot 11814,,,,,,,,,,,
Lot Number:,11814,Style:,KOREAN FIT,,,,,,,,
Fabric:,UK LYCRA,Garment Type:,LOWER,,,,,,,,
,,,,,,,,,,,
Color,Cutting Table,M,L,XL,2XL,Total Pcs,,,,,
BLACK (185 PCS) [3],8,31,62,62,31,186,,,,,
BLACK (220 PCS) [3],8,37,74,74,37,222,,,,,
BLACK (200 PCS) [3],8,34,68,68,34,204,,,,,
BLACK,8,31,62,62,31,186,,,,,
Total,,133,266,266,133,798,,,,,
,,,,,,,,,,,
,,,,,,,,,,,
Cutting Matrix — Lot 11815,,,,,,,,,,,
Lot Number:,11815,Style:,KOREAN FIT,,,,,,,,
Fabric:,UK LYCRA,Garment Type:,LOWER,,,,,,,,
,,,,,,,,,,,
Color,Cutting Table,M,L,XL,2XL,Total Pcs,,,,,
BLACK [1],8,40,80,80,40,240,,,,,
GRAY [3],8,10,20,20,10,60,,,,,
Total,,50,100,100,50,300,,,,,
,,,,,,,,,,,
,,,,,,,,,,,
Cutting Matrix — Lot 62126,,,,,,,,,,,
Lot Number:,62126,Style:,S/L CARGO JKT,,,,,,,,
Fabric:,CHERRY TT LEATHER,Garment Type:,JACKET,,,,,,,,
,,,,,,,,,,,
Color,Cutting Table,M,L,XL,Total Pcs,,,,,,
BLACK [2],9,30,30,15,75,,,,,,
COFFEE [2],9,30,30,15,75,,,,,,
L. FAWN [2],9,32,32,16,80,,,,,,
Total,,92,92,46,230,,,,,,
,,,,,,,,,,,
,,,,,,,,,,,
Cutting Matrix — Lot 11802,,,,,,,,,,,
Lot Number:,11802,Style:,T.SHIRT FULL SLEEVE,,,,,,,,
Fabric:,MH LYCRA SINKER,Garment Type:,T-SHIRT COLLAR,,,,,,,,
,,,,,,,,,,,
Color,Cutting Table,M,L,XL,Total Pcs,,,,,,
BLACK (WHITE (COLLAR)) [2],11,56,56,28,140,,,,,,
OFFWHITE (BLACK) [2],11,54,54,27,135,,,,,,
SURF (WHITE) [2],11,50,50,25,125,,,,,,
RED (WHITE) [2],11,54,54,27,135,,,,,,
15% (WHITE) [2],11,50,50,25,125,,,,,,
BLUE (WHITE) [2],0,0,0,0,0,,,,,,
BLACK (WHITE) [2],11,52,52,26,130,,,,,,
R.GREEN (WHITE) [2],11,48,48,24,120,,,,,,
AQUA (WHITE) [2],11,54,54,27,135,,,,,,
Total,,418,418,209,1045,,,,,,
,,,,,,,,,,,
,,,,,,,,,,,
Cutting Matrix — Lot 11811,,,,,,,,,,,
Lot Number:,11811,Style:,LOWER BOXY FIT,,,,,,,,
Fabric:,HEAVY COTTON RFD,Garment Type:,LOWER,,,,,,,,
,,,,,,,,,,,
Color,Cutting Table,M,L,XL,Total Pcs,,,,,,
OFF WHITE ((BLACK)) [2],4,60,60,30,150,,,,,,
OFF WHITE ((D.GRAY)) [2],4,60,60,30,150,,,,,,
OFF WHITE ((DENIM)) [2],4,60,60,30,150,,,,,,
Total,,180,180,90,450,,,,,,
,,,,,,,,,,,
,,,,,,,,,,,
Cutting Matrix — Lot 11812,,,,,,,,,,,
Lot Number:,11812,Style:,LOWER BOXY FIT,,,,,,,,
Fabric:,HEAVY COTTON RFD,Garment Type:,LOWER,,,,,,,,
,,,,,,,,,,,
Color,Cutting Table,M,L,XL,Total Pcs,,,,,,
OFF WHITE ((BLACK)) [2],4,60,60,30,150,,,,,,
OFF WHITE ((D.GRAY)) [2],4,60,60,30,150,,,,,,
OFF WHITE ((DENIM)) [2],4,60,60,30,150,,,,,,
Total,,180,180,90,450,,,,,,
,,,,,,,,,,,
,,,,,,,,,,,
Cutting Matrix — Lot 11813,,,,,,,,,,,
Lot Number:,11813,Style:,LOWER BOXY FIT,,,,,,,,
Fabric:,HEAVY COTTON RFD,Garment Type:,LOWER,,,,,,,,
,,,,,,,,,,,
Color,Cutting Table,M,L,XL,Total Pcs,,,,,,
OFF WHITE ((BLACK)) [2],4,60,60,30,150,,,,,,
OFF WHITE ((D.GRAY)) [2],4,60,60,30,150,,,,,,
OFF WHITE ((DENIM)) [2],4,60,60,30,150,,,,,,
Total,,180,180,90,450,,,,,,
,,,,,,,,,,,
,,,,,,,,,,,
Cutting Matrix — Lot 11799,,,,,,,,,,,
Lot Number:,11799,Style:,T.SHIRT ROUND NECK FULL SLEEVE BOXY FIT,,,,,,,,
Fabric:,K.C,Garment Type:,T-SHIRT,,,,,,,,
,,,,,,,,,,,
Color,Cutting Table,M,L,XL,Total Pcs,,,,,,
RUST (OFFWHITE GALA AND BAJU) [2],2,50,50,25,125,,,,,,
GREY (OFFWHITE GALA AND BAJU) [2],2,50,50,25,125,,,,,,
FAWN (RUST) [2],2,50,50,25,125,,,,,,
NAVY (OFFWHITE) [2],2,50,50,25,125,,,,,,
OFFWHITE (RUST) [2],2,50,50,25,125,,,,,,
BLACK (FAWN) [2],2,50,50,25,125,,,,,,
Total,,300,300,150,750,,,,,,
,,,,,,,,,,,
,,,,,,,,,,,
Cutting Matrix — Lot 61245,,,,,,,,,,,
Lot Number:,61245,Style:,LOWER CARGO,,,,,,,,
Fabric:,Q20 PRINT,Garment Type:,LOWER,,,,,,,,
,,,,,,,,,,,
Color,Cutting Table,M,L,XL,XXL,Total Pcs,,,,,
BEIGE [1],9,22,22,11,11,66,,,,,
GREY [1],9,18,18,9,9,54,,,,,
OLIVE [1],9,16,16,8,8,48,,,,,
COFFEE [1],9,20,20,10,10,60,,,,,
Total,,76,76,38,38,228,,,,,
,,,,,,,,,,,
,,,,,,,,,,,
Cutting Matrix — Lot 61246,,,,,,,,,,,
Lot Number:,61246,Style:,LOWER CARGO,,,,,,,,
Fabric:,Q20 PRINT,Garment Type:,LOWER,,,,,,,,
,,,,,,,,,,,
Color,Cutting Table,M,L,XL,XXL,Total Pcs,,,,,
BEIGE [1],9,22,22,11,11,66,,,,,
GREY [1],9,18,18,9,9,54,,,,,
OLIVE [1],9,16,16,8,8,48,,,,,
COFFEE [1],0,0,0,0,0,0,,,,,
Total,,56,56,28,28,168,,,,,
,,,,,,,,,,,
,,,,,,,,,,,
Cutting Matrix — Lot 11809,,,,,,,,,,,
Lot Number:,11809,Style:,ROUNDNECK,,,,,,,,
Fabric:,HEAVY COTTON RFD,Garment Type:,T-SHIRT R/N,,,,,,,,
,,,,,,,,,,,
Color,Cutting Table,M,L,XL,2XL,Total Pcs,,,,,
OFF WHITE [10],2,120,120,60,60,360,,,,,
OFF WHITE 2,2,120,120,60,60,360,,,,,
OFF WHITE 3,2,120,120,60,60,360,,,,,
OFF WHITE 4,1,120,120,60,60,360,,,,,
OFF WHITE 5,1,120,120,60,60,360,,,,,
OFF WHITE 6,1,120,120,60,60,360,,,,,
OFF WHITE 7,5,120,120,60,60,360,,,,,
OFF WHITE 8,5,120,120,60,60,360,,,,,
OFF WHITE 9,5,120,120,60,60,360,,,,,
OFF WHITE 10,1,120,120,60,60,360,,,,,
OFF WHITE 11,1,120,120,60,60,360,,,,,
OFF WHITE 12,1,120,120,60,60,360,,,,,
Total,,1440,1440,720,720,4320,,,,,
,,,,,,,,,,,
,,,,,,,,,,,
Cutting Matrix — Lot 11800,,,,,,,,,,,
Lot Number:,11800,Style:,T.SHIRT ROUND NECK FULL SLEEVE BOXY FIT,,,,,,,,
Fabric:,K.C,Garment Type:,T-SHIRT,,,,,,,,
,,,,,,,,,,,
Color,Cutting Table,M,L,XL,Total Pcs,,,,,,
RUST (FAWN GALA AND BAJU) [2],2,50,50,25,125,,,,,,
GREY (OFFWHITE GALA AND BAJU) [2],2,50,50,25,125,,,,,,
FAWN (GREY) [2],2,50,50,25,125,,,,,,
NAVY (RUST) [2],2,50,50,25,125,,,,,,
OFFWHITE (NAVY) [2],2,50,50,25,125,,,,,,
BLACK (OFFWHITE) [2],2,50,50,25,125,,,,,,
Total,,300,300,150,750,,,,,,
,,,,,,,,,,,
,,,,,,,,,,,
Cutting Matrix — Lot 11789,,,,,,,,,,,
Lot Number:,11789,Style:,COLLAR + THOKA,,,,,,,,
Fabric:,MH FINE COTTON,Garment Type:,Track Suit Upper,,,,,,,,
,,,,,,,,,,,
Color,Cutting Table,M,L,XL,2XL,Total Pcs,,,,,
NAVY (WHITE-RED) [4],3,25,50,25,25,125,,,,,
WHITE (NAVY-RED) [4],3,25,50,25,25,125,,,,,
CREAM (NAVY-RED) [4],3,25,50,25,25,125,,,,,
RED (WHITE-NAVY) [4],3,25,50,25,25,125,,,,,
BLACK (RED-WHITE) [4],3,25,50,25,25,125,,,,,
BLUE (WHITE-RED) [4],3,25,50,25,25,125,,,,,
Total,,150,300,150,150,750,,,,,
,,,,,,,,,,,
,,,,,,,,,,,
Cutting Matrix — Lot 11790,,,,,,,,,,,
Lot Number:,11790,Style:,COLLAR + THOKA,,,,,,,,
Fabric:,MH FINE COTTON,Garment Type:,Track Suit Lower,,,,,,,,
,,,,,,,,,,,
Color,Cutting Table,M,L,XL,2XL,Total Pcs,,,,,
NAVY (WHITE-RED) [4],3,25,50,25,25,125,,,,,
WHITE (NAVY-RED) [4],3,25,50,25,25,125,,,,,
CREAM (NAVY-RED) [4],3,25,50,25,25,125,,,,,
RED (WHITE-NAVY) [4],3,25,50,25,25,125,,,,,
BLACK (RED-WHITE) [4],3,25,50,25,25,125,,,,,
BLUE (WHITE-RED) [4],3,25,50,25,25,125,,,,,
Total,,150,300,150,150,750,,,,,
,,,,,,,,,,,
,,,,,,,,,,,
,,,,,,,,,,,
,,,,,,,,,,,
,,,,,,,,,,,
,,,,,,,,,,,
,,,,,,,,,,,
,,,,,,,,,,,
,,,,,,,,,,,
,,,,,,,,,,,
,,,,,,,,,,,
Cutting Matrix — Lot 11787,,,,,,,,,,,
Lot Number:,11787,Style:,COLLAR + THOKA,,,,,,,,
Fabric:,MH FINE COTTON,Garment Type:,Track Suit Upper,,,,,,,,
,,,,,,,,,,,
Color,Cutting Table,M,L,XL,2XL,Total Pcs,,,,,
NAVY (WHITE-RED) [5],13,25,50,25,25,125,,,,,
WHITE (NAVY-RED) [5],13,25,50,25,25,125,,,,,
CREAM (NAVY-RED) [5],13,25,50,25,25,125,,,,,
RED (WHITE-NAVY) [5],13,25,50,25,25,125,,,,,
BLACK (RED-WHITE) [5],13,25,50,25,25,125,,,,,
BLUE (WHITE-RED) [5],13,25,50,25,25,125,,,,,
Total,,150,300,150,150,750,,,,,
,,,,,,,,,,,
,,,,,,,,,,,
Cutting Matrix — Lot 11788,,,,,,,,,,,
Lot Number:,11788,Style:,COLLAR + THOKA,,,,,,,,
Fabric:,MH FINE COTTON,Garment Type:,Track Suit Lower,,,,,,,,
,,,,,,,,,,,
Color,Cutting Table,M,L,XL,2XL,Total Pcs,,,,,
NAVY (WHITE-RED) [5],13,25,50,25,25,125,,,,,
WHITE (NAVY-RED) [5],13,25,50,25,25,125,,,,,
CREAM (NAVY-RED) [5],13,25,50,25,25,125,,,,,
RED (WHITE-NAVY) [5],13,25,50,25,25,125,,,,,
BLACK (RED-WHITE) [5],13,25,50,25,25,125,,,,,
BLUE (WHITE-RED) [5],13,25,50,25,25,125,,,,,
Total,,150,300,150,150,750,,,,,
,,,,,,,,,,,
,,,,,,,,,,,
Cutting Matrix — Lot 61228,,,,,,,,,,,
Lot Number:,61228,Style:,NORMAL,,,,,,,,
Fabric:,UK LYCRA,Garment Type:,LOWER,,,,,,,,
,,,,,,,,,,,
Color,Cutting Table,M,L,XL,XXL,Total Pcs,,,,,
BLACK [1],8,22,44,44,22,132,,,,,
BEIGE [1],8,11,22,22,11,66,,,,,
IVORY [1],8,13,26,26,13,78,,,,,
L. GREY [1],8,11,22,22,11,66,,,,,
M. GREY [1],8,11,22,22,11,66,,,,,
Total,,68,136,136,68,408,,,,,
,,,,,,,,,,,
,,,,,,,,,,,
Cutting Matrix — Lot 62130,,,,,,,,,,,
Lot Number:,62130,Style:,FULL ZIPPER COLLAR,,,,,,,,
Fabric:,K15,Garment Type:,WINDCHEATER,,,,,,,,
,,,,,,,,,,,
Color,Cutting Table,M,L,XL,XXL,Total Pcs,,,,,
OLIVE [1],8,11,22,11,11,55,,,,,
FAWN [1],0,0,0,0,0,0,,,,,
GREY [1],8,11,22,11,11,55,,,,,
BLACK,8,11,22,11,11,55,,,,,
Total,,33,66,33,33,165,,,,,
,,,,,,,,,,,
,,,,,,,,,,,
Cutting Matrix — Lot 61210,,,,,,,,,,,
Lot Number:,61210,Style:,BAGGI FIT,,,,,,,,
Fabric:,UK LYCRA,Garment Type:,WINDCHEATER,,,,,,,,
,,,,,,,,,,,
Color,Cutting Table,M,L,XL,Total Pcs,,,,,,
RED [1],9,24,24,12,60,,,,,,
ROYAL [1],9,24,24,12,60,,,,,,
BLACK (GREY) [1],9,26,26,13,65,,,,,,
STONE [1],9,28,28,14,70,,,,,,
L. FAWN [1],9,24,24,12,60,,,,,,
WHITE [1],9,22,22,11,55,,,,,,
BLACK (WHITE) [1],9,20,20,10,50,,,,,,
Total,,168,168,84,420,,,,,,
,,,,,,,,,,,
,,,,,,,,,,,
Cutting Matrix — Lot 67006,,,,,,,,,,,
Lot Number:,67006,Style:,FULL ZIPPER COLLAR,,,,,,,,
Fabric:,UK LYCRA,Garment Type:,WINDCHEATER,,,,,,,,
,,,,,,,,,,,
Color,Cutting Table,M,L,XL,Total Pcs,,,,,,
BLACK [1],9,46,46,23,115,,,,,,
RED [1],9,20,20,10,50,,,,,,
L. FAWN [1],9,28,28,14,70,,,,,,
M. GREY(B.GREEN) [1],9,24,24,12,60,,,,,,
Total,,118,118,59,295,,,,,,
,,,,,,,,,,,
,,,,,,,,,,,
Cutting Matrix — Lot 76088,,,,,,,,,,,
Lot Number:,76088,Style:,BOXY FIT FULL BAJU,,,,,,,,
Fabric:,POPLIN PIN CHECK,Garment Type:,SHIRT,,,,,,,,
,,,,,,,,,,,
Color,Cutting Table,M,L,XL,Total Pcs,,,,,,
SKY [2],4,56,56,28,140,,,,,,
GREEN [2],4,60,60,30,150,,,,,,
C.BLUE [2],4,58,58,29,145,,,,,,
FEROZI [2],4,54,54,27,135,,,,,,
RED [2],4,56,56,28,140,,,,,,
R.BLUE [2],4,60,60,30,150,,,,,,
DENIM [2],4,60,60,30,150,,,,,,
Total,,404,404,202,1010,,,,,,
,,,,,,,,,,,
,,,,,,,,,,,
,,,,,,,,,,,
,,,,,,,,,,,
,,,,,,,,,,,
,,,,,,,,,,,
,,,,,,,,,,,
,,,,,,,,,,,
,,,,,,,,,,,
,,,,,,,,,,,
,,,,,,,,,,,
,,,,,,,,,,,
,,,,,,,,,,,
,,,,,,,,,,,
,,,,,,,,,,,
,,,,,,,,,,,
,,,,,,,,,,,
,,,,,,,,,,,
Cutting Matrix — Lot 11807,,,,,,,,,,,
Lot Number:,11807,Style:,TSHIRT ROUND NECK HALF SLEEVE,,,,,,,,
Fabric:,MH LYCRA SINKER,Garment Type:,T-SHIRT R/N,,,,,,,,
,,,,,,,,,,,
Color,Cutting Table,M,L,XL,2XL,Total Pcs,,,,,
BASE+BONE WHITE (GULLA+GALLA ROYAL) [2],5,40,40,20,20,120,,,,,
SURF (WHITE) [2],5,40,40,20,20,120,,,,,
RED (WHITE) [2],5,40,40,20,20,120,,,,,
N.SKY (NAVY) [2],5,40,40,20,20,120,,,,,
BLACK (RED) [2],5,40,40,20,20,120,,,,,
BLACK (WHITE) [2],5,40,40,20,20,120,,,,,
Total,,240,240,120,120,720,,,,,
,,,,,,,,,,,
,,,,,,,,,,,
,,,,,,,,,,,
,,,,,,,,,,,
,,,,,,,,,,,
,,,,,,,,,,,
,,,,,,,,,,,
,,,,,,,,,,,
,,,,,,,,,,,
,,,,,,,,,,,
,,,,,,,,,,,
,,,,,,,,,,,
,,,,,,,,,,,
,,,,,,,,,,,
,,,,,,,,,,,
,,,,,,,,,,,
,,,,,,,,,,,
,,,,,,,,,,,
,,,,,,,,,,,
,,,,,,,,,,,
,,,,,,,,,,,
Cutting Matrix — Lot 61238,,,,,,,,,,,
Lot Number:,61238,Style:,BOXY,,,,,,,,
Fabric:,LOOPER LYCRA RFD TT,Garment Type:,LOWER,,,,,,,,
,,,,,,,,,,,
Color,Cutting Table,M,L,XL,Total Pcs,,,,,,
BLACK [2],11,40,40,20,100,,,,,,
GREY [2],11,40,40,20,100,,,,,,
NAVY [2],11,40,40,20,100,,,,,,
Total,,120,120,60,300,,,,,,
,,,,,,,,,,,
,,,,,,,,,,,
Cutting Matrix — Lot 61237,,,,,,,,,,,
Lot Number:,61237,Style:,BOXY,,,,,,,,
Fabric:,LOOPER LYCRA RFD TT,Garment Type:,LOWER,,,,,,,,
,,,,,,,,,,,
Color,Cutting Table,M,L,XL,Total Pcs,,,,,,
BLACK [2],11,46,46,23,115,,,,,,
GREY [2],11,46,46,23,115,,,,,,
NAVY [2],11,46,46,23,115,,,,,,
SKY [2],11,46,46,23,115,,,,,,
Total,,184,184,92,460,,,,,,
,,,,,,,,,,,
,,,,,,,,,,,
Cutting Matrix — Lot 62087,,,,,,,,,,,
Lot Number:,62087,Style:,LOWER,,,,,,,,
Fabric:,MH FLEECE,Garment Type:,TS - LOWER,,,,,,,,
,,,,,,,,,,,
Color,Cutting Table,M,L,XL,Total Pcs,,,,,,
BLACK [1],11,46,46,23,115,,,,,,
15% [1],11,20,20,10,50,,,,,,
NAVY [1],11,20,20,10,50,,,,,,
COFFEE [1],11,20,20,10,50,,,,,,
PEACOCK [1],11,20,20,10,50,,,,,,
D. GREY [1],11,14,14,7,35,,,,,,
Total,,140,140,70,350,,,,,,
,,,,,,,,,,,
,,,,,,,,,,,
Cutting Matrix — Lot 62086,,,,,,,,,,,
Lot Number:,62086,Style:,FULL ZIPPER HOOD,,,,,,,,
Fabric:,MH FLEECE,Garment Type:,TS - UPPER,,,,,,,,
,,,,,,,,,,,
Color,Cutting Table,M,L,XL,Total Pcs,,,,,,
BLACK [1],11,46,46,23,115,,,,,,
15% [1],11,20,20,10,50,,,,,,
NAVY [1],11,20,20,10,50,,,,,,
PEACOCK [1],11,20,20,10,50,,,,,,
D. GREY [1],11,14,14,7,35,,,,,,
COFFEE [1],11,20,20,10,50,,,,,,
Total,,140,140,70,350,,,,,,
,,,,,,,,,,,
,,,,,,,,,,,
Cutting Matrix — Lot 61218,,,,,,,,,,,
Lot Number:,61218,Style:,KOREAN,,,,,,,,
Fabric:,UK LYCRA,Garment Type:,LOWER,,,,,,,,
,,,,,,,,,,,
Color,Cutting Table,M,L,XL,2XL,Total Pcs,,,,,
BLACK [1],8,11,22,22,11,66,,,,,
ROYAL [1],8,11,22,22,11,66,,,,,
Total,,22,44,44,22,132,,,,,
,,,,,,,,,,,
,,,,,,,,,,,
Cutting Matrix — Lot 61222,,,,,,,,,,,
Lot Number:,61222,Style:,KOREAN,,,,,,,,
Fabric:,UK LYCRA,Garment Type:,LOWER,,,,,,,,
,,,,,,,,,,,
Color,Cutting Table,M,L,XL,2XL,Total Pcs,,,,,
BLACK [1],8,11,22,22,11,66,,,,,
GREY [1],8,11,22,22,11,66,,,,,
Total,,22,44,44,22,132,,,,,
,,,,,,,,,,,
,,,,,,,,,,,
Cutting Matrix — Lot 61223,,,,,,,,,,,
Lot Number:,61223,Style:,KOREAN,,,,,,,,
Fabric:,UK LYCRA,Garment Type:,LOWER,,,,,,,,
,,,,,,,,,,,
Color,Cutting Table,M,L,XL,2XL,Total Pcs,,,,,
BLACK [1],8,11,22,22,11,66,,,,,
M. GREY [1],8,12,24,24,12,72,,,,,
Total,,23,46,46,23,138,,,,,
,,,,,,,,,,,
,,,,,,,,,,,
Cutting Matrix — Lot 67011,,,,,,,,,,,
Lot Number:,67011,Style:,FULL ZIPPER COLLAR,,,,,,,,
Fabric:,UK LYCRA,Garment Type:,WINDCHEATER,,,,,,,,
,,,,,,,,,,,
Color,Cutting Table,M,L,XL,Total Pcs,,,,,,
BLACK [1],15,50,50,25,125,,,,,,
RED [1],15,26,26,13,65,,,,,,
GREEN [1],15,24,24,12,60,,,,,,
L. GREY [1],15,24,24,12,60,,,,,,
CARGO OLIVE [1],15,36,36,18,90,,,,,,
Total,,160,160,80,400,,,,,,
,,,,,,,,,,,
,,,,,,,,,,,
Cutting Matrix — Lot 62127,,,,,,,,,,,
Lot Number:,62127,Style:,FULL ZIPPER HOOD,,,,,,,,
Fabric:,K13,Garment Type:,WINDCHEATER,,,,,,,,
,,,,,,,,,,,
Color,Cutting Table,M,L,XL,XXL,Total Pcs,,,,,
L. GREY [1],9,12,24,12,12,60,,,,,
OLIVE [1],9,12,24,12,12,60,,,,,
D. GREY [1],9,16,32,16,16,80,,,,,
Total,,40,80,40,40,200,,,,,
,,,,,,,,,,,
,,,,,,,,,,,
Cutting Matrix — Lot 67016,,,,,,,,,,,
Lot Number:,67016,Style:,HALF ZIPPER WITH HOODIE,,,,,,,,
Fabric:,MH FLEECE,Garment Type:,SWEATSHIRT,,,,,,,,
,,,,,,,,,,,
Color,Cutting Table,M,L,XL,2XL,3XL,4XL,5XL,Total Pcs,,
BLACK [2],2,24,48,48,24,48,48,24,264,,
OFF WHITE [2],2,12,24,24,12,24,24,12,132,,
CREAM [2],2,12,24,24,12,24,24,12,132,,
MEHROON [2],2,12,24,24,12,24,24,12,132,,
BEIGE 4414 [2],2,12,24,24,12,24,24,12,132,,
OLIVE 4388 [2],2,12,24,24,12,24,24,12,132,,
Total,,84,168,168,84,168,168,84,924,,
,,,,,,,,,,,
,,,,,,,,,,,
Cutting Matrix — Lot 11827,,,,,,,,,,,
Lot Number:,11827,Style:,WINDECHEATER,,,,,,,,
Fabric:,LINEN FEEL LYCRA,Garment Type:,WINDCHEATER,,,,,,,,
,,,,,,,,,,,
Color,Cutting Table,M,L,XL,Total Pcs,,,,,,
BLACK [2],15,52,52,26,130,,,,,,
KHAKHI [2],15,52,52,26,130,,,,,,
D.OLIVE [2],15,52,52,26,130,,,,,,
OLIVE(OLD) [2],15,44,44,22,110,,,,,,
Total,,200,200,100,500,,,,,,
,,,,,,,,,,,
,,,,,,,,,,,
Cutting Matrix — Lot 67021,,,,,,,,,,,
Lot Number:,67021,Style:,BAN COLLAR WITH HALF ZIPPER,,,,,,,,
Fabric:,MH FLEECE,Garment Type:,SWEATSHIRT,,,,,,,,
,,,,,,,,,,,
Color,Cutting Table,M,L,XL,2XL,3XL,4XL,5XL,Total Pcs,,
BLACK [2],5,24,48,48,24,48,48,24,264,,
CREAM [2],5,12,24,24,12,24,24,12,132,,
PEACOCK [2],5,12,24,24,12,24,24,12,132,,
NAVY [2],5,12,24,24,12,24,24,12,132,,
BEIGE 4414 [2],5,12,24,24,12,24,24,12,132,,
2% [2],0,0,0,0,0,0,0,0,0,,
Total,,72,144,144,72,144,144,72,792,,
,,,,,,,,,,,
,,,,,,,,,,,
Cutting Matrix — Lot 67020,,,,,,,,,,,
Lot Number:,67020,Style:,BAN COLLAR WITH HALF ZIPPER,,,,,,,,
Fabric:,MH FLEECE,Garment Type:,SWEATSHIRT,,,,,,,,
,,,,,,,,,,,
Color,Cutting Table,M,L,XL,Total Pcs,,,,,,
WHITE [2],14,30,30,15,75,,,,,,
BLACK [2],14,60,60,30,150,,,,,,
COFFEE [2],14,28,28,14,70,,,,,,
AQUA [2],14,32,32,16,80,,,,,,
BEIGE 4414 [2],14,28,28,14,70,,,,,,
OLIVE 4388 [2],14,30,30,15,75,,,,,,
BLUE [2],14,30,30,15,75,,,,,,
ORANGE HALF [1],14,14,14,7,35,,,,,,
RED HALF [1],14,14,14,7,35,,,,,,
Total,,266,266,133,665,,,,,,
,,,,,,,,,,,
,,,,,,,,,,,
,,,,,,,,,,,
,,,,,,,,,,,
,,,,,,,,,,,
,,,,,,,,,,,
,,,,,,,,,,,
,,,,,,,,,,,
,,,,,,,,,,,
,,,,,,,,,,,
,,,,,,,,,,,
,,,,,,,,,,,
,,,,,,,,,,,
,,,,,,,,,,,
,,,,,,,,,,,
,,,,,,,,,,,
,,,,,,,,,,,
Cutting Matrix — Lot 61225,,,,,,,,,,,
Lot Number:,61225,Style:,UNIQLO FIT,,,,,,,,
Fabric:,MH FLEECE,Garment Type:,LOWER,,,,,,,,
,,,,,,,,,,,
Color,Cutting Table,M,L,XL,Total Pcs,,,,,,
BLACK [2],6,46,49,23,118,,,,,,
15% [2],6,22,26,11,59,,,,,,
OLIVE [2],6,24,25,12,61,,,,,,
GREY [2],6,22,24,11,57,,,,,,
BEIGE [2],6,24,25,12,61,,,,,,
Total,,138,149,69,356,,,,,,
,,,,,,,,,,,
,,,,,,,,,,,
Cutting Matrix — Lot 76086,,,,,,,,,,,
Lot Number:,76086,Style:,BOXT FIT FULL BAJU,,,,,,,,
Fabric:,S LILEN,Garment Type:,SHIRT,,,,,,,,
,,,,,,,,,,,
Color,Cutting Table,M,L,XL,Total Pcs,,,,,,
BLACK [2],6,60,60,30,150,,,,,,
GREEN [2],6,64,64,32,160,,,,,,
SKY [2],6,60,60,30,150,,,,,,
CAMEL [2],6,64,64,32,160,,,,,,
PINK [2],6,48,48,24,120,,,,,,
Total,,296,296,148,740,,,,,,
,,,,,,,,,,,
,,,,,,,,,,,
Cutting Matrix — Lot 11826,,,,,,,,,,,
Lot Number:,11826,Style:,WINDECHEATER,,,,,,,,
Fabric:,LINEN FEEL LYCRA,Garment Type:,WINDCHEATER,,,,,,,,
,,,,,,,,,,,
Color,Cutting Table,M,L,XL,Total Pcs,,,,,,
BLACK [2],9,42,42,21,105,,,,,,
WHITE [2],9,42,42,21,105,,,,,,
L GREY [2],9,42,42,21,105,,,,,,
CHIKU,9,16,16,8,40,,,,,,
ANTHRA [2],9,20,20,10,50,,,,,,
Total,,162,162,81,405,,,,,,
,,,,,,,,,,,
,,,,,,,,,,,
Cutting Matrix — Lot 11823,,,,,,,,,,,
Lot Number:,11823,Style:,LOWER,,,,,,,,
Fabric:,MH IMPORTED,Garment Type:,LOWER,,,,,,,,
,,,,,,,,,,,
Color,Cutting Table,M,L,XL,Total Pcs,,,,,,
BLACK [2],2,42,42,21,105,,,,,,
WHITE [2],2,36,36,18,90,,,,,,
15% MILLANGE [2],2,42,42,21,105,,,,,,
NAVY [2],2,42,42,21,105,,,,,,
CREAM [2],2,40,40,20,100,,,,,,
OLIVE [2],2,40,40,20,100,,,,,,
BROWN [2],2,42,42,21,105,,,,,,
Total,,284,284,142,710,,,,,,
,,,,,,,,,,,
,,,,,,,,,,,
Cutting Matrix — Lot 67019,,,,,,,,,,,
Lot Number:,67019,Style:,FULL ZIPPER HOODIE,,,,,,,,
Fabric:,MH FLEECE,Garment Type:,SWEATSHIRT,,,,,,,,
,,,,,,,,,,,
Color,Cutting Table,M,L,XL,2XL,3XL,4XL,5XL,Total Pcs,,
BLACK [2],1,24,48,48,24,48,48,24,264,,
GREY 4421 [2],1,12,24,24,12,24,24,12,132,,
OLIVE 4388 [2],1,12,24,24,12,24,24,12,132,,
DENIM 4434 [2],1,12,24,24,12,24,24,12,132,,
MEHROON [2],1,12,24,24,12,24,24,12,132,,
OFF WHITE [2],1,12,24,24,12,24,24,12,132,,
CREAM [2],1,12,24,24,12,24,24,12,132,,
Total,,96,192,192,96,192,192,96,1056,,
,,,,,,,,,,,
,,,,,,,,,,,
Cutting Matrix — Lot 11818,,,,,,,,,,,
Lot Number:,11818,Style:,lower,,,,,,,,
Fabric:,RFD FLEECE,Garment Type:,LOWER,,,,,,,,
,,,,,,,,,,,
Color,Cutting Table,M,L,XL,Total Pcs,,,,,,
OFF WHITE [2],5,60,60,30,150,,,,,,
OFF WHITE 2,5,60,60,30,150,,,,,,
OFF WHITE 3,5,60,60,30,150,,,,,,
Total,,180,180,90,450,,,,,,
,,,,,,,,,,,
,,,,,,,,,,,
Cutting Matrix — Lot 11824,,,,,,,,,,,
Lot Number:,11824,Style:,LOWER,,,,,,,,
Fabric:,MH IMPORTED,Garment Type:,LOWER,,,,,,,,
,,,,,,,,,,,
Color,Cutting Table,M,L,XL,Total Pcs,,,,,,
BLACK [2],14,42,42,21,105,,,,,,
WHITE [2],14,38,39,19,96,,,,,,
15% MILLANGE [2],14,42,43,21,106,,,,,,
NAVY [2],14,44,44,22,110,,,,,,
CREAM [2],14,40,40,20,100,,,,,,
OLIVE [2],14,42,43,21,106,,,,,,
Total,,248,251,124,623,,,,,,
,,,,,,,,,,,
,,,,,,,,,,,
Cutting Matrix — Lot 11820,,,,,,,,,,,
Lot Number:,11820,Style:,lower,,,,,,,,
Fabric:,RFD FLEECE,Garment Type:,LOWER,,,,,,,,
,,,,,,,,,,,
Color,Cutting Table,M,L,XL,Total Pcs,,,,,,
OFF WHITE [2],5,60,60,30,150,,,,,,
OFF WHITE 2,5,60,60,30,150,,,,,,
OFF WHITE 3,5,60,60,30,150,,,,,,
Total,,180,180,90,450,,,,,,
,,,,,,,,,,,
,,,,,,,,,,,
Cutting Matrix — Lot 11822,,,,,,,,,,,
Lot Number:,11822,Style:,LOWER,,,,,,,,
Fabric:,MH IMPORTED,Garment Type:,LOWER,,,,,,,,
,,,,,,,,,,,
Color,Cutting Table,M,L,XL,Total Pcs,,,,,,
BLACK [2],3,42,42,21,105,,,,,,
WHITE [2],3,36,36,18,90,,,,,,
15% MILLANGE [2],3,46,46,23,115,,,,,,
NAVY [2],3,44,44,22,110,,,,,,
CREAM [2],3,36,36,18,90,,,,,,
OLIVE [2],3,42,42,21,105,,,,,,
BROWN [2],3,46,46,23,115,,,,,,
Total,,292,292,146,730,,,,,,
,,,,,,,,,,,
,,,,,,,,,,,
Cutting Matrix — Lot 62116,,,,,,,,,,,
Lot Number:,62116,Style:,R/ NECK HOODIE,,,,,,,,
Fabric:,MH FLEECE,Garment Type:,SWEATSHIRT,,,,,,,,
,,,,,,,,,,,
Color,Cutting Table,M,L,XL,Total Pcs,,,,,,
ORANGE [2],11,20,20,10,50,,,,,,
CREAM [2],11,20,20,10,50,,,,,,
OFF WHITE [2],11,24,24,12,60,,,,,,
BLACK [2],11,48,48,24,120,,,,,,
CAMEL 4413 [2],11,20,20,10,50,,,,,,
Total,,132,132,66,330,,,,,,
,,,,,,,,,,,
,,,,,,,,,,,
Cutting Matrix — Lot 61244,,,,,,,,,,,
Lot Number:,61244,Style:,NORMAL,,,,,,,,
Fabric:,MH FLEECE,Garment Type:,LOWER,,,,,,,,
,,,,,,,,,,,
Color,Cutting Table,M,L,XL,XXL,Total Pcs,,,,,
BLACK [2],2,30,60,60,30,180,,,,,
15% [2],2,15,30,30,15,90,,,,,
MOUSE 3578 [2],2,15,30,30,15,90,,,,,
CEMENT 4411 [2],2,15,30,30,15,90,,,,,
BEIGE 4414 [2],2,13,26,26,13,78,,,,,
Total,,88,176,176,88,528,,,,,
,,,,,,,,,,,
,,,,,,,,,,,
Cutting Matrix — Lot 61243,,,,,,,,,,,
Lot Number:,61243,Style:,NORMAL,,,,,,,,
Fabric:,MH FLEECE,Garment Type:,LOWER,,,,,,,,
,,,,,,,,,,,
Color,Cutting Table,M,L,XL,XXL,Total Pcs,,,,,
BLACK [2],1,30,60,60,30,180,,,,,
15% [2],1,15,30,30,15,90,,,,,
MOUSE 3578 [2],1,15,30,30,15,90,,,,,
CEMENT 4411 [2],1,15,30,30,15,90,,,,,
BEIGE 4414 [2],1,13,26,26,13,78,,,,,
Total,,88,176,176,88,528,,,,,
,,,,,,,,,,,
,,,,,,,,,,,
Cutting Matrix — Lot 11830,,,,,,,,,,,
Lot Number:,11830,Style:,LOWER,,,,,,,,
Fabric:,RFD FLEECE,Garment Type:,LOWER,,,,,,,,
,,,,,,,,,,,
Color,Cutting Table,M,L,XL,Total Pcs,,,,,,
OFF WHITE [3],2,60,60,30,150,,,,,,
OFF WHITE 2,2,60,60,30,150,,,,,,
OFF WHITE 4,2,60,60,30,150,,,,,,
OFF WHITE 5,2,60,60,30,150,,,,,,
Total,,240,240,120,600,,,,,,
,,,,,,,,,,,
,,,,,,,,,,,
Cutting Matrix — Lot 11831,,,,,,,,,,,
Lot Number:,11831,Style:,LOWER,,,,,,,,
Fabric:,RFD FLEECE,Garment Type:,LOWER,,,,,,,,
,,,,,,,,,,,
Color,Cutting Table,M,L,XL,Total Pcs,,,,,,
OFF WHITE [3],1,60,60,30,150,,,,,,
OFF WHITE 2,1,60,60,30,150,,,,,,
OFF WHITE 3,1,60,60,30,150,,,,,,
OFF WHITE 5,1,60,60,30,150,,,,,,
Total,,240,240,120,600,,,,,,
,,,,,,,,,,,
,,,,,,,,,,,
Cutting Matrix — Lot 11804,,,,,,,,,,,
Lot Number:,11804,Style:,T.SHIRT FULL SLEEVE THREE BONE,,,,,,,,
Fabric:,MH LYCRA SINKER,Garment Type:,T-SHIRT COLLAR,,,,,,,,
,,,,,,,,,,,
Color,Cutting Table,M,L,XL,Total Pcs,,,,,,
BLACK 2 (MATCHING WHITE- WHITE COLLAR-BONE BLACK) [2],13,40,40,20,100,,,,,,
OFFWHITE (ROYAL -ROYAL- WHITE) [2],13,40,40,20,100,,,,,,
RED (WHITE-WHITE -RED) [2],13,40,40,20,100,,,,,,
ROYAL (WHITE-WHITE -ROYAL) [2],13,40,40,20,100,,,,,,
DGREY (WHITE-WHITE-D GREY) [2],13,40,40,20,100,,,,,,
AQUA (WHITE-WHITE -AQUA) [2],13,40,40,20,100,,,,,,
CREAM (NAVY-NAVY-CREAM) [2],13,40,40,20,100,,,,,,
BLACK 1,13,40,40,20,100,,,,,,
Total,,320,320,160,800,,,,,,
,,,,,,,,,,,
Cutting Matrix — Lot 11819,,,,,,,,,,,
Lot Number:,11819,Style:,lower,,,,,,,,
Fabric:,RFD FLEECE,Garment Type:,LOWER,,,,,,,,
,,,,,,,,,,,
Color,Cutting Table,M,L,XL,Total Pcs,,,,,,
OFF WHITE [2],13,60,60,30,150,,,,,,
OFF WHITE 3,13,60,60,30,150,,,,,,
OFF WHITE 4,13,60,60,30,150,,,,,,
Total,,180,180,90,450,,,,,,
,,,,,,,,,,,
,,,,,,,,,,,
Cutting Matrix — Lot 11817,,,,,,,,,,,
Lot Number:,11817,Style:,lower,,,,,,,,
Fabric:,RFD FLEECE,Garment Type:,LOWER,,,,,,,,
,,,,,,,,,,,
Color,Cutting Table,M,L,XL,Total Pcs,,,,,,
WHITE [5],13,60,60,30,150,,,,,,
OFF WHITE 2,13,60,60,30,150,,,,,,
OFF WHITE 4,13,60,60,30,150,,,,,,
Total,,180,180,90,450,,,,,,
,,,,,,,,,,,
,,,,,,,,,,,
Cutting Matrix — Lot 11825,,,,,,,,,,,
Lot Number:,11825,Style:,WINDECHEATER,,,,,,,,
Fabric:,LINEN FEEL LYCRA,Garment Type:,WINDCHEATER,,,,,,,,
,,,,,,,,,,,
Color,Cutting Table,M,L,XL,Total Pcs,,,,,,
BLACK [2],8,44,44,22,110,,,,,,
WHITE [2],8,44,44,22,110,,,,,,
L GREY [2],8,44,44,22,110,,,,,,
D.OLIVE [2],8,42,42,21,105,,,,,,
Total,,174,174,87,435,,,,,,
,,,,,,,,,,,
,,,,,,,,,,,
Cutting Matrix — Lot 61253,,,,,,,,,,,
Lot Number:,61253,Style:,REGULAR,,,,,,,,
Fabric:,UK LYCRA,Garment Type:,LOWER,,,,,,,,
,,,,,,,,,,,
Color,Cutting Table,M,L,XL,2XL,Total Pcs,,,,,
BLACK [1],8,20,20,10,10,60,,,,,
BLACK2,8,24,24,12,12,72,,,,,
BLACK 1,8,24,24,12,12,72,,,,,
BLACK 3,8,24,24,12,12,72,,,,,
BLACK 5,8,24,24,12,12,72,,,,,
Total,,116,116,58,58,348,,,,,
,,,,,,,,,,,
,,,,,,,,,,,
Cutting Matrix — Lot 76085,,,,,,,,,,,
Lot Number:,76085,Style:,BOXY FIT SHIRT,,,,,,,,
Fabric:,SHEMRY OXFORD,Garment Type:,SHIRT,,,,,,,,
,,,,,,,,,,,
Color,Cutting Table,M,L,XL,Total Pcs,,,,,,
YELLOW [2],6,52,52,26,130,,,,,,
L.GREY [2],6,38,38,19,95,,,,,,
BLACK [2],6,52,52,26,130,,,,,,
BLUE [2],6,52,52,26,130,,,,,,
S.GREEN [2],6,50,50,25,125,,,,,,
Total,,244,244,122,610,,,,,,
,,,,,,,,,,,
,,,,,,,,,,,
Cutting Matrix — Lot 76090,,,,,,,,,,,
Lot Number:,76090,Style:,BOXY FIT FULL BAJU,,,,,,,,
Fabric:,BERRY BLAST,Garment Type:,SHIRT,,,,,,,,
,,,,,,,,,,,
Color,Cutting Table,M,L,XL,Total Pcs,,,,,,
SKY [2],6,52,52,26,130,,,,,,
WHITE [2],6,56,56,28,140,,,,,,
LEMON [2],6,54,54,27,135,,,,,,
PISTA [2],6,56,56,28,140,,,,,,
PINK [2],6,60,60,30,150,,,,,,
Total,,278,278,139,695,,,,,,
,,,,,,,,,,,
,,,,,,,,,,,
Cutting Matrix — Lot 76087,,,,,,,,,,,
Lot Number:,76087,Style:,BOXY FIT FULL BAJU,,,,,,,,
Fabric:,BERRY BLAST,Garment Type:,SHIRT,,,,,,,,
,,,,,,,,,,,
Color,Cutting Table,M,L,XL,Total Pcs,,,,,,
WHITE [2],7,56,56,28,140,,,,,,
SKY [2],7,56,56,28,140,,,,,,
LEMON [2],7,50,50,25,125,,,,,,
NAVY [2],7,56,56,28,140,,,,,,
BLACK [2],7,54,54,27,135,,,,,,
BEIGE [2],7,56,56,28,140,,,,,,
Total,,328,328,164,820,,,,,,
,,,,,,,,,,,
,,,,,,,,,,,
Cutting Matrix — Lot 76089,,,,,,,,,,,
Lot Number:,76089,Style:,BOXY FIT FULL BAJU,,,,,,,,
Fabric:,BERRY BLAST,Garment Type:,SHIRT,,,,,,,,
,,,,,,,,,,,
Color,Cutting Table,M,L,XL,Total Pcs,,,,,,
BLACK [2],7,52,52,26,130,,,,,,
WHITE [2],7,52,52,26,130,,,,,,
SKY [2],7,48,48,24,120,,,,,,
NAVY [2],7,54,54,27,135,,,,,,
CREAM [2],7,52,52,26,130,,,,,,
Total,,258,258,129,645,,,,,,
,,,,,,,,,,,
,,,,,,,,,,,
Cutting Matrix — Lot 62128,,,,,,,,,,,
Lot Number:,62128,Style:,FULL ZIPPER COLLAR,,,,,,,,
Fabric:,LINEN,Garment Type:,WINDCHEATER,,,,,,,,
,,,,,,,,,,,
Color,Cutting Table,M,L,XL,2XL,3XL,4XL,5XL,Total Pcs,,
BLACK [1],8,13,26,13,13,12,12,6,95,,
WHITE [1],8,12,24,12,12,12,12,6,90,,
KHAKHI [1],8,12,24,12,12,12,12,6,90,,
ICE [1],8,12,24,12,12,12,12,6,90,,
STONE [1],8,12,24,12,12,12,12,6,90,,
PISTA [1],8,12,24,12,12,12,12,6,90,,
BEIGE [1],8,12,24,12,12,12,12,6,90,,
Total,,85,170,85,85,84,84,42,635,,
,,,,,,,,,,,
,,,,,,,,,,,
Cutting Matrix — Lot 10026,,,,,,,,,,,
Lot Number:,10026,Style:,shirt,,,,,,,,
Fabric:,PIN CHECK,Garment Type:,SHIRT,,,,,,,,
,,,,,,,,,,,
Color,Cutting Table,M,L,XL,2XL,Total Pcs,,,,,
PISTA [1],9,17,17,17,17,68,,,,,
WINE [1],9,17,17,17,17,68,,,,,
COFFEE [1],9,18,18,18,18,72,,,,,
D GREY [1],9,17,17,17,17,68,,,,,
OLIVE [1],9,17,17,17,17,68,,,,,
NAVY [1],9,15,15,15,15,60,,,,,
Total,,101,101,101,101,404,,,,,
,,,,,,,,,,,
,,,,,,,,,,,
Cutting Matrix — Lot 10027,,,,,,,,,,,
Lot Number:,10027,Style:,CROSS HOODIE,,,,,,,,
Fabric:,MH FLEECE,Garment Type:,SWEATSHIRT HOODIE,,,,,,,,
,,,,,,,,,,,
Color,Cutting Table,MIX,Total Pcs,,,,,,,,
MIX [1],,90,90,,,,,,,,
Total,,90,90,,,,,,,,
,,,,,,,,,,,
,,,,,,,,,,,
Cutting Matrix — Lot 62145,,,,,,,,,,,
Lot Number:,62145,Style:,CARGO,,,,,,,,
Fabric:,"K13, K9",Garment Type:,S/L JACKET,,,,,,,,
,,,,,,,,,,,
Color,Cutting Table,S,M,L,XL,Total Pcs,,,,,
D. GREY [2],15,27,54,27,27,135,,,,,
OLIVE [2],15,41,82,41,41,205,,,,,
GREY [2],15,14,28,14,14,70,,,,,
Total,,82,164,82,82,410,,,,,
,,,,,,,,,,,
,,,,,,,,,,,
Cutting Matrix — Lot 62129,,,,,,,,,,,
Lot Number:,62129,Style:,FULL ZIPPER COLLAR,,,,,,,,
Fabric:,LINEN,Garment Type:,WINDCHEATER,,,,,,,,
,,,,,,,,,,,
Color,Cutting Table,M,L,XL,2XL,3XL,4XL,5XL,Total Pcs,,
BLACK [1],9,12,24,12,12,12,12,6,90,,
BEIGE [1],9,12,24,12,12,12,12,6,90,,
ICE [1],9,12,24,12,12,12,12,6,90,,
STONE [1],9,12,24,12,12,12,12,6,90,,
PISTA [1],9,12,24,12,12,12,12,6,90,,
KHAKHI [1],9,12,24,12,12,12,12,6,90,,
WHITE [1],9,12,24,12,12,12,12,6,90,,
Total,,84,168,84,84,84,84,42,630,,
,,,,,,,,,,,
,,,,,,,,,,,
Cutting Matrix — Lot 73077,,,,,,,,,,,
Lot Number:,73077,Style:,WINDECHEATER,,,,,,,,
Fabric:,BUBBLE TT LEATHER,Garment Type:,JACKET,,,,,,,,
,,,,,,,,,,,
Color,Cutting Table,S,M,L,XL,Total Pcs,,,,,
BLACK [4],9,33,33,33,33,132,,,,,
BROWN [2],9,17,17,17,17,68,,,,,
TAN [2],9,17,17,17,17,68,,,,,
Total,,67,67,67,67,268,,,,,
,,,,,,,,,,,
,,,,,,,,,,,
Cutting Matrix — Lot 11840,,,,,,,,,,,
Lot Number:,11840,Style:,R/N HALF SLEEVE,,,,,,,,
Fabric:,RFD FINE COTTON,Garment Type:,T-SHIRT R/N,,,,,,,,
,,,,,,,,,,,
Color,Cutting Table,M,L,XL,2XL,Total Pcs,,,,,
OFF WHITE [5],2,120,120,60,60,360,,,,,
OFF WHITE 2,2,120,120,60,60,360,,,,,
OFF WHITE 3,2,120,120,60,60,360,,,,,
OFF WHITE 4,2,120,120,60,60,360,,,,,
OFF WHITE 5,2,130,130,65,65,390,,,,,
OFF WHITE,1,120,120,60,60,360,,,,,
OFF WHITE 6,1,120,120,60,60,360,,,,,
OFF WHITE 7,1,120,120,60,60,360,,,,,
OFF WHITE 8,1,120,120,60,60,360,,,,,
Total,,1090,1090,545,545,3270,,,,,
,,,,,,,,,,,
,,,,,,,,,,,
Cutting Matrix — Lot 67023,,,,,,,,,,,
Lot Number:,67023,Style:,16-17 MOHRI,,,,,,,,
Fabric:,MH FLEECE,Garment Type:,LOWER,,,,,,,,
,,,,,,,,,,,
Color,Cutting Table,M,L,XL,2XL,Total Pcs,,,,,
BLACK [2],14,14,28,28,14,84,,,,,
NAVY [2],14,12,24,24,12,72,,,,,
RED [2],14,14,28,28,14,84,,,,,
C. GREEN 3734 [2],14,14,28,28,14,84,,,,,
OFFWHITE [2],14,14,28,28,14,84,,,,,
CEMENT [2],14,12,24,24,12,72,,,,,
Total,,80,160,160,80,480,,,,,
,,,,,,,,,,,
,,,,,,,,,,,
Cutting Matrix — Lot 61251,,,,,,,,,,,
Lot Number:,61251,Style:,BOOT CUT,,,,,,,,
Fabric:,UK LYCRA,Garment Type:,LOWER,,,,,,,,
,,,,,,,,,,,
Color,Cutting Table,M,L,XL,2XL,Total Pcs,,,,,
BLACK [1],8,22,22,11,11,66,,,,,
BLACK2,8,24,24,12,12,72,,,,,
Total,,46,46,23,23,138,,,,,
,,,,,,,,,,,
,,,,,,,,,,,
Cutting Matrix — Lot 62117,,,,,,,,,,,
Lot Number:,62117,Style:,R/ NECK HOODIE,,,,,,,,
Fabric:,K/CHI PRINT FLEECE,Garment Type:,SWEATSHIRT,,,,,,,,
,,,,,,,,,,,
Color,Cutting Table,M,L,XL,Total Pcs,,,,,,
BLACK [2],11,22,22,11,55,,,,,,
GREY [2],11,18,18,9,45,,,,,,
CAMEL [2],11,22,22,11,55,,,,,,
Total,,62,62,31,155,,,,,,
,,,,,,,,,,,
,,,,,,,,,,,
Cutting Matrix — Lot 11847,,,,,,,,,,,
Lot Number:,11847,Style:,ROUNDNECK,,,,,,,,
Fabric:,K.C,Garment Type:,T-SHIRT,,,,,,,,
,,,,,,,,,,,
Color,Cutting Table,M,L,XL,Total Pcs,,,,,,
RUST [2],11,54,54,27,135,,,,,,
GREY [2],11,50,50,25,125,,,,,,
FAWN [2],11,56,56,28,140,,,,,,
NAVY [2],11,54,54,27,135,,,,,,
OFF WHITE [2],11,58,58,29,145,,,,,,
BLACK [2],11,54,54,27,135,,,,,,
Total,,326,326,163,815,,,,,,
,,,,,,,,,,,
,,,,,,,,,,,
Cutting Matrix — Lot 67015,,,,,,,,,,,
Lot Number:,67015,Style:,JOGGER,,,,,,,,
Fabric:,MH FLEECE,Garment Type:,JOGGER,,,,,,,,
,,,,,,,,,,,
Color,Cutting Table,M,L,XL,2XL,Total Pcs,,,,,
BLACK [2],10,18,36,36,18,108,,,,,
OFF WHITE [2],10,10,20,20,10,60,,,,,
OLIVE 4388 [2],10,10,20,20,10,60,,,,,
GREY 4421 [2],10,10,20,20,10,60,,,,,
BEIGE 4414 [2],10,8,16,16,8,48,,,,,
COFFEE [2],10,10,20,20,10,60,,,,,
Total,,66,132,132,66,396,,,,,
,,,,,,,,,,,
,,,,,,,,,,,
Cutting Matrix — Lot 11838,,,,,,,,,,,
Lot Number:,11838,Style:,R/N HALF SLEEVE,,,,,,,,
Fabric:,MH LYCRA SINKER,Garment Type:,T-SHIRT R/N,,,,,,,,
,,,,,,,,,,,
Color,Cutting Table,M,L,XL,Total Pcs,,,,,,
BLACK [2],14,66,66,33,165,,,,,,
CREAM [1],14,30,30,15,75,,,,,,
D.GREY [1],14,34,34,17,85,,,,,,
SKY [1],14,32,32,16,80,,,,,,
WHITE [1],14,32,32,16,80,,,,,,
RED [1],14,34,34,17,85,,,,,,
D.GREEN [1],14,26,26,13,65,,,,,,
CK TONE (3875) [1],14,26,26,13,65,,,,,,
COFFEE (3846) [1],14,30,30,15,75,,,,,,
Total,,310,310,155,775,,,,,,
,,,,,,,,,,,
,,,,,,,,,,,
Cutting Matrix — Lot 11828,,,,,,,,,,,
Lot Number:,11828,Style:,WINDECHEATER,,,,,,,,
Fabric:,TRC,Garment Type:,WINDCHEATER,,,,,,,,
,,,,,,,,,,,
Color,Cutting Table,M,L,XL,2XL,Total Pcs,,,,,
BLACK [2],15,18,18,18,18,72,,,,,
KHAKHI [2],15,24,24,24,24,96,,,,,
D.GRAY [2],15,23,23,23,23,92,,,,,
NAVY [2],15,22,22,22,22,88,,,,,
L.GRAY [2],15,22,22,22,22,88,,,,,
Total,,109,109,109,109,436,,,,,
,,,,,,,,,,,
,,,,,,,,,,,
Cutting Matrix — Lot 76091,,,,,,,,,,,
Lot Number:,76091,Style:,BOXYFIT FULL SLEEVE,,,,,,,,
Fabric:,BERRY BLAST,Garment Type:,SHIRT,,,,,,,,
,,,,,,,,,,,
Color,Cutting Table,M,L,XL,Total Pcs,,,,,,
SKY [2],7,48,48,24,120,,,,,,
BLACK [4],7,104,104,52,260,,,,,,
BEIGE [2],7,52,52,26,130,,,,,,
CREAM [2],7,56,56,28,140,,,,,,
OLIVE [2],7,52,52,26,130,,,,,,
BROWN [2],7,48,48,24,120,,,,,,
WHITE [2],7,56,56,28,140,,,,,,
Total,,416,416,208,1040,,,,,,
,,,,,,,,,,,
,,,,,,,,,,,
Cutting Matrix — Lot 76092,,,,,,,,,,,
Lot Number:,76092,Style:,BOXY FIT FULLSLEEVE,,,,,,,,
Fabric:,OXFORD STRIPE,Garment Type:,SHIRT,,,,,,,,
,,,,,,,,,,,
Color,Cutting Table,M,L,XL,Total Pcs,,,,,,
02 - AQUA [2],7,60,60,30,150,,,,,,
11 - RED [2],7,62,62,31,155,,,,,,
08 - SKY [2],7,60,60,30,150,,,,,,
09 - LAVENDRA [2],7,60,60,30,150,,,,,,
06 - LEMON [2],7,62,62,31,155,,,,,,
03 - BLACK [2],7,60,60,30,150,,,,,,
02 - ROYAL (FINE STRIPE) [2],7,56,56,28,140,,,,,,
Total,,420,420,210,1050,,,,,,
,,,,,,,,,,,
,,,,,,,,,,,
Cutting Matrix — Lot 76093,,,,,,,,,,,
Lot Number:,76093,Style:,BOXY FIT FULL SLEEVE,,,,,,,,
Fabric:,OXFORD STRIPE,Garment Type:,SHIRT,,,,,,,,
,,,,,,,,,,,
Color,Cutting Table,M,L,XL,Total Pcs,,,,,,
10 - PINK [2],7,64,64,32,160,,,,,,
12 - NAVY [2],7,64,64,32,160,,,,,,
04 - GOLD [2],7,60,60,30,150,,,,,,
07 - GREEN [2],7,64,64,32,160,,,,,,
05 - L.GREY [2],7,64,64,32,160,,,,,,
01 - L.PINK [2],7,60,60,30,150,,,,,,
02 - ROYAL (FINE STRIPE) [2],7,62,62,31,155,,,,,,
Total,,438,438,219,1095,,,,,,
,,,,,,,,,,,
,,,,,,,,,,,
Cutting Matrix — Lot 62111,,,,,,,,,,,
Lot Number:,62111,Style:,REGULAR,,,,,,,,
Fabric:,PRINT FLEECE**,Garment Type:,LOWER,,,,,,,,
,,,,,,,,,,,
Color,Cutting Table,M,L,XL,2XL,3XL,4XL,5XL,Total Pcs,,
FAWN [3],2,12,12,24,12,10,10,5,85,,
BROWN [3],2,12,12,24,12,10,10,5,85,,
GREY [3],2,12,12,24,12,12,12,6,90,,
CREAM [3],2,13,13,26,13,14,14,7,100,,
D.GREY [3],2,12,12,24,12,12,12,6,90,,
BEIGE [3],2,12,12,24,12,10,10,5,85,,
Total,,73,73,146,73,68,68,34,535,,
,,,,,,,,,,,
,,,,,,,,,,,
Cutting Matrix — Lot 67017,,,,,,,,,,,
Lot Number:,67017,Style:,HALF ZIPPER WITH HOODIE,,,,,,,,
Fabric:,MH FLEECE,Garment Type:,SWEATSHIRT,,,,,,,,
,,,,,,,,,,,
Color,Cutting Table,M,L,XL,Total Pcs,,,,,,
BLACK [2],5,48,48,24,120,,,,,,
PEACOCK [2],5,24,24,12,60,,,,,,
COFFEE [2],5,20,20,10,50,,,,,,
CREAM [2],5,22,22,11,55,,,,,,
AQUA [2],5,22,22,11,55,,,,,,
DENIM 4434 [2],5,20,20,10,50,,,,,,
OLIVE 4388 [2],5,24,24,12,60,,,,,,
Total,,180,180,90,450,,,,,,
,,,,,,,,,,,
,,,,,,,,,,,
Cutting Matrix — Lot 61241,,,,,,,,,,,
Lot Number:,61241,Style:,HALF ZIPPER HOODIE,,,,,,,,
Fabric:,MH FLEECE,Garment Type:,TS - UPPER,,,,,,,,
,,,,,,,,,,,
Color,Cutting Table,M,L,XL,Total Pcs,,,,,,
BLACK [2],1,30,30,15,75,,,,,,
15% [2],1,30,30,15,75,,,,,,
BEIGE 4414 [2],1,30,30,15,75,,,,,,
D. GREY 3572 [2],1,30,30,15,75,,,,,,
Total,,120,120,60,300,,,,,,
,,,,,,,,,,,
,,,,,,,,,,,
Cutting Matrix — Lot 61242,,,,,,,,,,,
Lot Number:,61242,Style:,BOXY,,,,,,,,
Fabric:,MH FLEECE,Garment Type:,TS - LOWER,,,,,,,,
,,,,,,,,,,,
Color,Cutting Table,M,L,XL,Total Pcs,,,,,,
BLACK [2],1,30,30,15,75,,,,,,
15% [2],1,30,30,15,75,,,,,,
BEIGE 4414 [2],1,30,30,15,75,,,,,,
D. GREY 3572 [2],1,30,30,15,75,,,,,,
Total,,120,120,60,300,,,,,,
,,,,,,,,,,,
,,,,,,,,,,,
,,,,,,,,,,,
,,,,,,,,,,,
,,,,,,,,,,,
,,,,,,,,,,,
,,,,,,,,,,,
,,,,,,,,,,,
,,,,,,,,,,,
,,,,,,,,,,,
,,,,,,,,,,,
,,,,,,,,,,,
,,,,,,,,,,,
,,,,,,,,,,,
Cutting Matrix — Lot 11850,,,,,,,,,,,
Lot Number:,11850,Style:,ROUNDNECK,,,,,,,,
Fabric:,KNITTED BLUEBERRY TT,Garment Type:,T-SHIRT,,,,,,,,
,,,,,,,,,,,
Color,Cutting Table,M,L,XL,Total Pcs,,,,,,
15% [1],13,24,24,12,60,,,,,,
D.GREY [1],13,19,18,9,46,,,,,,
1% MILLANGE [1],13,21,20,10,51,,,,,,
WHITE [1],13,20,18,9,47,,,,,,
RED [1],13,19,18,9,46,,,,,,
RUST [1],13,21,18,9,48,,,,,,
CREAM [1],13,18,18,9,45,,,,,,
ROYAL [1],13,19,18,9,46,,,,,,
BLACK [1],13,21,20,10,51,,,,,,
Total,,182,172,86,440,,,,,,
,,,,,,,,,,,
,,,,,,,,,,,
Cutting Matrix — Lot 11839,,,,,,,,,,,
Lot Number:,11839,Style:,R/N FULL SLEEVE,,,,,,,,
Fabric:,RFD LYCRA,Garment Type:,T-SHIRT R/N,,,,,,,,
,,,,,,,,,,,
Color,Cutting Table,M,L,XL,Total Pcs,,,,,,
OFF WHITE [5],13,120,120,60,300,,,,,,
OFF WHITE 2,13,120,120,60,300,,,,,,
OFF WHITE 3,13,120,120,60,300,,,,,,
OFF WHITE 5,13,120,120,60,300,,,,,,
OFF WHITE 6,5,120,120,60,300,,,,,,
OFF WHITE 7,5,120,120,60,300,,,,,,
OFF WHITE 8,5,120,120,60,300,,,,,,
OFF WHITE 9,5,120,120,60,300,,,,,,
OFF WHITE 10,5,56,56,28,140,,,,,,
Total,,1016,1016,508,2540,,,,,,
,,,,,,,,,,,
,,,,,,,,,,,
Cutting Matrix — Lot 61255,,,,,,,,,,,
Lot Number:,61255,Style:,CHINESE,,,,,,,,
Fabric:,TRC SULPHUR,Garment Type:,LOWER,,,,,,,,
,,,,,,,,,,,
Color,Cutting Table,M,L,XL,XXL,Total Pcs,,,,,
BROWN [1],15,11,22,22,11,66,,,,,
OLIVE [1],15,11,22,22,11,66,,,,,
KHAKHI [1],15,9,18,18,9,54,,,,,
BLACK [1],15,12,24,24,12,72,,,,,
GREY [1],15,11,22,22,11,66,,,,,
Total,,54,108,108,54,324,,,,,
,,,,,,,,,,,
,,,,,,,,,,,
Cutting Matrix — Lot 61256,,,,,,,,,,,
Lot Number:,61256,Style:,BOOT CUT,,,,,,,,
Fabric:,UK LYCRA,Garment Type:,LOWER,,,,,,,,
,,,,,,,,,,,
Color,Cutting Table,M,L,XL,XXL,Total Pcs,,,,,
BLACK [1],8,40,40,20,20,120,,,,,
NAVY [1],8,20,20,10,10,60,,,,,
PISTA [1],8,28,28,14,14,84,,,,,
SILVER(STONE) [1],8,22,22,11,11,66,,,,,
BEIGE [1],8,22,22,11,11,66,,,,,
GREY(2) [1],8,28,28,14,14,84,,,,,
Total,,160,160,80,80,480,,,,,
,,,,,,,,,,,
,,,,,,,,,,,
Cutting Matrix — Lot 61252,,,,,,,,,,,
Lot Number:,61252,Style:,CHINESE,,,,,,,,
Fabric:,SULPHUR DIESEL,Garment Type:,LOWER,,,,,,,,
,,,,,,,,,,,
Color,Cutting Table,M,L,XL,2XL,Total Pcs,,,,,
BROWN [2],8,36,36,18,18,108,,,,,
BLACK [2],8,38,38,19,19,114,,,,,
PISTA [2],8,40,40,20,20,120,,,,,
KHAKHI [2],8,38,38,19,19,114,,,,,
GREY [2],8,34,34,17,17,102,,,,,
RUST [2],8,38,38,19,19,114,,,,,
Total,,224,224,112,112,672,,,,,
,,,,,,,,,,,
,,,,,,,,,,,
Cutting Matrix — Lot 11829,,,,,,,,,,,
Lot Number:,11829,Style:,WINDECHEATER,,,,,,,,
Fabric:,MH IMPORTED,Garment Type:,WINDCHEATER,,,,,,,,
,,,,,,,,,,,
Color,Cutting Table,M,L,XL,Total Pcs,,,,,,
BLACK [3],8,58,58,29,145,,,,,,
MOUSE [3],8,58,58,29,145,,,,,,
WHITE [3],8,58,58,29,145,,,,,,
BROWN [2],8,38,38,19,95,,,,,,
KHAKHI [2],8,38,38,19,95,,,,,,
OLIVE [3],8,58,58,29,145,,,,,,
Total,,308,308,154,770,,,,,,
,,,,,,,,,,,
,,,,,,,,,,,
Cutting Matrix — Lot 11841,,,,,,,,,,,
Lot Number:,11841,Style:,BOXY FIT LOWER,,,,,,,,
Fabric:,MH GERMAN FLEECE,Garment Type:,LOWER,,,,,,,,
,,,,,,,,,,,
Color,Cutting Table,M,L,XL,Total Pcs,,,,,,
BLACK [2],6,24,24,12,60,,,,,,
NAVY [2],6,26,26,13,65,,,,,,
GREY [2],6,22,21,11,54,,,,,,
WHITE [2],6,30,30,15,75,,,,,,
Total,,102,101,51,254,,,,,,
,,,,,,,,,,,
,,,,,,,,,,,
Cutting Matrix — Lot 61200,,,,,,,,,,,
Lot Number:,61200,Style:,BOXY FIT,,,,,,,,
Fabric:,JOGGER TERRY,Garment Type:,LOWER,,,,,,,,
,,,,,,,,,,,
Color,Cutting Table,M,L,XL,Total Pcs,,,,,,
BLACK [1],6,24,24,12,60,,,,,,
NAVY [1],6,26,26,13,65,,,,,,
GREY [1],6,26,26,13,65,,,,,,
WHITE [1],6,28,28,14,70,,,,,,
Total,,104,104,52,260,,,,,,
,,,,,,,,,,,
,,,,,,,,,,,
,,,,,,,,,,,
,,,,,,,,,,,
,,,,,,,,,,,
,,,,,,,,,,,
,,,,,,,,,,,
,,,,,,,,,,,
,,,,,,,,,,,
,,,,,,,,,,,
,,,,,,,,,,,
,,,,,,,,,,,
Cutting Matrix — Lot 61249,,,,,,,,,,,
Lot Number:,61249,Style:,FULL ZIPPER HOOD,,,,,,,,
Fabric:,MH FLEECE,Garment Type:,TS - UPPER,,,,,,,,
,,,,,,,,,,,
Color,Cutting Table,M,L,XL,Total Pcs,,,,,,
BLACK [2],5,48,48,24,120,,,,,,
15% [2],5,24,24,12,60,,,,,,
Total,,72,72,36,180,,,,,,
,,,,,,,,,,,
,,,,,,,,,,,
Cutting Matrix — Lot 61250,,,,,,,,,,,
Lot Number:,61250,Style:,REGULAR,,,,,,,,
Fabric:,MH FLEECE,Garment Type:,TS - LOWER,,,,,,,,
,,,,,,,,,,,
Color,Cutting Table,M,L,XL,Total Pcs,,,,,,
BLACK [2],5,48,48,24,120,,,,,,
15% [2],5,24,24,12,60,,,,,,
Total,,72,72,36,180,,,,,,
,,,,,,,,,,,
,,,,,,,,,,,
Cutting Matrix — Lot 11848,,,,,,,,,,,
Lot Number:,11848,Style:,ROUNDNECK,,,,,,,,
Fabric:,K.C,Garment Type:,T-SHIRT,,,,,,,,
,,,,,,,,,,,
Color,Cutting Table,M,L,XL,Total Pcs,,,,,,
RUST [2],11,60,60,30,150,,,,,,
GREY [2],11,64,64,32,160,,,,,,
FAWN [2],11,60,60,30,150,,,,,,
NAVY [2],11,58,58,29,145,,,,,,
OFF WHITE [2],11,70,70,35,175,,,,,,
BLACK [2],11,62,62,31,155,,,,,,
Total,,374,374,187,935,,,,,,
,,,,,,,,,,,
,,,,,,,,,,,
Cutting Matrix — Lot 11846,,,,,,,,,,,
Lot Number:,11846,Style:,ROUNDNECK,,,,,,,,
Fabric:,KNITTED BLUEBERRY TT,Garment Type:,T-SHIRT,,,,,,,,
,,,,,,,,,,,
Color,Cutting Table,M,L,XL,Total Pcs,,,,,,
15% [1],2,24,24,12,60,,,,,,
D.GREY [1],2,24,24,12,60,,,,,,
1% MILLANGE [1],2,22,22,11,55,,,,,,
WHITE [1],2,20,20,10,50,,,,,,
RED [1],2,22,22,11,55,,,,,,
RUST [1],2,22,22,11,55,,,,,,
CREAM [1],2,22,22,11,55,,,,,,
ROYAL [1],2,22,22,11,55,,,,,,
BLACK [1],2,22,24,12,58,,,,,,
Total,,200,202,101,503,,,,,,
,,,,,,,,,,,
,,,,,,,,,,,
Cutting Matrix — Lot 11849,,,,,,,,,,,
Lot Number:,11849,Style:,ROUNDNECK,,,,,,,,
Fabric:,K.C,Garment Type:,T-SHIRT,,,,,,,,
,,,,,,,,,,,
Color,Cutting Table,M,L,XL,Total Pcs,,,,,,
RUST [2],4,54,54,27,135,,,,,,
GREY [2],4,54,54,27,135,,,,,,
FAWN [2],4,54,54,27,135,,,,,,
NAVY [2],4,54,54,27,135,,,,,,
OFF WHITE [2],4,56,56,28,140,,,,,,
BLACK [2],4,54,54,27,135,,,,,,
Total,,326,326,163,815,,,,,,
,,,,,,,,,,,
,,,,,,,,,,,
Cutting Matrix — Lot 11816,,,,,,,,,,,
Lot Number:,11816,Style:,lower,,,,,,,,
Fabric:,RFD FLEECE,Garment Type:,LOWER,,,,,,,,
,,,,,,,,,,,
Color,Cutting Table,M,L,XL,Total Pcs,,,,,,
WHITE [5],4,60,60,30,150,,,,,,
WHITE,4,60,60,30,150,,,,,,
WHTE 3,4,60,60,30,150,,,,,,
Total,,180,180,90,450,,,,,,
,,,,,,,,,,,
,,,,,,,,,,,
,,,,,,,,,,,
,,,,,,,,,,,
,,,,,,,,,,,
,,,,,,,,,,,
,,,,,,,,,,,
,,,,,,,,,,,
,,,,,,,,,,,
,,,,,,,,,,,
,,,,,,,,,,,
,,,,,,,,,,,
,,,,,,,,,,,
,,,,,,,,,,,
,,,,,,,,,,,
,,,,,,,,,,,
,,,,,,,,,,,
,,,,,,,,,,,
,,,,,,,,,,,
,,,,,,,,,,,
,,,,,,,,,,,
,,,,,,,,,,,
,,,,,,,,,,,
,,,,,,,,,,,
,,,,,,,,,,,
,,,,,,,,,,,
,,,,,,,,,,,
,,,,,,,,,,,
,,,,,,,,,,,
,,,,,,,,,,,
,,,,,,,,,,,
,,,,,,,,,,,
,,,,,,,,,,,
Cutting Matrix — Lot 11837,,,,,,,,,,,
Lot Number:,11837,Style:,ROUND NECK FULL SLEEVE,,,,,,,,
Fabric:,MH LYCRA SINKER,Garment Type:,T-SHIRT R/N,,,,,,,,
,,,,,,,,,,,
Color,Cutting Table,M,L,XL,Total Pcs,,,,,,
BLACK [2],6,53,52,26,131,,,,,,
CREAM [1],6,22,23,11,56,,,,,,
D.GREY [1],6,24,25,12,61,,,,,,
SKY [1],6,26,26,13,65,,,,,,
WHITE [1],6,26,26,13,65,,,,,,
RED [1],6,16,17,8,41,,,,,,
D.GREEN [1],6,24,25,11,60,,,,,,
CK TONE(3875) [1],6,26,25,13,64,,,,,,
COFFEE(3846) [1],6,28,29,14,71,,,,,,
Total,,245,248,121,614,,,,,,
,,,,,,,,,,,
,,,,,,,,,,,
Cutting Matrix — Lot 61247,,,,,,,,,,,
Lot Number:,61247,Style:,FULL ZIPPER HOOD,,,,,,,,
Fabric:,MH FLEECE,Garment Type:,TS - UPPER,,,,,,,,
,,,,,,,,,,,
Color,Cutting Table,M,L,XL,XXL,Total Pcs,,,,,
BLACK (1.5) [6],1,30,60,30,30,150,,,,,
15% [4],1,20,40,20,20,100,,,,,
BEIGE4414 [4],1,18,36,18,18,90,,,,,
NAVY [4],1,20,40,20,20,100,,,,,
CEMENT4411 [4],1,20,40,20,20,100,,,,,
Total,,108,216,108,108,540,,,,,
,,,,,,,,,,,
,,,,,,,,,,,
Cutting Matrix — Lot 61248,,,,,,,,,,,
Lot Number:,61248,Style:,REGULAR,,,,,,,,
Fabric:,MH FLEECE,Garment Type:,TS - LOWER,,,,,,,,
,,,,,,,,,,,
Color,Cutting Table,M,L,XL,XXL,Total Pcs,,,,,
BLACK (1.5) [6],1,30,60,30,30,150,,,,,
15% [4],1,20,40,20,20,100,,,,,
BEIGE4414 [4],1,18,36,18,18,90,,,,,
NAVY [4],1,20,40,20,20,100,,,,,
CEMENT4411 [4],1,20,40,20,20,100,,,,,
Total,,108,216,108,108,540,,,,,
,,,,,,,,,,,
,,,,,,,,,,,
Cutting Matrix — Lot 61208,,,,,,,,,,,
Lot Number:,61208,Style:,REGULAR FIT,,,,,,,,
Fabric:,UK LYCRA,Garment Type:,Track Suit Upper,,,,,,,,
,,,,,,,,,,,
Color,Cutting Table,M,L,XL,XXL,Total Pcs,,,,,
L. FAWN [1],9,13,26,13,13,65,,,,,
BLACK (1.5) [1],9,20,40,20,20,100,,,,,
WHITE [1],9,13,26,13,13,65,,,,,
Total,,46,92,46,46,230,,,,,
,,,,,,,,,,,
,,,,,,,,,,,
Cutting Matrix — Lot 61209,,,,,,,,,,,
Lot Number:,61209,Style:,REGULAR FIT,,,,,,,,
Fabric:,UK LYCRA,Garment Type:,Track Suit Lower,,,,,,,,
,,,,,,,,,,,
Color,Cutting Table,M,L,XL,XXL,Total Pcs,,,,,
L. FAWN [1],9,13,26,13,13,65,,,,,
BLACK (1.5) [1],9,20,40,20,20,100,,,,,
WHITE [1],9,13,26,13,13,65,,,,,
Total,,46,92,46,46,230,,,,,
,,,,,,,,,,,
,,,,,,,,,,,
Cutting Matrix — Lot 68010,,,,,,,,,,,
Lot Number:,68010,Style:,BOXY FIT FULL SLEEVE,,,,,,,,
Fabric:,BERRY BLAST,Garment Type:,SHIRT,,,,,,,,
,,,,,,,,,,,
Color,Cutting Table,M,L,XL,Total Pcs,,,,,,
WHITE,7,28,28,14,70,,,,,,
BLACK,7,28,28,14,70,,,,,,
D GREY,7,30,30,15,75,,,,,,
NAVY,7,24,24,12,60,,,,,,
SKY,7,28,28,14,70,,,,,,
OLIVE,7,26,26,13,65,,,,,,
Total,,164,164,82,410,,,,,,
,,,,,,,,,,,
,,,,,,,,,,,
Cutting Matrix — Lot 68011,,,,,,,,,,,
Lot Number:,68011,Style:,BOXY FIT FULL SLEEVE,,,,,,,,
Fabric:,BERRY BLAST,Garment Type:,SHIRT,,,,,,,,
,,,,,,,,,,,
Color,Cutting Table,M,L,XL,Total Pcs,,,,,,
BLACK,7,28,28,14,70,,,,,,
WHITE,7,30,30,15,75,,,,,,
BROWN,7,30,30,15,75,,,,,,
NAVY,7,28,28,14,70,,,,,,
Total,,116,116,58,290,,,,,,
,,,,,,,,,,,
,,,,,,,,,,,
,,,,,,,,,,,
Cutting Matrix — Lot 11864,,,,,,,,,,,
Lot Number:,11864,Style:,ROUNDNECK,,,,,,,,
Fabric:,RFD LYCRA,Garment Type:,T-SHIRT,,,,,,,,
,,,,,,,,,,,
Color,Cutting Table,S,M,L,XL,Total Pcs,,,,,
RFD OFF WHITE [5],2,60,120,120,60,360,,,,,
OFF WHITE 2,2,60,120,120,60,360,,,,,
OFF WHITE 3,4,60,120,120,60,360,,,,,
OFF WHITE 4,4,60,120,120,60,360,,,,,
OFF WHITE 5,5,60,120,120,60,360,,,,,
OFF WHITE 6,5,60,120,120,60,360,,,,,
OFF WHITE 7,13,60,120,120,60,360,,,,,
OFF WHITE 8,13,39,78,78,39,234,,,,,
Total,,459,918,918,459,2754,,,,,
,,,,,,,,,,,
,,,,,,,,,,,
,,,,,,,,,,,
,,,,,,,,,,,
Cutting Matrix — Lot 76094,,,,,,,,,,,
Lot Number:,76094,Style:,BOXT FIT FULL SLEEVE,,,,,,,,
Fabric:,SHEMRY OXFORD,Garment Type:,SHIRT,,,,,,,,
,,,,,,,,,,,
Color,Cutting Table,M,L,XL,Total Pcs,,,,,,
YELLOW[1],7,28,28,14,70,,,,,,
BLACK [1],7,22,22,11,55,,,,,,
S GREEN [1],7,24,24,12,60,,,,,,
AQUA [1],7,24,24,12,60,,,,,,
BLUE[2],7,50,50,25,125,,,,,,
B GREEN [2],7,50,50,25,125,,,,,,
CAMEL [2],7,50,50,25,125,,,,,,
Total,,248,248,124,620,,,,,,
,,,,,,,,,,,
,,,,,,,,,,,
,,,,,,,,,,,
,,,,,,,,,,,
,,,,,,,,,,,
,,,,,,,,,,,
,,,,,,,,,,,
,,,,,,,,,,,
,,,,,,,,,,,
,,,,,,,,,,,
Cutting Matrix — Lot 11843,,,,,,,,,,,
Lot Number:,11843,Style:,ZIPPER HOODY NORMAL,,,,,,,,
Fabric:,RFD FLEECE OUTSIDE ANTIFILLING,Garment Type:,SWEATSHIRT HOODIE,,,,,,,,
,,,,,,,,,,,
Color,Cutting Table,M,L,XL,Total Pcs,,,,,,
OFF WHITE [5],5,60,60,30,150,,,,,,
OFF WHITE 2,5,60,60,30,150,,,,,,
OFF WHITE 3,2,60,60,30,150,,,,,,
OFF WHITE 5,2,60,60,30,150,,,,,,
Total,,240,240,120,600,,,,,,
,,,,,,,,,,,
,,,,,,,,,,,
,,,,,,,,,,,
,,,,,,,,,,,
,,,,,,,,,,,
,,,,,,,,,,,
,,,,,,,,,,,
,,,,,,,,,,,
Cutting Matrix — Lot 11774,,,,,,,,,,,
Lot Number:,11774,Style:,CROSS HODDIE,,,,,,,,
Fabric:,BOXY FIT RFD,Garment Type:,Track Suit Lower,,,,,,,,
,,,,,,,,,,,
Color,Cutting Table,M,L,XL,Total Pcs,,,,,,
OFF WHITE [6],4,60,60,30,150,,,,,,
OFF WHITE 2,4,60,60,30,150,,,,,,
OFF WHITE 3,4,60,60,30,150,,,,,,
Total,,180,180,90,450,,,,,,
,,,,,,,,,,,
,,,,,,,,,,,
,,,,,,,,,,,
,,,,,,,,,,,
,,,,,,,,,,,
,,,,,,,,,,,
,,,,,,,,,,,
,,,,,,,,,,,
,,,,,,,,,,,
,,,,,,,,,,,
,,,,,,,,,,,
,,,,,,,,,,,
,,,,,,,,,,,
,,,,,,,,,,,
,,,,,,,,,,,
,,,,,,,,,,,
,,,,,,,,,,,
,,,,,,,,,,,
,,,,,,,,,,,
,,,,,,,,,,,
,,,,,,,,,,,
,,,,,,,,,,,
Cutting Matrix — Lot 11845,,,,,,,,,,,
Lot Number:,11845,Style:,CROSS HODDIE,,,,,,,,
Fabric:,RFD FLEECE OUTSIDE ANTIFILLING,Garment Type:,SWEATSHIRT HOODIE,,,,,,,,
,,,,,,,,,,,
Color,Cutting Table,M,L,XL,Total Pcs,,,,,,
OFF WHITE [5],2,60,60,30,150,,,,,,
OFF WHITE 2,2,60,60,30,150,,,,,,
OFF WHITE 3,2,60,60,30,150,,,,,,
OFF WHITE 4,2,48,48,24,120,,,,,,
Total,,228,228,114,570,,,,,,
,,,,,,,,,,,
,,,,,,,,,,,
,,,,,,,,,,,
,,,,,,,,,,,
,,,,,,,,,,,
,,,,,,,,,,,
,,,,,,,,,,,
,,,,,,,,,,,
,,,,,,,,,,,
,,,,,,,,,,,
,,,,,,,,,,,
,,,,,,,,,,,
,,,,,,,,,,,
,,,,,,,,,,,
,,,,,,,,,,,
,,,,,,,,,,,
,,,,,,,,,,,
,,,,,,,,,,,
,,,,,,,,,,,
,,,,,,,,,,,
,,,,,,,,,,,
,,,,,,,,,,,
Cutting Matrix — Lot 11852,,,,,,,,,,,
Lot Number:,11852,Style:,T/NECK FULL ZIPPER,,,,,,,,
Fabric:,SWASTICK MATTY,Garment Type:,WINDCHEATER,,,,,,,,
,,,,,,,,,,,
Color,Cutting Table,M,L,XL,Total Pcs,,,,,,
D.NAVY [2],8,24,24,12,60,,,,,,
BLACK [2],8,22,22,11,55,,,,,,
GREY [2],8,24,24,12,60,,,,,,
L.T GREY [2],8,20,20,10,50,,,,,,
WHITE [2],8,8,8,4,20,,,,,,
Total,,98,98,49,245,,,,,,
,,,,,,,,,,,
,,,,,,,,,,,
Cutting Matrix — Lot 62076,,,,,,,,,,,
Lot Number:,62076,Style:,FULL ZIPPER HOODIE,,,,,,,,
Fabric:,UK LYCRA,Garment Type:,TS - UPPER,,,,,,,,
,,,,,,,,,,,
Color,Cutting Table,M,L,XL,XXL,Total Pcs,,,,,
BLACK [1],8,10,20,10,10,50,,,,,
WHITE [1],8,11,22,11,11,55,,,,,
L. FAWN [1],8,10,20,10,10,50,,,,,
D. MOUSE [1],8,11,22,11,11,55,,,,,
ROYAL (HALF) [1],8,5,10,5,5,25,,,,,
Total,,47,94,47,47,235,,,,,
,,,,,,,,,,,
,,,,,,,,,,,
Cutting Matrix — Lot 62077,,,,,,,,,,,
Lot Number:,62077,Style:,REGULAR FIT,,,,,,,,
Fabric:,UK LYCRA,Garment Type:,TS - LOWER,,,,,,,,
,,,,,,,,,,,
Color,Cutting Table,M,L,XL,XXL,Total Pcs,,,,,
BLACK [1],8,10,20,10,10,50,,,,,
WHITE [1],8,11,22,11,11,55,,,,,
L. FAWN [1],8,10,20,10,10,50,,,,,
D. MOUSE [1],8,11,22,11,11,55,,,,,
ROYAL (HALF) [1],8,5,10,5,5,25,,,,,
Total,,47,94,47,47,235,,,,,
,,,,,,,,,,,
,,,,,,,,,,,
Cutting Matrix — Lot 61264,,,,,,,,,,,
Lot Number:,61264,Style:,LOWER,,,,,,,,
Fabric:,MH FLEECE,Garment Type:,LOWER,,,,,,,,
,,,,,,,,,,,
Color,Cutting Table,M,L,XL,2XL,Total Pcs,,,,,
BLACK (L .BEIGE) [3],1,32,32,16,16,96,,,,,
BLACK (WHITE) [3],1,34,34,17,17,102,,,,,
15% (WHITE) [3],1,32,32,16,16,96,,,,,
D.GREY (WHITE) [3],1,32,32,16,16,96,,,,,
CAMEL (PEACOCK) [3],1,34,34,17,17,102,,,,,
NAVY (WHITE) [3],1,34,34,17,17,102,,,,,
Total,,198,198,99,99,594,,,,,
,,,,,,,,,,,
,,,,,,,,,,,
Cutting Matrix — Lot 61257,,,,,,,,,,,
Lot Number:,61257,Style:,LOWER,,,,,,,,
Fabric:,Cot fleece tie die,Garment Type:,LOWER,,,,,,,,
,,,,,,,,,,,
Color,Cutting Table,M,L,XL,2XL,Total Pcs,,,,,
GREY [4],5,40,40,20,20,120,,,,,
WHITE [4],5,40,40,20,20,120,,,,,
KHAKHI [4],5,42,42,21,21,126,,,,,
Total,,122,122,61,61,366,,,,,
,,,,,,,,,,,
,,,,,,,,,,,
Cutting Matrix — Lot 62148,,,,,,,,,,,
Lot Number:,62148,Style:,full zipper hoody,,,,,,,,
Fabric:,MH FLEECE,Garment Type:,TS - UPPER,,,,,,,,
,,,,,,,,,,,
Color,Cutting Table,M,L,XL,XXL,3XL,4XL,5XL,Total Pcs,,
BLACK [2],6,12,24,12,12,12,12,6,90,,
15% [2],6,12,24,12,12,12,12,6,90,,
Total,,24,48,24,24,24,24,12,180,,
,,,,,,,,,,,
,,,,,,,,,,,
Cutting Matrix — Lot 62149,,,,,,,,,,,
Lot Number:,62149,Style:,lower,,,,,,,,
Fabric:,MH FLEECE,Garment Type:,TS - LOWER,,,,,,,,
,,,,,,,,,,,
Color,Cutting Table,M,L,XL,XXL,3XL,4XL,5XL,Total Pcs,,
BLACK [2],6,12,24,12,12,12,12,6,90,,
15% [2],6,12,24,12,12,12,12,6,90,,
Total,,24,48,24,24,24,24,12,180,,
,,,,,,,,,,,
,,,,,,,,,,,
Cutting Matrix — Lot 62150,,,,,,,,,,,
Lot Number:,62150,Style:,full zipper hoody,,,,,,,,
Fabric:,MH FLEECE,Garment Type:,TS - UPPER,,,,,,,,
,,,,,,,,,,,
Color,Cutting Table,M,L,XL,XXL,3XL,4XL,5XL,Total Pcs,,
BLACK [2],13,12,24,12,12,12,12,6,90,,
15% [2],13,12,24,12,12,12,12,6,90,,
Total,,24,48,24,24,24,24,12,180,,
,,,,,,,,,,,
,,,,,,,,,,,
Cutting Matrix — Lot 62151,,,,,,,,,,,
Lot Number:,62151,Style:,lower,,,,,,,,
Fabric:,MH FLEECE,Garment Type:,TS - LOWER,,,,,,,,
,,,,,,,,,,,
Color,Cutting Table,M,L,XL,XXL,3XL,4XL,5XL,Total Pcs,,
BLACK [2],13,12,24,12,12,12,12,6,90,,
15% [2],13,12,24,12,12,12,12,6,90,,
Total,,24,48,24,24,24,24,12,180,,
,,,,,,,,,,,
,,,,,,,,,,,
Cutting Matrix — Lot 62152,,,,,,,,,,,
Lot Number:,62152,Style:,FULL ZIPPER HOODY,,,,,,,,
Fabric:,MH FLEECE,Garment Type:,TS - UPPER,,,,,,,,
,,,,,,,,,,,
Color,Cutting Table,M,L,XL,XXL,3XL,4XL,5XL,Total Pcs,,
BLACK [2],14,12,24,12,12,12,12,6,90,,
15% [2],14,12,24,12,12,12,12,6,90,,
Total,,24,48,24,24,24,24,12,180,,
,,,,,,,,,,,
,,,,,,,,,,,
Cutting Matrix — Lot 62153,,,,,,,,,,,
Lot Number:,62153,Style:,LOWER,,,,,,,,
Fabric:,MH FLEECE,Garment Type:,TS - LOWER,,,,,,,,
,,,,,,,,,,,
Color,Cutting Table,M,L,XL,XXL,3XL,4XL,5XL,Total Pcs,,
BLACK [2],14,12,24,12,12,12,12,6,90,,
15% [2],14,12,24,12,12,12,12,6,90,,
Total,,24,48,24,24,24,24,12,180,,
,,,,,,,,,,,
,,,,,,,,,,,
Cutting Matrix — Lot 62154,,,,,,,,,,,
Lot Number:,62154,Style:,FULL ZIPPER HOOD,,,,,,,,
Fabric:,MH FLEECE,Garment Type:,TS - UPPER,,,,,,,,
,,,,,,,,,,,
Color,Cutting Table,M,L,XL,XXL,3XL,4XL,5XL,Total Pcs,,
BLACK [2],10,12,24,12,12,12,12,6,90,,
15% [2],10,12,24,12,12,12,12,6,90,,
Total,,24,48,24,24,24,24,12,180,,
,,,,,,,,,,,
,,,,,,,,,,,
Cutting Matrix — Lot 62155,,,,,,,,,,,
Lot Number:,62155,Style:,LOWER,,,,,,,,
Fabric:,MH FLEECE,Garment Type:,TS - LOWER,,,,,,,,
,,,,,,,,,,,
Color,Cutting Table,M,L,XL,XXL,3XL,4XL,5XL,Total Pcs,,
BLACK [2],10,12,24,12,12,12,12,6,90,,
15% [2],10,12,24,12,12,12,12,6,90,,
Total,,24,48,24,24,24,24,12,180,,
,,,,,,,,,,,
,,,,,,,,,,,
Cutting Matrix — Lot 62156,,,,,,,,,,,
Lot Number:,62156,Style:,FULL ZIPPER HOOD,,,,,,,,
Fabric:,MH FLEECE,Garment Type:,TS - UPPER,,,,,,,,
,,,,,,,,,,,
Color,Cutting Table,M,L,XL,XXL,3XL,4XL,5XL,Total Pcs,,
BLACK [2],5,12,24,12,12,12,12,6,90,,
15% [2],5,12,24,12,12,12,12,6,90,,
Total,,24,48,24,24,24,24,12,180,,
,,,,,,,,,,,
,,,,,,,,,,,
Cutting Matrix — Lot 62157,,,,,,,,,,,
Lot Number:,62157,Style:,LOWER,,,,,,,,
Fabric:,MH FLEECE,Garment Type:,TS - LOWER,,,,,,,,
,,,,,,,,,,,
Color,Cutting Table,M,L,XL,XXL,3XL,4XL,5XL,Total Pcs,,
BLACK [2],5,12,24,12,12,12,12,6,90,,
15% [2],5,12,24,12,12,12,12,6,90,,
Total,,24,48,24,24,24,24,12,180,,
,,,,,,,,,,,
,,,,,,,,,,,
Cutting Matrix — Lot 62158,,,,,,,,,,,
Lot Number:,62158,Style:,FULL ZIPPER HOOD,,,,,,,,
Fabric:,MH FLEECE,Garment Type:,TS - UPPER,,,,,,,,
,,,,,,,,,,,
Color,Cutting Table,M,L,XL,XXL,3XL,4XL,5XL,Total Pcs,,
BLACK [2],11,12,24,12,12,12,12,6,90,,
15% [2],11,12,24,12,12,12,12,6,90,,
Total,,24,48,24,24,24,24,12,180,,
,,,,,,,,,,,
,,,,,,,,,,,
Cutting Matrix — Lot 62159,,,,,,,,,,,
Lot Number:,62159,Style:,LOWER,,,,,,,,
Fabric:,MH FLEECE,Garment Type:,TS - LOWER,,,,,,,,
,,,,,,,,,,,
Color,Cutting Table,M,L,XL,XXL,3XL,4XL,5XL,Total Pcs,,
BLACK [2],11,12,24,12,12,12,12,6,90,,
15% [2],11,12,24,12,12,12,12,6,90,,
Total,,24,48,24,24,24,24,12,180,,
,,,,,,,,,,,
,,,,,,,,,,,
Cutting Matrix — Lot 61254,,,,,,,,,,,
Lot Number:,61254,Style:,CHINESE,,,,,,,,
Fabric:,TRC SULPHUR,Garment Type:,LOWER,,,,,,,,
,,,,,,,,,,,
Color,Cutting Table,M,L,XL,XXL,Total Pcs,,,,,
BROWN [1],15,12,24,24,12,72,,,,,
OLIVE [1],15,9,18,18,9,54,,,,,
KHAKHI [1],15,12,24,24,12,72,,,,,
BLACK [1],15,13,26,26,13,78,,,,,
GREY [1],15,11,22,22,11,66,,,,,
Total,,57,114,114,57,342,,,,,
,,,,,,,,,,,
,,,,,,,,,,,
Cutting Matrix — Lot 62094,,,,,,,,,,,
Lot Number:,62094,Style:,FULL ZIPPER HOOD,,,,,,,,
Fabric:,UK LYCRA,Garment Type:,WINDCHEATER,,,,,,,,
,,,,,,,,,,,
Color,Cutting Table,M,L,XL,XXL,Total Pcs,,,,,
NAVY [1],15,10,20,10,10,50,,,,,
RED [1],15,10,20,10,10,50,,,,,
OFF WHITE [1],15,10,20,10,10,50,,,,,
BLACK [1],15,21,42,21,21,105,,,,,
L. FAWN [1],15,10,20,10,10,50,,,,,
Total,,61,122,61,61,305,,,,,
,,,,,,,,,,,
,,,,,,,,,,,
Cutting Matrix — Lot 62144,,,,,,,,,,,
Lot Number:,62144,Style:,CARGO,,,,,,,,
Fabric:,TRC,Garment Type:,S/L JACKET,,,,,,,,
,,,,,,,,,,,
Color,Cutting Table,S,M,L,XL,Total Pcs,,,,,
BLACK [1],15,14,28,28,14,84,,,,,
NAVY [1],15,14,28,28,14,84,,,,,
BEIGE [1],15,15,30,30,15,90,,,,,
D. GREY [1],15,13,26,26,13,78,,,,,
L. GREY [1],15,13,26,26,13,78,,,,,
Total,,69,138,138,69,414,,,,,
,,,,,,,,,,,
,,,,,,,,,,,
Cutting Matrix — Lot 61262,,,,,,,,,,,
Lot Number:,61262,Style:,LOWER,,,,,,,,
Fabric:,MH FLEECE,Garment Type:,LOWER,,,,,,,,
,,,,,,,,,,,
Color,Cutting Table,M,L,XL,2XL,Total Pcs,,,,,
BLACK(E) [4],4,40,40,20,20,120,,,,,
BLACK(F) [4],4,40,40,20,20,120,,,,,
BLACK(G) [4],4,40,40,20,20,120,,,,,
BLACK(H) [4],4,40,40,20,20,120,,,,,
BLACK(J) [4],4,40,40,20,20,120,,,,,
BLACK(L) [4],4,40,40,20,20,120,,,,,
BLACK(P) [4],4,40,40,20,20,120,,,,,
BLACK(X) [4],4,40,40,20,20,120,,,,,
Total,,320,320,160,160,960,,,,,
,,,,,,,,,,,
,,,,,,,,,,,
Cutting Matrix — Lot 61261,,,,,,,,,,,
Lot Number:,61261,Style:,LOWER,,,,,,,,
Fabric:,MH FLEECE,Garment Type:,LOWER,,,,,,,,
,,,,,,,,,,,
Color,Cutting Table,M,L,XL,2XL,Total Pcs,,,,,
L.BEIGE [2],2,42,42,21,21,126,,,,,
WHITE [2],2,44,44,22,22,132,,,,,
BLACK [2],2,86,86,43,43,258,,,,,
MOUSE,2,40,40,20,20,120,,,,,
OLIVE,2,42,42,21,21,126,,,,,
Total,,254,254,127,127,762,,,,,
,,,,,,,,,,,
,,,,,,,,,,,
Cutting Matrix — Lot 62143,,,,,,,,,,,
Lot Number:,62143,Style:,CARGO,,,,,,,,
Fabric:,TRC SULPHUR,Garment Type:,S/L JACKET,,,,,,,,
,,,,,,,,,,,
Color,Cutting Table,S,M,L,XL,Total Pcs,,,,,
BLACK [1],15,13,26,26,13,78,,,,,
OLIVE [1],15,11,22,22,11,66,,,,,
BROWN [1],15,13,26,26,13,78,,,,,
KHAKHI [1],15,10,20,20,10,60,,,,,
GREY [1],15,10,20,20,10,60,,,,,
Total,,57,114,114,57,342,,,,,
,,,,,,,,,,,
,,,,,,,,,,,
Cutting Matrix — Lot 68012,,,,,,,,,,,
Lot Number:,68012,Style:,BOXY FIT FULL SLEEVE,,,,,,,,
Fabric:,SHEMRY OXFORD,Garment Type:,SHIRT,,,,,,,,
,,,,,,,,,,,
Color,Cutting Table,M,L,XL,Total Pcs,,,,,,
BLUE,7,26,26,13,65,,,,,,
GREEN,7,26,26,13,65,,,,,,
CAMEL,7,26,26,13,65,,,,,,
L GREY,0,0,0,0,0,,,,,,
BLACK,7,26,26,13,65,,,,,,
YELLOW,7,26,26,13,65,,,,,,
Total,,130,130,65,325,,,,,,
,,,,,,,,,,,
,,,,,,,,,,,
Cutting Matrix — Lot 11856,,,,,,,,,,,
Lot Number:,11856,Style:,LOWER,,,,,,,,
Fabric:,MH FLEECE,Garment Type:,LOWER,,,,,,,,
,,,,,,,,,,,
Color,Cutting Table,M,L,XL,XXL,Total Pcs,,,,,
BLACK [2],6,82,82,41,41,246,,,,,
15% [2],6,44,44,22,22,132,,,,,
OFF WHITE [2],6,38,38,19,19,114,,,,,
NAVY [2],6,40,40,20,20,120,,,,,
L.BEIGE [2],6,40,40,20,20,120,,,,,
Total,,244,244,122,122,732,,,,,
,,,,,,,,,,,
,,,,,,,,,,,
Cutting Matrix — Lot 11853,,,,,,,,,,,
Lot Number:,11853,Style:,ROUND KNECK FULL SLEEVE,,,,,,,,
Fabric:,Pin jp 1,Garment Type:,T-SHIRT R/N,,,,,,,,
,,,,,,,,,,,
Color,Cutting Table,S,M,L,XL,Total Pcs,,,,,
FAWN [2],11,20,40,40,20,120,,,,,
BLACK [2],11,18,36,36,18,108,,,,,
WHITE [2],11,20,40,40,20,120,,,,,
Total,,58,116,116,58,348,,,,,
,,,,,,,,,,,
,,,,,,,,,,,
Cutting Matrix — Lot 11854,,,,,,,,,,,
Lot Number:,11854,Style:,ROUND KNECK FULL SLEEVE,,,,,,,,
Fabric:,Pin jp 2,Garment Type:,T-SHIRT R/N,,,,,,,,
,,,,,,,,,,,
Color,Cutting Table,S,M,L,XL,Total Pcs,,,,,
FAWN [2],11,21,42,42,21,126,,,,,
BLACK [2],11,23,46,46,23,138,,,,,
WHITE [2],11,20,40,40,20,120,,,,,
Total,,64,128,128,64,384,,,,,
,,,,,,,,,,,
,,,,,,,,,,,
Cutting Matrix — Lot 61258,,,,,,,,,,,
Lot Number:,61258,Style:,ZIPPER HOODY,,,,,,,,
Fabric:,MH FLEECE,Garment Type:,TS - UPPER,,,,,,,,
,,,,,,,,,,,
Color,Cutting Table,M,L,XL,2XL,Total Pcs,,,,,
BLACK [4],10,40,40,20,20,120,,,,,
BLACK,10,40,40,20,20,120,,,,,
BLACK2,10,40,40,20,20,120,,,,,
BLACK 3,10,40,40,20,20,120,,,,,
BLACK 4,10,40,40,20,20,120,,,,,
Total,,200,200,100,100,600,,,,,
,,,,,,,,,,,
,,,,,,,,,,,
Cutting Matrix — Lot 10028,,,,,,,,,,,
Lot Number:,10028,Style:,ROUNDNECK,,,,,,,,
Fabric:,MIX,Garment Type:,T-SHIRT R/N,,,,,,,,
,,,,,,,,,,,
Color,Cutting Table,MIX,Total Pcs,,,,,,,,
MIX [1],,960,960,,,,,,,,
Total,,960,960,,,,,,,,
,,,,,,,,,,,
,,,,,,,,,,,
Cutting Matrix — Lot 10029,,,,,,,,,,,
Lot Number:,10029,Style:,T-SHIRT COLLAR,,,,,,,,
Fabric:,MIX,Garment Type:,T-SHIRT COLLAR,,,,,,,,
,,,,,,,,,,,
Color,Cutting Table,MIX,Total Pcs,,,,,,,,
MIX [1],,693,693,,,,,,,,
Total,,693,693,,,,,,,,
,,,,,,,,,,,
,,,,,,,,,,,
Cutting Matrix — Lot 10030,,,,,,,,,,,
Lot Number:,10030,Style:,NIKKER,,,,,,,,
Fabric:,MIX,Garment Type:,NIKKER,,,,,,,,
,,,,,,,,,,,
Color,Cutting Table,MIX,Total Pcs,,,,,,,,
MIX [1],,105,105,,,,,,,,
Total,,105,105,,,,,,,,
,,,,,,,,,,,
,,,,,,,,,,,
Cutting Matrix — Lot 10031,,,,,,,,,,,
Lot Number:,10031,Style:,LOWER,,,,,,,,
Fabric:,MIX,Garment Type:,LOWER,,,,,,,,
,,,,,,,,,,,
Color,Cutting Table,MIX,Total Pcs,,,,,,,,
MIX [1],,83,83,,,,,,,,
Total,,83,83,,,,,,,,
,,,,,,,,,,,
,,,,,,,,,,,
Cutting Matrix — Lot 62124,,,,,,,,,,,
Lot Number:,62124,Style:,REGULAR,,,,,,,,
Fabric:,UK LYCRA,Garment Type:,LOWER,,,,,,,,
,,,,,,,,,,,
Color,Cutting Table,M,L,XL,2XL,Total Pcs,,,,,
BLACK [1],15,12,24,24,12,72,,,,,
SILVER [1],15,12,24,24,12,72,,,,,
SKY [1],15,12,24,24,12,72,,,,,
Total,,36,72,72,36,216,,,,,
,,,,,,,,,,,
,,,,,,,,,,,
Cutting Matrix — Lot 67029,,,,,,,,,,,
Lot Number:,67029,Style:,WINDECHEATER,,,,,,,,
Fabric:,Q#2,Garment Type:,WINDCHEATER,,,,,,,,
,,,,,,,,,,,
Color,Cutting Table,M,L,XL,2XL,3XL,4XL,5XL,Total Pcs,,
BLACK [2],9,35,70,70,35,24,12,12,258,,
SILVER [2],9,17,34,34,17,12,6,6,126,,
D.GREY [2],9,17,34,34,17,12,6,6,126,,
SKY [2],9,16,32,32,16,12,6,6,120,,
B.GREEN [2],9,17,34,34,17,12,6,6,126,,
ROYAL (HALF) [1],9,8,16,16,8,6,3,3,60,,
STONE [2],9,17,34,34,17,12,6,6,126,,
WHITE [2],9,17,34,34,17,12,6,6,126,,
Total,,144,288,288,144,102,51,51,1068,,
,,,,,,,,,,,
,,,,,,,,,,,
Cutting Matrix — Lot 61259,,,,,,,,,,,
Lot Number:,61259,Style:,LOWER,,,,,,,,
Fabric:,MH FLEECE,Garment Type:,TS - LOWER,,,,,,,,
,,,,,,,,,,,
Color,Cutting Table,M,L,XL,2XL,Total Pcs,,,,,
BLACK [4],10,40,40,20,20,120,,,,,
BLACK2,10,40,40,20,20,120,,,,,
BLACK 1,10,40,40,20,20,120,,,,,
BLACK 3,10,40,40,20,20,120,,,,,
BLACK5,10,40,40,20,20,120,,,,,
Total,,200,200,100,100,600,,,,,
,,,,,,,,,,,
,,,,,,,,,,,
Cutting Matrix — Lot 11861,,,,,,,,,,,
Lot Number:,11861,Style:,ROUND KNECK FULL SLEEVE,,,,,,,,
Fabric:,"K,O",Garment Type:,T-SHIRT R/N,,,,,,,,
,,,,,,,,,,,
Color,Cutting Table,S,M,L,XL,Total Pcs,,,,,
BLACK [2],1,64,128,128,64,384,,,,,
BROWN [2],1,32,64,64,32,192,,,,,
CREAM [3],1,24,48,48,24,144,,,,,
L.OLIVE [2],1,26,52,52,26,156,,,,,
KHAKHI [2],1,32,64,64,32,192,,,,,
GREY [2],1,35,70,70,35,210,,,,,
GREEN [2],1,29,58,58,29,174,,,,,
Total,,242,484,484,242,1452,,,,,
,,,,,,,,,,,
,,,,,,,,,,,
,,,,,,,,,,,
,,,,,,,,,,,
,,,,,,,,,,,
,,,,,,,,,,,
,,,,,,,,,,,
,,,,,,,,,,,
,,,,,,,,,,,
,,,,,,,,,,,
,,,,,,,,,,,
,,,,,,,,,,,
,,,,,,,,,,,
,,,,,,,,,,,
Cutting Matrix — Lot 67030,,,,,,,,,,,
Lot Number:,67030,Style:,WINDCHEATER,,,,,,,,
Fabric:,Q#2,Garment Type:,WINDCHEATER,,,,,,,,
,,,,,,,,,,,
Color,Cutting Table,M,L,XL,2XL,3XL,4XL,5XL,Total Pcs,,
BLACK [2],8,33,66,66,33,24,12,12,246,,
ROYAL (HALF) [1],8,8,16,16,8,6,3,3,60,,
RED (HALF) [1],8,8,16,16,8,6,3,3,60,,
STONE [2],8,17,34,34,17,12,6,6,126,,
D.NAVY [2],8,17,34,34,17,12,6,6,126,,
WHITE [2],8,17,34,34,17,12,6,6,126,,
GREY [2],8,17,34,34,17,12,6,6,126,,
GREEN (HALF) [1],8,8,16,16,8,6,3,3,60,,
Total,,125,250,250,125,90,45,45,930,,
,,,,,,,,,,,
,,,,,,,,,,,
,,,,,,,,,,,
,,,,,,,,,,,
,,,,,,,,,,,
,,,,,,,,,,,
,,,,,,,,,,,
,,,,,,,,,,,
,,,,,,,,,,,
,,,,,,,,,,,
,,,,,,,,,,,
,,,,,,,,,,,
,,,,,,,,,,,
,,,,,,,,,,,
,,,,,,,,,,,
Cutting Matrix — Lot 61260,,,,,,,,,,,
Lot Number:,61260,Style:,LOWER,,,,,,,,
Fabric:,MH FLEECE,Garment Type:,LOWER,,,,,,,,
,,,,,,,,,,,
Color,Cutting Table,M,L,XL,2XL,Total Pcs,,,,,
BLACK (BONE CREAM) [2],13,40,40,20,20,120,,,,,
BLACK (D.GREY) [2],13,40,40,20,20,120,,,,,
15% (WHITE) [2],13,40,40,20,20,120,,,,,
LIGHT BEIGE (OLIVE) [2],13,40,40,20,20,120,,,,,
WHITE (15%) [2],13,40,40,20,20,120,,,,,
CAMEL (CREAM) [2],13,40,40,20,20,120,,,,,
Total,,240,240,120,120,720,,,,,
,,,,,,,,,,,
,,,,,,,,,,,
Cutting Matrix — Lot 76095,,,,,,,,,,,
Lot Number:,76095,Style:,BOXY FIT FULL SLEEVE,,,,,,,,
Fabric:,BERRY BLAST,Garment Type:,SHIRT,,,,,,,,
,,,,,,,,,,,
Color,Cutting Table,M,L,XL,Total Pcs,,,,,,
BLACK[2],7,56,56,28,140,,,,,,
WHITE[2],7,56,56,28,140,,,,,,
BROWN[2],7,54,54,27,135,,,,,,
NAVY[2],7,60,60,30,150,,,,,,
Total,,226,226,113,565,,,,,,
,,,,,,,,,,,
,,,,,,,,,,,
Cutting Matrix — Lot 11857,,,,,,,,,,,
Lot Number:,11857,Style:,LOWER,,,,,,,,
Fabric:,MICKEY,Garment Type:,LOWER,,,,,,,,
,,,,,,,,,,,
Color,Cutting Table,M,L,XL,2XL,Total Pcs,,,,,
DARK CAMEL [3],2,21,42,21,21,105,,,,,
BLACK [3],2,44,88,44,44,220,,,,,
GREY [3],2,22,44,22,22,110,,,,,
SILVER [3],2,21,42,21,21,105,,,,,
OFF WHITE (HALF) [3],2,11,22,11,11,55,,,,,
DEEP NAVY [3],2,21,42,21,21,105,,,,,
D.OLIVE [3],2,23,46,23,23,115,,,,,
Total,,163,326,163,163,815,,,,,
,,,,,,,,,,,
,,,,,,,,,,,
Cutting Matrix — Lot 11865,,,,,,,,,,,
Lot Number:,11865,Style:,ROUNDNECK,,,,,,,,
Fabric:,RFD LYCRA,Garment Type:,T-SHIRT R/N,,,,,,,,
,,,,,,,,,,,
Color,Cutting Table,S,M,L,XL,Total Pcs,,,,,
RFD OFF WHITE [6],13,60,120,120,60,360,,,,,
OFF WHITE 2,13,60,120,120,60,360,,,,,
OFF WHITE 3,13,60,120,120,60,360,,,,,
OFF WHITE 4,13,60,120,120,60,360,,,,,
OFF WHITE 5,1,60,120,120,60,360,,,,,
OFF WHITE 7,1,60,120,120,60,360,,,,,
OFF WHITE 6,1,60,120,120,60,360,,,,,
OFF WHITE 8,1,37,74,74,37,222,,,,,
Total,,457,914,914,457,2742,,,,,
,,,,,,,,,,,
,,,,,,,,,,,
Cutting Matrix — Lot 68006,,,,,,,,,,,
Lot Number:,68006,Style:,BOXY FIT FULL SLEEVE,,,,,,,,
Fabric:,OXFORD STRIPE,Garment Type:,SHIRT,,,,,,,,
,,,,,,,,,,,
Color,Cutting Table,M,L,XL,Total Pcs,,,,,,
12- NAVY [1],7,34,34,17,85,,,,,,
07 - GREEN [1],7,32,32,16,80,,,,,,
05 - L. GREY [1],7,30,30,15,75,,,,,,
03 - BLACK [1],7,34,34,17,85,,,,,,
01 - L. PINK [1],7,32,32,16,80,,,,,,
Total,,162,162,81,405,,,,,,
,,,,,,,,,,,
,,,,,,,,,,,
Cutting Matrix — Lot 67026,,,,,,,,,,,
Lot Number:,67026,Style:,WINDECHEATER,,,,,,,,
Fabric:,Q#2,Garment Type:,WINDCHEATER,,,,,,,,
,,,,,,,,,,,
Color,Cutting Table,M,L,XL,XXL,2XL,3XL,4XL,5XL,Total Pcs,
BLACK [2],15,34,68,68,34,,24,12,12,252,
FIROZI (HALF) [1],15,8,16,16,8,,6,3,3,60,
LT.GREY [2],15,17,34,34,17,,12,6,6,126,
RED (HALF) [1],15,8,16,16,8,,6,3,3,60,
B.GREEN [2],15,17,34,34,17,,12,6,6,126,
D.GREY [2],15,17,34,34,17,,12,6,6,126,
WHITE [2],15,17,34,34,17,,12,6,6,126,
Total,,118,236,236,118,0,84,42,42,876,
,,,,,,,,,,,
,,,,,,,,,,,
Cutting Matrix — Lot 62075,,,,,,,,,,,
Lot Number:,62075,Style:,NORMAL FIT,,,,,,,,
Fabric:,UK LYCRA,Garment Type:,WINDCHEATER,,,,,,,,
,,,,,,,,,,,
Color,Cutting Table,M,L,XL,XXL,Total Pcs,,,,,
ROYAL [1],9,13,26,13,13,65,,,,,
OFF WHITE [1],9,14,28,14,14,70,,,,,
BLACK [1],9,27,54,27,27,135,,,,,
STONE [1],9,13,26,13,13,65,,,,,
RED,9,13,26,13,13,65,,,,,
Total,,80,160,80,80,400,,,,,
,,,,,,,,,,,
,,,,,,,,,,,
Cutting Matrix — Lot 67031,,,,,,,,,,,
Lot Number:,67031,Style:,WINDECHEATER,,,,,,,,
Fabric:,Q#2,Garment Type:,WINDCHEATER,,,,,,,,
,,,,,,,,,,,
Color,Cutting Table,M,L,XL,2XL,3XL,4XL,5XL,Total Pcs,,
BLACK [2],8,36,72,72,36,24,12,12,264,,
ORANGE (HALF) [1],8,8,16,16,8,6,3,3,60,,
L.GREY [2],8,16,32,32,16,12,6,6,120,,
D.OLIVE [2],8,16,32,32,16,12,6,6,120,,
D.GREY [2],8,16,32,32,16,12,6,6,120,,
GREEN (HALF) [1],8,8,16,16,8,6,3,3,60,,
WHITE [2],8,16,32,32,16,12,6,6,120,,
Total,,116,232,232,116,84,42,42,864,,
,,,,,,,,,,,
,,,,,,,,,,,
Cutting Matrix — Lot 11859,,,,,,,,,,,
Lot Number:,11859,Style:,LOWER,,,,,,,,
Fabric:,MICKEY,Garment Type:,LOWER,,,,,,,,
,,,,,,,,,,,
Color,Cutting Table,M,L,XL,2XL,Total Pcs,,,,,
BLACK [3],1,40,80,40,40,200,,,,,
TAN [3],1,20,40,20,20,100,,,,,
CHARCOAL [3],1,20,40,20,20,100,,,,,
OFF WHITE (HALF) [3],1,10,20,10,10,50,,,,,
SILVER [3],1,20,40,20,20,100,,,,,
DEEP NAVY [3],1,20,40,20,20,100,,,,,
GREEN [3],1,20,40,20,20,100,,,,,
Total,,150,300,150,150,750,,,,,
,,,,,,,,,,,
,,,,,,,,,,,
Cutting Matrix — Lot 11834,,,,,,,,,,,
Lot Number:,11834,Style:,LOWER,,,,,,,,
Fabric:,RFD MH FLEECE,Garment Type:,LOWER,,,,,,,,
,,,,,,,,,,,
Color,Cutting Table,M,L,XL,Total Pcs,,,,,,
OFF WHITE [5],10,60,60,30,150,,,,,,
OFF WHITE 2,10,60,60,30,150,,,,,,
OFF WHITE 3,10,60,60,30,150,,,,,,
OFF WHITE 4,10,60,60,30,150,,,,,,
Total,,240,240,120,600,,,,,,
,,,,,,,,,,,
,,,,,,,,,,,
Cutting Matrix — Lot 11863,,,,,,,,,,,
Lot Number:,11863,Style:,REGANOR SLEEVE R/N,,,,,,,,
Fabric:,COTTON DOBBY,Garment Type:,T-SHIRT R/N,,,,,,,,
,,,,,,,,,,,
Color,Cutting Table,S,M,L,XL,Total Pcs,,,,,
BEIGE [3],5,27,54,54,27,162,,,,,
WINE [3],5,27,54,54,27,162,,,,,
BROWN [3],5,29,58,58,29,174,,,,,
OLIVE [3],5,29,58,58,29,174,,,,,
WHITE [3],5,29,58,58,29,174,,,,,
BLACK [3],5,29,58,58,29,174,,,,,
Total,,170,340,340,170,1020,,,,,
,,,,,,,,,,,
,,,,,,,,,,,
Cutting Matrix — Lot 11862,,,,,,,,,,,
Lot Number:,11862,Style:,REGANOR SLEEVE R/N,,,,,,,,
Fabric:,COTTON DOBBY,Garment Type:,T-SHIRT R/N,,,,,,,,
,,,,,,,,,,,
Color,Cutting Table,S,M,L,XL,Total Pcs,,,,,
BEIGE [2],5,28,56,56,28,168,,,,,
WINE [2],5,28,56,56,28,168,,,,,
BROWN [2],5,30,60,60,30,180,,,,,
OLIVE [2],5,30,60,60,30,180,,,,,
WHITE [2],5,30,60,60,30,180,,,,,
BLACK [2],5,30,60,60,30,180,,,,,
Total,,176,352,352,176,1056,,,,,
,,,,,,,,,,,
,,,,,,,,,,,
Cutting Matrix — Lot 11835,,,,,,,,,,,
Lot Number:,11835,Style:,LOWER,,,,,,,,
Fabric:,RFD MH FLEECE,Garment Type:,LOWER,,,,,,,,
,,,,,,,,,,,
Color,Cutting Table,M,L,XL,Total Pcs,,,,,,
OFF WHITE [5],6,60,60,30,150,,,,,,
OFF WHITE 2,6,60,60,30,150,,,,,,
OFF WHITE 3,6,60,60,30,150,,,,,,
OFF WHITE 4,6,60,60,30,150,,,,,,
Total,,240,240,120,600,,,,,,
,,,,,,,,,,,
,,,,,,,,,,,
Cutting Matrix — Lot 76096,,,,,,,,,,,
Lot Number:,76096,Style:,BOXY FIT FULL SLEEVE,,,,,,,,
Fabric:,OXFORD STRIPE,Garment Type:,SHIRT,,,,,,,,
,,,,,,,,,,,
Color,Cutting Table,M,L,XL,Total Pcs,,,,,,
NAVY [2],7,70,70,35,175,,,,,,
SKY [2],7,64,64,32,160,,,,,,
CAMEL [2],7,64,64,32,160,,,,,,
PINK [2],7,66,66,33,165,,,,,,
L.GREY [2],7,64,64,32,160,,,,,,
MAROON [2],7,66,66,33,165,,,,,,
Total,,394,394,197,985,,,,,,
,,,,,,,,,,,
,,,,,,,,,,,
Cutting Matrix — Lot 11855,,,,,,,,,,,
Lot Number:,11855,Style:,CROSS HODDIE,,,,,,,,
Fabric:,RFD FLEECE OUTSIDE ANTIFILLING,Garment Type:,SWEATSHIRT HOODIE,,,,,,,,
,,,,,,,,,,,
Color,Cutting Table,M,L,XL,Total Pcs,,,,,,
RFD OFF WHITE [5],11,60,60,30,150,,,,,,
OFF WHITE 2,11,60,60,30,150,,,,,,
OFF WHITE 3,11,60,60,30,150,,,,,,
OFF WHITE 4,11,54,54,27,135,,,,,,
OFF WHITE 5,10,60,60,30,150,,,,,,
OFF WHITE 8,10,60,60,30,150,,,,,,
OFF WHITE 9,10,60,60,30,150,,,,,,
OFF WHITE 6,10,60,60,30,150,,,,,,
OFF WHITE 7,10,60,60,30,150,,,,,,
OFF WHITE 10,2,60,60,30,150,,,,,,
OFF WHITE 11,2,60,60,30,150,,,,,,
OFF WHITE 12,2,60,60,30,150,,,,,,
OFF WHITE 13,4,60,60,30,150,,,,,,
OFF WHITE 14,4,60,60,30,150,,,,,,
OFF WHITE 15,4,60,60,30,150,,,,,,
Total,,894,894,447,2235,,,,,,
,,,,,,,,,,,
,,,,,,,,,,,
,,,,,,,,,,,
Cutting Matrix — Lot 67027,,,,,,,,,,,
Lot Number:,67027,Style:,WINDECHEATER,,,,,,,,
Fabric:,Q#2,Garment Type:,WINDCHEATER,,,,,,,,
,,,,,,,,,,,
Color,Cutting Table,M,L,XL,2XL,3XL,4XL,5XL,Total Pcs,,
BLACK [2],12,34,68,68,34,24,12,12,252,,
WHITE [2],12,17,34,34,17,12,6,6,126,,
ROYAL (HALF) [1],12,8,16,16,8,6,3,3,60,,
RED (HALF) [1],12,8,16,16,8,6,3,3,60,,
D.OLIVE [2],12,17,34,34,17,12,6,6,126,,
M.GREY [2],12,17,34,34,17,12,6,6,126,,
B.GREEN [2],12,17,34,34,17,12,6,6,126,,
Total,,118,236,236,118,84,42,42,876,,
,,,,,,,,,,,
,,,,,,,,,,,
Cutting Matrix — Lot 67024,,,,,,,,,,,
Lot Number:,67024,Style:,JOGGER,,,,,,,,
Fabric:,MH FLEECE,Garment Type:,JOGGER,,,,,,,,
,,,,,,,,,,,
Color,Cutting Table,M,L,XL,2XL,Total Pcs,,,,,
BLACK [2],14,36,72,72,36,216,,,,,
PEACOCK [2],14,17,34,34,17,102,,,,,
DENIM [2],14,18,36,36,18,108,,,,,
OLIVE 4388 [2],14,18,36,36,18,108,,,,,
OFFWHITE [2],14,18,36,36,18,108,,,,,
Total,,107,214,214,107,642,,,,,
,,,,,,,,,,,
,,,,,,,,,,,
Cutting Matrix — Lot 11860,,,,,,,,,,,
Lot Number:,11860,Style:,SWEATSHIRT COLLAR ZIPPER,,,,,,,,
Fabric:,MICKEY,Garment Type:,SWEATSHIRT COLLAR,,,,,,,,
,,,,,,,,,,,
Color,Cutting Table,M,L,XL,2XL,Total Pcs,,,,,
OFF WHITE [2],5,15,15,15,15,60,,,,,
BLACK [2],5,30,30,30,30,120,,,,,
SILVER GREY [2],5,15,15,15,15,60,,,,,
D.CAMEL [2],5,15,15,15,15,60,,,,,
Total,,75,75,75,75,300,,,,,
,,,,,,,,,,,
,,,,,,,,,,,
Cutting Matrix — Lot 67036,,,,,,,,,,,
Lot Number:,67036,Style:,WINDECHEATER,,,,,,,,
Fabric:,Q#2,Garment Type:,WINDCHEATER,,,,,,,,
,,,,,,,,,,,
Color,Cutting Table,M,L,XL,XXL,Total Pcs,,,,,
ROYAL (WHITE) [1],15,13,26,13,13,65,,,,,
OFF WHITE (BLACK) [1],15,13,26,13,13,65,,,,,
BLACK (RED) [1],15,13,26,13,13,65,,,,,
STONE (RED) [1],15,13,26,13,13,65,,,,,
BLACK (WHITE) [1],15,13,26,13,13,65,,,,,
RED (WHITE) [1],15,13,26,13,13,65,,,,,
Total,,78,156,78,78,390,,,,,
,,,,,,,,,,,
,,,,,,,,,,,
Cutting Matrix — Lot 62118,,,,,,,,,,,
Lot Number:,62118,Style:,FULL ZIPPER COLLAR,,,,,,,,
Fabric:,BUBBLE TT LEATHER,Garment Type:,JACKET,,,,,,,,
,,,,,,,,,,,
Color,Cutting Table,M,L,XL,Total Pcs,,,,,,
BLACK [2],15,48,48,24,120,,,,,,
BROWN [2],15,24,24,12,60,,,,,,
TAN [2],15,24,24,12,60,,,,,,
Total,,96,96,48,240,,,,,,
,,,,,,,,,,,
,,,,,,,,,,,
Cutting Matrix — Lot 11858,,,,,,,,,,,
Lot Number:,11858,Style:,LOWER,,,,,,,,
Fabric:,MICKEY,Garment Type:,LOWER,,,,,,,,
,,,,,,,,,,,
Color,Cutting Table,M,L,XL,2XL,Total Pcs,,,,,
BLACK [3],2,41,82,41,41,205,,,,,
TAN [3],2,22,44,22,22,110,,,,,
CHARCOAL [3],2,21,42,21,21,105,,,,,
OFF WHITE (HALF) [3],2,11,22,11,11,55,,,,,
SILVER [3],2,23,46,23,23,115,,,,,
DEEP NAVY [3],2,22,44,22,22,110,,,,,
GREEN [3],2,21,42,21,21,105,,,,,
Total,,161,322,161,161,805,,,,,
,,,,,,,,,,,
,,,,,,,,,,,
Cutting Matrix — Lot 67028,,,,,,,,,,,
Lot Number:,67028,Style:,WINDECHEATER,,,,,,,,
Fabric:,Q#2,Garment Type:,WINDCHEATER,,,,,,,,
,,,,,,,,,,,
Color,Cutting Table,M,L,XL,2XL,3XL,4XL,5XL,Total Pcs,,
BLACK [2],9,35,70,70,35,24,12,12,258,,
WHITE [2],9,18,36,36,18,12,6,6,132,,
ROYAL (HALF) [1],9,8,16,16,8,6,3,3,60,,
RED (HALF) [1],9,8,16,16,8,6,3,3,60,,
SILVER [2],9,17,34,34,17,12,6,6,126,,
STONE [2],9,18,36,36,18,12,6,6,132,,
FEROZI [2],9,8,16,16,8,6,3,3,60,,
YELLOW (HALF) [1],9,9,18,18,9,6,3,3,66,,
D.OLIVE,9,17,34,34,17,12,6,6,126,,
Total,,138,276,276,138,96,48,48,1020,,
,,,,,,,,,,,
,,,,,,,,,,,
Cutting Matrix — Lot 11867,,,,,,,,,,,
Lot Number:,11867,Style:,T/NECK FULL ZIPPER,,,,,,,,
Fabric:,GREAT STORY TT,Garment Type:,SWEATSHIRT,,,,,,,,
,,,,,,,,,,,
Color,Cutting Table,M,L,XL,2XL,Total Pcs,,,,,
BLACK [2],6,14,14,14,14,56,,,,,
OLIVE [2],6,14,14,14,14,56,,,,,
B.GREEN [2],6,14,14,14,14,56,,,,,
NAVY [2],6,14,14,14,14,56,,,,,
D.GREY [2],6,14,14,14,14,56,,,,,
Total,,70,70,70,70,280,,,,,
,,,,,,,,,,,
,,,,,,,,,,,
Cutting Matrix — Lot 61263,,,,,,,,,,,
Lot Number:,61263,Style:,LOWER,,,,,,,,
Fabric:,MH FLEECE,Garment Type:,LOWER,,,,,,,,
,,,,,,,,,,,
Color,Cutting Table,M,L,XL,2XL,Total Pcs,,,,,
BLACK (L.BEIGE) [3],16,38,38,19,19,114,,,,,
BLACK (WHITE) [3],16,34,34,17,17,102,,,,,
L.BEIGE (NAVY) [3],16,32,32,16,16,96,,,,,
D.GREY (WHITE) [3],16,30,30,15,15,90,,,,,
15% (WHITE) [3],16,32,32,16,16,96,,,,,
CEMENT (CREAM) [3],16,32,32,16,16,96,,,,,
Total,,198,198,99,99,594,,,,,
,,,,,,,,,,,
,,,,,,,,,,,
Cutting Matrix — Lot 11773,,,,,,,,,,,
Lot Number:,11773,Style:,CROSS HODDIE,,,,,,,,
Fabric:,BOXY FIT RFD,Garment Type:,Track Suit Upper,,,,,,,,
,,,,,,,,,,,
Color,Cutting Table,M,L,XL,Total Pcs,,,,,,
OFF WHITE [6],4,60,60,30,150,,,,,,
OFF WHITE 2,4,60,60,30,150,,,,,,
OFF WHITE 4,4,60,60,30,150,,,,,,
Total,,180,180,90,450,,,,,,
,,,,,,,,,,,
,,,,,,,,,,,
Cutting Matrix — Lot 61266,,,,,,,,,,,
Lot Number:,61266,Style:,REGULAR,,,,,,,,
Fabric:,UK LYCRA,Garment Type:,LOWER,,,,,,,,
,,,,,,,,,,,
Color,Cutting Table,M,L,XL,XXL,Total Pcs,,,,,
BLACK (SERIES) [10],8,22,22,11,11,66,,,,,
BLACK2,8,18,18,9,9,54,,,,,
BLACK 1,8,22,22,11,11,66,,,,,
BLACK 3,8,22,22,11,11,66,,,,,
BLACK 4,8,22,22,11,11,66,,,,,
BLACK 5,8,22,22,11,11,66,,,,,
BLACK 6,8,22,22,11,11,66,,,,,
BLACK 8,8,22,22,11,11,66,,,,,
BLACK 7,8,22,22,11,11,66,,,,,
BLACK 9,8,20,20,10,10,60,,,,,
BLACK  10,0,0,0,0,0,0,,,,,
Total,,214,214,107,107,642,,,,,
,,,,,,,,,,,
,,,,,,,,,,,
Cutting Matrix — Lot 67033,,,,,,,,,,,
Lot Number:,67033,Style:,WINDECHEATER,,,,,,,,
Fabric:,ARMANI LYCRA,Garment Type:,WINDCHEATER,,,,,,,,
,,,,,,,,,,,
Color,Cutting Table,M,L,XL,Total Pcs,,,,,,
BLACK [1],8,46,46,23,115,,,,,,
NAVY [1],8,24,24,12,60,,,,,,
PISTA [1],8,20,20,10,50,,,,,,
FAWN [1],8,24,24,12,60,,,,,,
WHITE [1],8,26,26,13,65,,,,,,
Total,,140,140,70,350,,,,,,
,,,,,,,,,,,
,,,,,,,,,,,
Cutting Matrix — Lot 73078,,,,,,,,,,,
Lot Number:,73078,Style:,JACKET,,,,,,,,
Fabric:,SUEDE,Garment Type:,JACKET,,,,,,,,
,,,,,,,,,,,
Color,Cutting Table,M,L,XL,2XL,Total Pcs,,,,,
STONE [2],15,20,40,20,20,100,,,,,
BLACK [2],15,21,42,21,21,105,,,,,
BROWN [2],15,20,40,20,20,100,,,,,
COFFEE [2],15,20,40,20,20,100,,,,,
CAMEL [2],15,20,40,20,20,100,,,,,
Total,,101,202,101,101,505,,,,,
,,,,,,,,,,,
,,,,,,,,,,,
Cutting Matrix — Lot 67009,,,,,,,,,,,
Lot Number:,67009,Style:,R/ NECK HOODIE,,,,,,,,
Fabric:,MH FLEECE,Garment Type:,SWEATSHIRT,,,,,,,,
,,,,,,,,,,,
Color,Cutting Table,M,L,XL,Total Pcs,,,,,,
BLACK [2],10,24,24,12,60,,,,,,
15% [2],10,20,20,10,50,,,,,,
OFF WHITE [2],10,22,24,11,57,,,,,,
Total,,66,68,33,167,,,,,,
,,,,,,,,,,,
,,,,,,,,,,,
Cutting Matrix — Lot 62147,,,,,,,,,,,
Lot Number:,62147,Style:,R/NECK HOODIE,,,,,,,,
Fabric:,K/CHI PRINT FLEECE,Garment Type:,SWEATSHIRT,,,,,,,,
,,,,,,,,,,,
Color,Cutting Table,M,L,XL,Total Pcs,,,,,,
BLACK [2],10,28,28,14,70,,,,,,
GREY [2],10,26,26,13,65,,,,,,
CAMEL [2],10,26,26,13,65,,,,,,
Total,,80,80,40,200,,,,,,
,,,,,,,,,,,
,,,,,,,,,,,
Cutting Matrix — Lot 61270,,,,,,,,,,,
Lot Number:,61270,Style:,REGULAR,,,,,,,,
Fabric:,MH FLEECE,Garment Type:,LOWER,,,,,,,,
,,,,,,,,,,,
Color,Cutting Table,M,L,XL,XXL,Total Pcs,,,,,
BLACK [2],14,24,24,12,12,72,,,,,
BLACK,14,24,24,12,12,72,,,,,
BLACK 3,14,24,24,12,12,72,,,,,
BLACK 5,14,24,24,12,12,72,,,,,
BLACK 4,14,24,24,12,12,72,,,,,
BLACK 2,14,24,24,12,12,72,,,,,
Total,,144,144,72,72,432,,,,,
,,,,,,,,,,,
,,,,,,,,,,,
Cutting Matrix — Lot 62084,,,,,,,,,,,
Lot Number:,62084,Style:,FULL ZIPPER HOOD,,,,,,,,
Fabric:,UK LYCRA,Garment Type:,WINDCHEATER,,,,,,,,
,,,,,,,,,,,
Color,Cutting Table,M,L,XL,Total Pcs,,,,,,
BLACK [4],9,108,108,54,270,,,,,,
Total,,108,108,54,270,,,,,,
,,,,,,,,,,,
,,,,,,,,,,,
Cutting Matrix — Lot 67032,,,,,,,,,,,
Lot Number:,67032,Style:,WINDECHEATER,,,,,,,,
Fabric:,LENIN LYCRA,Garment Type:,WINDCHEATER,,,,,,,,
,,,,,,,,,,,
Color,Cutting Table,M,L,XL,2XL,Total Pcs,,,,,
BLACK [1],12,10,20,20,10,60,,,,,
OFF WHITE [1],12,11,22,22,11,66,,,,,
PISTA [1],12,10,20,20,10,60,,,,,
BEIGE [1],12,10,20,20,10,60,,,,,
Total,,41,82,82,41,246,,,,,
,,,,,,,,,,,
,,,,,,,,,,,
Cutting Matrix — Lot 11833,,,,,,,,,,,
Lot Number:,11833,Style:,LOWER,,,,,,,,
Fabric:,RFD MH FLEECE,Garment Type:,LOWER,,,,,,,,
,,,,,,,,,,,
Color,Cutting Table,M,L,XL,Total Pcs,,,,,,
OFF WHITE [5],11,60,60,30,150,,,,,,
OFF WHITE 2,11,60,60,30,150,,,,,,
OFF WHITE 3,11,60,60,30,150,,,,,,
OFF WHITE 4,11,56,56,28,140,,,,,,
Total,,236,236,118,590,,,,,,
,,,,,,,,,,,
,,,,,,,,,,,
Cutting Matrix — Lot 11876,,,,,,,,,,,
Lot Number:,11876,Style:,REGNAOR SLEEVE,,,,,,,,
Fabric:,LUSTER,Garment Type:,T-SHIRT R/N,,,,,,,,
,,,,,,,,,,,
Color,Cutting Table,M,L,XL,Total Pcs,,,,,,
BUTTER (BAJU AUR GALA CONTRAST) [2],2,50,50,25,125,,,,,,
BLACK [2],2,50,50,25,125,,,,,,
FAWN [2],2,40,40,20,100,,,,,,
LEAF [2],2,50,50,25,125,,,,,,
TABACOO [2],2,40,40,20,100,,,,,,
SILVER [2],2,50,50,25,125,,,,,,
Total,,280,280,140,700,,,,,,
,,,,,,,,,,,
,,,,,,,,,,,
Cutting Matrix — Lot 11877,,,,,,,,,,,
Lot Number:,11877,Style:,R/N TSHIRT,,,,,,,,
Fabric:,LUSTER,Garment Type:,T-SHIRT R/N,,,,,,,,
,,,,,,,,,,,
Color,Cutting Table,M,L,XL,Total Pcs,,,,,,
BUTTER [2],2,52,52,26,130,,,,,,
BLACK [2],2,20,20,10,50,,,,,,
FAWN [2],2,30,30,15,75,,,,,,
LEAF [2],0,0,0,0,0,,,,,,
TABACOO [2],2,60,60,30,150,,,,,,
SILVER [2],2,68,68,34,170,,,,,,
Total,,230,230,115,575,,,,,,
,,,,,,,,,,,
,,,,,,,,,,,
Cutting Matrix — Lot 11879,,,,,,,,,,,
Lot Number:,11879,Style:,BOXY FIT STYLE,,,,,,,,
Fabric:,MH HEAVY COTTON,Garment Type:,T-SHIRT COLLAR,,,,,,,,
,,,,,,,,,,,
Color,Cutting Table,M,L,XL,Total Pcs,,,,,,
BLACK [2],1,76,76,38,190,,,,,,
FANTOR [2],1,40,40,20,100,,,,,,
FEROZI [2],1,34,34,17,85,,,,,,
RUST [2],1,44,44,22,110,,,,,,
DENIM [2],1,34,34,17,85,,,,,,
CREAM [2],1,42,42,21,105,,,,,,
OFF WHITE[2],1,40,40,20,100,,,,,,
Total,,310,310,155,775,,,,,,
,,,,,,,,,,,
,,,,,,,,,,,
Cutting Matrix — Lot 76097,,,,,,,,,,,
Lot Number:,76097,Style:,BOXT FIT FULL SLEEVE,,,,,,,,
Fabric:,OXFORD STRIPE,Garment Type:,SHIRT,,,,,,,,
,,,,,,,,,,,
Color,Cutting Table,M,L,XL,Total Pcs,,,,,,
BLACK [2],7,64,64,32,160,,,,,,
BLUE [2],7,66,66,33,165,,,,,,
BEIGE [2],7,66,66,33,165,,,,,,
ORANGE [2],7,64,64,32,160,,,,,,
GREEN [2],7,62,62,31,155,,,,,,
COFFEE [2],7,66,66,33,165,,,,,,
Total,,388,388,194,970,,,,,,
,,,,,,,,,,,
,,,,,,,,,,,
Cutting Matrix — Lot 61269,,,,,,,,,,,
Lot Number:,61269,Style:,REGULAR,,,,,,,,
Fabric:,TYE DYE FLEECE,Garment Type:,LOWER,,,,,,,,
,,,,,,,,,,,
Color,Cutting Table,M,L,XL,XXL,Total Pcs,,,,,
CREAM [2],6,36,38,18,18,110,,,,,
SKIN [2],6,18,18,9,9,54,,,,,
OLIVE [2],6,18,24,9,9,60,,,,,
D.GREY [2],6,18,21,9,9,57,,,,,
FAWN [2],6,18,21,9,9,57,,,,,
Total,,108,122,54,54,338,,,,,
,,,,,,,,,,,
,,,,,,,,,,,
Cutting Matrix — Lot 11875,,,,,,,,,,,
Lot Number:,11875,Style:,REGNOAR SLEEVE,,,,,,,,
Fabric:,Pin jp 2,Garment Type:,T-SHIRT R/N,,,,,,,,
,,,,,,,,,,,
Color,Cutting Table,M,L,XL,Total Pcs,,,,,,
FAWN [2],14,49,49,25,123,,,,,,
BLACK [2],14,53,53,29,135,,,,,,
WHITE [2],14,49,49,25,123,,,,,,
Total,,151,151,79,381,,,,,,
,,,,,,,,,,,
,,,,,,,,,,,
Cutting Matrix — Lot 11881,,,,,,,,,,,
Lot Number:,11881,Style:,MONKEY HOODY ZIPPER,,,,,,,,
Fabric:,PRINT DENIM & D#8,Garment Type:,WINDCHEATER,,,,,,,,
,,,,,,,,,,,
Color,Cutting Table,M,L,XL,2XL,Total Pcs,,,,,
6 [2],8,21,42,21,21,105,,,,,
2 [2],8,21,42,21,21,105,,,,,
C(DENIM) [2],8,21,42,21,21,105,,,,,
A(NAVY) [2],8,21,42,21,21,105,,,,,
Total,,84,168,84,84,420,,,,,
,,,,,,,,,,,
,,,,,,,,,,,
Cutting Matrix — Lot 11878,,,,,,,,,,,
Lot Number:,11878,Style:,BOXY FIT T-SHIRT,,,,,,,,
Fabric:,MH HEAVY COTTON,Garment Type:,T-SHIRT,,,,,,,,
,,,,,,,,,,,
Color,Cutting Table,M,L,XL,Total Pcs,,,,,,
BLACK [2],2,116,116,58,290,,,,,,
GREY 15% [2],2,58,58,29,145,,,,,,
RED [2],2,60,60,30,150,,,,,,
D.GREY [2],2,58,58,29,145,,,,,,
COFFEE [2],2,58,58,29,145,,,,,,
CREAM [2],2,60,60,30,150,,,,,,
WHITE[2],2,58,58,29,145,,,,,,
Total,,468,468,234,1170,,,,,,
,,,,,,,,,,,
,,,,,,,,,,,
Cutting Matrix — Lot 11821,,,,,,,,,,,
Lot Number:,11821,Style:,full baju,,,,,,,,
Fabric:,LYCRA PATTA,Garment Type:,T-SHIRT,,,,,,,,
,,,,,,,,,,,
Color,Cutting Table,M,L,XL,Total Pcs,,,,,,
WHITE - GREEN[1],13,180,180,90,450,,,,,,
NAVY/RED/GOLD,5,40,40,20,100,,,,,,
BLACK/WHITE,5,50,50,20,120,,,,,,
OFF WHITE/GREEN,5,192,192,96,480,,,,,,
COFFEE/WHITE,5,60,60,30,150,,,,,,
SILVER/PINE,1,160,160,80,400,,,,,,
GOLD/BLACK,1,108,108,54,270,,,,,,
ROYAL,5,40,40,20,100,,,,,,
WHITE/GREEN,3,80,80,40,200,,,,,,
ROYAL/SURF,2,118,118,60,296,,,,,,
SURF,2,120,120,60,300,,,,,,
OFFWHITE/GREEN,4,114,114,54,282,,,,,,
OFF WHITE/GREEN 2,14,40,40,20,100,,,,,,
RED/NAVY,14,70,70,34,174,,,,,,
Total,,1372,1372,678,3422,,,,,,
,,,,,,,,,,,
,,,,,,,,,,,
Cutting Matrix — Lot 11874,,,,,,,,,,,
Lot Number:,11874,Style:,REGNAOR T SHIRT,,,,,,,,
Fabric:,Pin jp 1,Garment Type:,T-SHIRT R/N,,,,,,,,
,,,,,,,,,,,
Color,Cutting Table,M,L,XL,Total Pcs,,,,,,
FAWN [2],14,48,48,26,122,,,,,,
BLACK [2],14,48,48,26,122,,,,,,
WHITE [2],14,44,44,22,110,,,,,,
Total,,140,140,74,354,,,,,,
,,,,,,,,,,,
,,,,,,,,,,,
Cutting Matrix — Lot 11873,,,,,,,,,,,
Lot Number:,11873,Style:,LOWER,,,,,,,,
Fabric:,HARRIS PRINT BONDING,Garment Type:,LOWER,,,,,,,,
,,,,,,,,,,,
Color,Cutting Table,M,L,XL,2XL,Total Pcs,,,,,
FAWN [4],1,48,48,24,,120,,,,,
GREY [4],1,46,46,23,,115,,,,,
BLACK [4],1,94,94,47,,235,,,,,
TAN [4],1,50,50,25,,125,,,,,
STONE [4],1,46,46,23,,115,,,,,
Total,,284,284,142,0,710,,,,,
,,,,,,,,,,,
,,,,,,,,,,,
Cutting Matrix — Lot 61265,,,,,,,,,,,
Lot Number:,61265,Style:,LOWER,,,,,,,,
Fabric:,MH FLEECE,Garment Type:,LOWER,,,,,,,,
,,,,,,,,,,,
Color,Cutting Table,M,L,XL,2XL,Total Pcs,,,,,
BLACK (BLACK) [3],5,32,32,16,16,96,,,,,
BLACK (LIGHT BEIGE) [3],5,32,32,16,16,96,,,,,
15% (LIGHT BEIGE) [3],5,30,30,15,15,90,,,,,
LIGHT BEIGE (NAVY) [3],5,34,34,17,17,102,,,,,
D.OLIVE (LIGHT BEIGE) [3],5,30,30,15,15,90,,,,,
D.GREY (LIGHT BEIGE) [3],5,34,34,17,17,102,,,,,
MOUSE (BLACK) [3],5,34,34,17,17,102,,,,,
Total,,226,226,113,113,678,,,,,
,,,,,,,,,,,
,,,,,,,,,,,
Cutting Matrix — Lot 11880,,,,,,,,,,,
Lot Number:,11880,Style:,BOXY FIT STYLE,,,,,,,,
Fabric:,MH HEAVY COTTON,Garment Type:,T-SHIRT COLLAR,,,,,,,,
,,,,,,,,,,,
Color,Cutting Table,M,L,XL,Total Pcs,,,,,,
BLACK [2],4,90,90,45,225,,,,,,
CREAM [2],4,42,42,21,105,,,,,,
RED [2],4,40,40,20,100,,,,,,
SURF [2],4,40,40,20,100,,,,,,
15% [2],4,40,40,20,100,,,,,,
COFFEE [2],4,38,38,19,95,,,,,,
GREEN  [2],4,32,32,16,80,,,,,,
OFFWHITE[2],4,40,40,20,100,,,,,,
Total,,362,362,181,905,,,,,,
,,,,,,,,,,,
,,,,,,,,,,,
Cutting Matrix — Lot 11872,,,,,,,,,,,
Lot Number:,11872,Style:,LOWER,,,,,,,,
Fabric:,HARRIS PRINT BONDING,Garment Type:,LOWER,,,,,,,,
,,,,,,,,,,,
Color,Cutting Table,M,L,XL,2XL,Total Pcs,,,,,
BLACK [4],4,42,84,42,42,210,,,,,
GREY [4],4,23,46,23,23,115,,,,,
FAWN [4],4,18,36,18,18,90,,,,,
TAN [4],4,24,48,24,24,120,,,,,
STONE [4],4,24,48,24,24,120,,,,,
Total,,131,262,131,131,655,,,,,
,,,,,,,,,,,
,,,,,,,,,,,
Cutting Matrix — Lot 11868,,,,,,,,,,,
Lot Number:,11868,Style:,COLLAR ZIPPER SWEATSHIRT,,,,,,,,
Fabric:,FANCY CLOTH MICKEY TT,Garment Type:,SWEATSHIRT COLLAR,,,,,,,,
,,,,,,,,,,,
Color,Cutting Table,M,L,XL,2XL,Total Pcs,,,,,
BRICK [2],16,19,38,19,19,95,,,,,
SILVER GREY [2],16,17,34,17,17,85,,,,,
OFF WHITE [2],16,15,30,15,15,75,,,,,
GREEN [2],16,17,34,17,17,85,,,,,
Total,,68,136,68,68,340,,,,,
,,,,,,,,,,,
,,,,,,,,,,,
Cutting Matrix — Lot 11871,,,,,,,,,,,
Lot Number:,11871,Style:,LOWER,,,,,,,,
Fabric:,ROCKWOOD,Garment Type:,LOWER,,,,,,,,
,,,,,,,,,,,
Color,Cutting Table,M,L,XL,2XL,Total Pcs,,,,,
BLACK [4],10,40,80,40,40,200,,,,,
SILVER [4],10,21,42,21,21,105,,,,,
FAWN [4],10,20,40,20,20,100,,,,,
OFF WHITE [4],10,20,40,20,20,100,,,,,
CHOCOLATE [4],10,20,40,20,20,100,,,,,
Total,,121,242,121,121,605,,,,,
,,,,,,,,,,,
,,,,,,,,,,,
Cutting Matrix — Lot 61276,,,,,,,,,,,
Lot Number:,61276,Style:,REGULAR,,,,,,,,
Fabric:,MH FLEECE,Garment Type:,LOWER,,,,,,,,
,,,,,,,,,,,
Color,Cutting Table,M,L,XL,2XL,Total Pcs,,,,,
BLACK [2],10,58,58,29,29,174,,,,,
NAVY [2],10,28,28,14,14,84,,,,,
LT. BEIGE [2],10,26,26,13,13,78,,,,,
WHITE [2],10,28,28,14,14,84,,,,,
15% [2],10,26,26,13,13,78,,,,,
CEMENT [2],10,26,26,13,13,78,,,,,
Total,,192,192,96,96,576,,,,,
,,,,,,,,,,,
,,,,,,,,,,,
Cutting Matrix — Lot 11866,,,,,,,,,,,
Lot Number:,11866,Style:,LOWER,,,,,,,,
Fabric:,RFD MH FLEECE,Garment Type:,LOWER,,,,,,,,
,,,,,,,,,,,
Color,Cutting Table,M,L,XL,Total Pcs,,,,,,
RFD OFF WHITE [4],6,60,60,30,150,,,,,,
OFF WHITE 3,6,60,60,30,150,,,,,,
OFF WHITE 2,6,60,60,30,150,,,,,,
OFF WHITE 4,6,60,60,30,150,,,,,,
Total,,240,240,120,600,,,,,,
,,,,,,,,,,,
,,,,,,,,,,,
Cutting Matrix — Lot 11832,,,,,,,,,,,
Lot Number:,11832,Style:,LOWER,,,,,,,,
Fabric:,RFD FLEECE,Garment Type:,LOWER,,,,,,,,
,,,,,,,,,,,
Color,Cutting Table,M,L,XL,Total Pcs,,,,,,
OFF WHITE [3],1,60,60,30,150,,,,,,
OFF WHITE 2,1,60,60,30,150,,,,,,
OFF WHITE 3,1,60,60,30,150,,,,,,
OFF WHITE 4,1,60,60,30,150,,,,,,
Total,,240,240,120,600,,,,,,
,,,,,,,,,,,
,,,,,,,,,,,
Cutting Matrix — Lot 11870,,,,,,,,,,,
Lot Number:,11870,Style:,LOWER,,,,,,,,
Fabric:,HARRIS PRINT BONDING,Garment Type:,LOWER,,,,,,,,
,,,,,,,,,,,
Color,Cutting Table,M,L,XL,2XL,Total Pcs,,,,,
BLACK [4],2,42,84,42,42,210,,,,,
GREY [4],2,21,42,21,21,105,,,,,
FAWN [4],2,21,42,21,21,105,,,,,
TAN [4],2,21,42,21,21,105,,,,,
STONE [4],2,21,42,21,21,105,,,,,
Total,,126,252,126,126,630,,,,,
,,,,,,,,,,,
,,,,,,,,,,,
Cutting Matrix — Lot 61279,,,,,,,,,,,
Lot Number:,61279,Style:,FANCY BOXY HOODY ZIPPER,,,,,,,,
Fabric:,PRINT DENIM & D#8,Garment Type:,WINDCHEATER,,,,,,,,
,,,,,,,,,,,
Color,Cutting Table,M,L,XL,Total Pcs,,,,,,
4 [1],8,22,22,11,55,,,,,,
8 [1],8,20,20,10,50,,,,,,
6 [1],8,22,22,11,55,,,,,,
DENIM [1],8,22,22,11,55,,,,,,
Total,,86,86,43,215,,,,,,
,,,,,,,,,,,
,,,,,,,,,,,
Cutting Matrix — Lot 11882,,,,,,,,,,,
Lot Number:,11882,Style:,FANCY BOXY HOODY ZIPPER,,,,,,,,
Fabric:,PRINT DENIM & D#8,Garment Type:,WINDCHEATER,,,,,,,,
,,,,,,,,,,,
Color,Cutting Table,M,L,XL,Total Pcs,,,,,,
4 [2],8,42,42,21,105,,,,,,
8 [2],8,44,44,22,110,,,,,,
6 [2],8,44,44,22,110,,,,,,
DENIM [2],8,42,42,21,105,,,,,,
Total,,172,172,86,430,,,,,,
,,,,,,,,,,,
,,,,,,,,,,,
Cutting Matrix — Lot 76098,,,,,,,,,,,
Lot Number:,76098,Style:,BOXY FIT FULLSLEEVE,,,,,,,,
Fabric:,RFD CORD,Garment Type:,SHIRT,,,,,,,,
,,,,,,,,,,,
Color,Cutting Table,M,L,XL,Total Pcs,,,,,,
RFD CORD [3],6,40,40,20,100,,,,,,
RFRD CORD,6,40,40,20,100,,,,,,
RFD CORD,6,40,40,20,100,,,,,,
RFD CORD 3,6,40,40,20,100,,,,,,
Total,,160,160,80,400,,,,,,
,,,,,,,,,,,
,,,,,,,,,,,
Cutting Matrix — Lot 11836,,,,,,,,,,,
Lot Number:,11836,Style:,LOWER,,,,,,,,
Fabric:,RFD MH FLEECE,Garment Type:,LOWER,,,,,,,,
,,,,,,,,,,,
Color,Cutting Table,M,L,XL,Total Pcs,,,,,,
OFF WHITE [5],2,60,60,30,150,,,,,,
OFF WHITE 2,2,60,60,30,150,,,,,,
OFF WHITE 3,2,60,60,30,150,,,,,,
OFF WHITE 4,2,60,60,30,150,,,,,,
Total,,240,240,120,600,,,,,,
,,,,,,,,,,,
,,,,,,,,,,,
Cutting Matrix — Lot 76101,,,,,,,,,,,
Lot Number:,76101,Style:,BOXY FIT FULL SLEEVE,,,,,,,,
Fabric:,RFD CORD,Garment Type:,SHIRT,,,,,,,,
,,,,,,,,,,,
Color,Cutting Table,M,L,XL,Total Pcs,,,,,,
MIX1 [1],6,40,40,20,100,,,,,,
MIX 2,6,40,40,20,100,,,,,,
MIX 3,6,40,40,20,100,,,,,,
MIX 4,6,40,40,20,100,,,,,,
Total,,160,160,80,400,,,,,,
,,,,,,,,,,,
,,,,,,,,,,,
Cutting Matrix — Lot 67046,,,,,,,,,,,
Lot Number:,67046,Style:,REGULAR,,,,,,,,
Fabric:,MH FLEECE,Garment Type:,TS - LOWER,,,,,,,,
,,,,,,,,,,,
Color,Cutting Table,M,L,XL,XXL,Total Pcs,,,,,
LT. BEIGE (DENIM) [2],1,12,24,24,12,72,,,,,
OLIVE (LT. BEIGE) [2],1,12,24,24,12,72,,,,,
GREY (OFF WHITE) [2],1,12,24,24,12,72,,,,,
MOUSE (BLACK) [2],1,12,24,24,12,72,,,,,
BLACK (MOUSE) [2],1,12,24,24,12,72,,,,,
Total,,60,120,120,60,360,,,,,
,,,,,,,,,,,
,,,,,,,,,,,
Cutting Matrix — Lot 11842,,,,,,,,,,,
Lot Number:,11842,Style:,CROSS HODDIE,,,,,,,,
Fabric:,RFD FLEECE OUTSIDE ANTIFILLING,Garment Type:,SWEATSHIRT HOODIE,,,,,,,,
,,,,,,,,,,,
Color,Cutting Table,M,L,XL,Total Pcs,,,,,,
OFF WHITE [5],4,60,60,30,150,,,,,,
OFF WHITE 2,4,60,60,30,150,,,,,,
OFF WHITE 4,4,60,60,30,150,,,,,,
OFF WHITE 3,4,60,60,30,150,,,,,,
Total,,240,240,120,600,,,,,,
,,,,,,,,,,,
,,,,,,,,,,,
Cutting Matrix — Lot 62079,,,,,,,,,,,
Lot Number:,62079,Style:,T/NECK FULL ZIPPER,,,,,,,,
Fabric:,UK LYCRA,Garment Type:,WINDCHEATER,,,,,,,,
,,,,,,,,,,,
Color,Cutting Table,M,L,XL,XXL,Total Pcs,,,,,
ROYAL [1],15,14,28,14,14,70,,,,,
ORANGE [1],15,14,28,14,14,70,,,,,
PEACOCK [1],15,14,28,14,14,70,,,,,
BLACK [1],15,16,32,16,16,80,,,,,
RED,15,14,28,14,14,70,,,,,
Total,,72,144,72,72,360,,,,,
,,,,,,,,,,,
,,,,,,,,,,,
Cutting Matrix — Lot 11887,,,,,,,,,,,
Lot Number:,11887,Style:,FRONT OPEN BUTTON,,,,,,,,
Fabric:,CENTURY NON WOVEN,Garment Type:,S/L JACKET,,,,,,,,
,,,,,,,,,,,
Color,Cutting Table,M,L,XL,2XL,Total Pcs,,,,,
NAVY [2],9,20,40,20,20,100,,,,,
BLACK [2],9,20,40,20,20,100,,,,,
D. GREY [2],9,20,40,20,20,100,,,,,
FAWN [2],9,20,40,20,20,100,,,,,
Total,,80,160,80,80,400,,,,,
,,,,,,,,,,,
,,,,,,,,,,,
Cutting Matrix — Lot 11886,,,,,,,,,,,
Lot Number:,11886,Style:,FRONT OPEN BUTTON,,,,,,,,
Fabric:,CENTURY NON WOVEN,Garment Type:,S/L JACKET,,,,,,,,
,,,,,,,,,,,
Color,Cutting Table,M,L,XL,2XL,Total Pcs,,,,,
NAVY [1],9,12,24,12,12,60,,,,,
BLACK [1],9,12,24,12,12,60,,,,,
D. GREY [1],9,12,24,12,12,60,,,,,
FAWN [1],9,12,24,12,12,60,,,,,
Total,,48,96,48,48,240,,,,,
,,,,,,,,,,,
,,,,,,,,,,,
Cutting Matrix — Lot 61267,,,,,,,,,,,
Lot Number:,61267,Style:,FULL ZIPPER HOOD,,,,,,,,
Fabric:,PRINT DENIM & D#8,Garment Type:,WINDCHEATER,,,,,,,,
,,,,,,,,,,,
Color,Cutting Table,M,L,XL,Total Pcs,,,,,,
NAVY [1],12,22,22,11,55,,,,,,
BLACK [1],12,22,22,11,55,,,,,,
2  CAMEL [1],12,22,22,11,55,,,,,,
6  GREY [1],12,22,22,11,55,,,,,,
Total,,88,88,44,220,,,,,,
,,,,,,,,,,,
,,,,,,,,,,,
Cutting Matrix — Lot 76100,,,,,,,,,,,
Lot Number:,76100,Style:,BOXY FIT FULL SLEEVE,,,,,,,,
Fabric:,RFD CORD,Garment Type:,SHIRT,,,,,,,,
,,,,,,,,,,,
Color,Cutting Table,M,L,XL,Total Pcs,,,,,,
MIX [1],6,40,40,20,100,,,,,,
MIX 2,6,40,40,20,100,,,,,,
MIX 3,6,40,40,20,100,,,,,,
MIX 4,6,40,40,20,100,,,,,,
Total,,160,160,80,400,,,,,,
,,,,,,,,,,,
,,,,,,,,,,,
Cutting Matrix — Lot 76099,,,,,,,,,,,
Lot Number:,76099,Style:,BOXY FIT FULL SLEEVE,,,,,,,,
Fabric:,OXFORD STRIPE,Garment Type:,SHIRT,,,,,,,,
,,,,,,,,,,,
Color,Cutting Table,M,L,XL,Total Pcs,,,,,,
R.BLUE [2],16,60,60,30,150,,,,,,
SKY BLUE [2],16,58,58,29,145,,,,,,
SKY [2],16,60,60,30,150,,,,,,
WHITE  (BERRYBLAST) [2],16,76,76,38,190,,,,,,
SKY   (BERRYBLAST) [2],16,82,82,41,205,,,,,,
GREY  (BERRYBLAST) [2],16,58,58,29,145,,,,,,
Total,,394,394,197,985,,,,,,
,,,,,,,,,,,
,,,,,,,,,,,
Cutting Matrix — Lot 11895,,,,,,,,,,,
Lot Number:,11895,Style:,BOXY FIT,,,,,,,,
Fabric:,KNITTED BLUEBERRY TT,Garment Type:,T-SHIRT R/N,,,,,,,,
,,,,,,,,,,,
Color,Cutting Table,S,M,L,XL,Total Pcs,,,,,
RUST [2],2,27,54,54,27,162,,,,,
NAVY [2],2,27,54,54,27,162,,,,,
WHITE [2],2,27,54,54,27,162,,,,,
BLACK [2],2,27,54,54,27,162,,,,,
ROYAL [2],2,27,54,54,27,162,,,,,
RED [2],2,27,54,54,27,162,,,,,
CREAM[2],2,27,54,54,27,162,,,,,
Total,,189,378,378,189,1134,,,,,
,,,,,,,,,,,
,,,,,,,,,,,
Cutting Matrix — Lot 11896,,,,,,,,,,,
Lot Number:,11896,Style:,BOXY FIT,,,,,,,,
Fabric:,KNITTED BLUEBERRY TT,Garment Type:,T-SHIRT R/N,,,,,,,,
,,,,,,,,,,,
Color,Cutting Table,S,M,L,XL,Total Pcs,,,,,
RED [2],1,18,36,36,18,108,,,,,
RUST [2],1,20,40,40,20,120,,,,,
CREAM [2],1,20,40,40,20,120,,,,,
WHITE [2],1,18,36,36,18,108,,,,,
BLACK [2],1,19,38,38,19,114,,,,,
15% [2],1,9,18,18,9,54,,,,,
Total,,104,208,208,104,624,,,,,
,,,,,,,,,,,
,,,,,,,,,,,
Cutting Matrix — Lot 67045,,,,,,,,,,,
Lot Number:,67045,Style:,ROUNDNECK,,,,,,,,
Fabric:,MH FLEECE,Garment Type:,TS - UPPER,,,,,,,,
,,,,,,,,,,,
Color,Cutting Table,M,L,XL,XXL,Total Pcs,,,,,
DENIM [2],1,12,24,24,12,72,,,,,
LT. BEIGE [2],1,12,24,24,12,72,,,,,
OFF WHITE [2],1,12,24,24,12,72,,,,,
BLACK [2],1,12,24,24,12,72,,,,,
MOUSE [2],1,12,24,24,12,72,,,,,
Total,,60,120,120,60,360,,,,,
,,,,,,,,,,,
,,,,,,,,,,,
Cutting Matrix — Lot 62071,,,,,,,,,,,
Lot Number:,62071,Style:,lower,,,,,,,,
Fabric:,M.H FLEECE,Garment Type:,LOWER,,,,,,,,
,,,,,,,,,,,
Color,Cutting Table,M,L,XL,2XL,3XL,4XL,5XL,Total Pcs,,
BLACK [3],6,17,17,34,17,,,,85,,
BEIGE [3],6,10,10,20,10,,,,50,,
ROYAL [3],6,11,11,22,11,,,,55,,
COFFEE [3],6,11,11,22,11,,,,55,,
15% [3],6,10,10,20,10,,,,50,,
NAVY [3],6,6,6,12,6,,,,30,,
Total,,65,65,130,65,0,0,0,325,,
,,,,,,,,,,,
,,,,,,,,,,,
Cutting Matrix — Lot 67038,,,,,,,,,,,
Lot Number:,67038,Style:,FULL ZIPPER COLLAR,,,,,,,,
Fabric:,PD 506 ,Garment Type:,S/L JACKET,,,,,,,,
,,,,,,,,,,,
Color,Cutting Table,M,L,XL,XXL,3XL,4XL,5XL,Total Pcs,,
BLACK [2],8,27,54,54,27,24,12,12,210,,
D. COFFEE [2],8,15,30,30,15,12,6,6,114,,
CHARCOAL [2],8,15,30,30,15,12,6,6,114,,
CREAM [2],8,15,30,30,15,12,6,6,114,,
M .OLIVE [2],8,15,30,30,15,12,6,6,114,,
D. KHAKHI [2],8,15,30,30,15,12,6,6,114,,
PETROL [2],8,15,30,30,15,12,6,6,114,,
D. MOUSE [2],8,15,30,30,15,12,6,6,114,,
D. NAVY [2],8,15,30,30,15,12,6,6,114,,
Total,,147,294,294,147,120,60,60,1122,,
,,,,,,,,,,,
,,,,,,,,,,,
Cutting Matrix — Lot 67039,,,,,,,,,,,
Lot Number:,67039,Style:,FULL ZIPPER COLLAR,,,,,,,,
Fabric:,PD 506 ,Garment Type:,S/L JACKET,,,,,,,,
,,,,,,,,,,,
Color,Cutting Table,M,L,XL,2XL,3XL,4XL,5XL,Total Pcs,,
BLACK [2],8,30,60,60,30,24,12,12,228,,
D. COFFEE [2],8,15,30,30,15,12,6,6,114,,
CHARCOAL [2],8,15,30,30,15,12,6,6,114,,
CREAM [2],8,15,30,30,15,12,6,6,114,,
M .OLIVE [2],8,15,30,30,15,12,6,6,114,,
D. KHAKHI [2],8,15,30,30,15,12,6,6,114,,
PETROL [2],8,15,30,30,15,12,6,6,114,,
D. MOUSE [2],8,15,30,30,15,12,6,6,114,,
D. NAVY [2],8,15,30,30,15,12,6,6,114,,
Total,,150,300,300,150,120,60,60,1140,,
,,,,,,,,,,,
,,,,,,,,,,,
Cutting Matrix — Lot 11884,,,,,,,,,,,
Lot Number:,11884,Style:,FULL ZIPPER COLLAR,,,,,,,,
Fabric:,PD 506 ,Garment Type:,S/L JACKET,,,,,,,,
,,,,,,,,,,,
Color,Cutting Table,M,L,XL,2XL,3XL,4XL,5XL,Total Pcs,,
BLACK [2],8,32,64,64,32,26,13,13,244,,
D. COFFEE [2],8,15,30,30,15,12,6,6,114,,
CHARCOAL [2],8,15,30,30,15,12,6,6,114,,
CREAM [2],8,15,30,30,15,12,6,6,114,,
M. OLIVE [2],8,15,30,30,15,12,6,6,114,,
D. KHAKHI [2],8,15,30,30,15,12,6,6,114,,
PETROL [2],8,15,30,30,15,12,6,6,114,,
D. MOUSE [2],8,16,32,32,16,12,6,6,120,,
D. NAVY [2],8,15,30,30,15,12,6,6,114,,
Total,,153,306,306,153,122,61,61,1162,,
,,,,,,,,,,,
,,,,,,,,,,,
Cutting Matrix — Lot 11869,,,,,,,,,,,
Lot Number:,11869,Style:,LOWER,,,,,,,,
Fabric:,ROCKWOOD,Garment Type:,LOWER,,,,,,,,
,,,,,,,,,,,
Color,Cutting Table,M,L,XL,2XL,Total Pcs,,,,,
BLACK (BLACK(PRINTING WALA CHART)) [4],5,20,40,20,20,100,,,,,
SILVER (GREY) [4],5,20,40,20,20,100,,,,,
FAWN (FAWN) [4],5,20,40,20,20,100,,,,,
OFF WHITE (STONE) [4],5,20,40,20,20,100,,,,,
CHOCOLATE (FAWN) [4],5,20,40,20,20,100,,,,,
BLACK (GREY) [4],5,20,40,20,20,100,,,,,
Total,,120,240,120,120,600,,,,,
,,,,,,,,,,,
,,,,,,,,,,,
Cutting Matrix — Lot 11899,,,,,,,,,,,
Lot Number:,11899,Style:,FULL ZIPPER COLLAR,,,,,,,,
Fabric:,CC JQD / Q#2,Garment Type:,WINDCHEATER,,,,,,,,
,,,,,,,,,,,
Color,Cutting Table,M,L,XL,2XL,Total Pcs,,,,,
BLACK (BLACK) [4],9,50,100,100,50,300,,,,,
MOUSE (MOUSE) [4],9,50,100,100,50,300,,,,,
Total,,100,200,200,100,600,,,,,
,,,,,,,,,,,
,,,,,,,,,,,
Cutting Matrix — Lot 62160,,,,,,,,,,,
Lot Number:,62160,Style:,FULL ZIPPER COLLAR,,,,,,,,
Fabric:,Z CIRE,Garment Type:,JACKET,,,,,,,,
,,,,,,,,,,,
Color,Cutting Table,M,L,XL,XXL,Total Pcs,,,,,
GREEN [1],12,12,24,12,12,60,,,,,
SILVER [1],12,12,24,12,12,60,,,,,
BLACK [1],12,23,46,23,23,115,,,,,
L. GREY [1],12,11,22,11,11,55,,,,,
NAVY [1],12,12,24,12,12,60,,,,,
GREY [1],12,12,24,12,12,60,,,,,
Total,,82,164,82,82,410,,,,,
,,,,,,,,,,,
,,,,,,,,,,,
Cutting Matrix — Lot 11883,,,,,,,,,,,
Lot Number:,11883,Style:,FRONT OPEN BUTTON,,,,,,,,
Fabric:,JORDAN CRUSH,Garment Type:,S/L JACKET,,,,,,,,
,,,,,,,,,,,
Color,Cutting Table,M,L,XL,2XL,3XL,4XL,5XL,Total Pcs,,
BLACK [3],15,30,60,30,30,16,16,8,190,,
D. COFFEE [2],15,20,40,20,20,10,10,5,125,,
FAWN [2],15,20,40,20,20,10,10,5,125,,
BEIGE[2],15,20,40,20,20,10,10,5,125,,
SILVER[2],15,20,40,20,20,10,10,5,125,,
Total,,110,220,110,110,56,56,28,690,,
,,,,,,,,,,,
,,,,,,,,,,,
Cutting Matrix — Lot 73079,,,,,,,,,,,
Lot Number:,73079,Style:,FANCY BUCKLE JACKET,,,,,,,,
Fabric:,SULPHUR MATTY LYCRA,Garment Type:,JACKET,,,,,,,,
,,,,,,,,,,,
Color,Cutting Table,M,L,XL,2XL,Total Pcs,,,,,
PISTA [1],15,20,40,20,20,100,,,,,
BROWN [1],15,20,40,20,20,100,,,,,
BLACK [1],15,19,38,19,19,95,,,,,
KHAKHI [1],15,20,40,20,20,100,,,,,
RUST [1],15,19,38,19,19,95,,,,,
Total,,98,196,98,98,490,,,,,
,,,,,,,,,,,
,,,,,,,,,,,
Cutting Matrix — Lot 11902,,,,,,,,,,,
Lot Number:,11902,Style:,BOXY FIT REGONAR SLEEVE,,,,,,,,
Fabric:,WAFFLE KNIT,Garment Type:,T-SHIRT R/N,,,,,,,,
,,,,,,,,,,,
Color,Cutting Table,S,M,L,XL,Total Pcs,,,,,
BLACK [6],2,50,100,100,50,300,,,,,
WHITE [6],2,50,100,100,50,300,,,,,
Total,,100,200,200,100,600,,,,,
,,,,,,,,,,,
,,,,,,,,,,,
Cutting Matrix — Lot 11905,,,,,,,,,,,
Lot Number:,11905,Style:,BOXY FIT FULL SLEEVE,,,,,,,,
Fabric:,WAFFLE KNIT,Garment Type:,T-SHIRT R/N,,,,,,,,
,,,,,,,,,,,
Color,Cutting Table,S,M,L,XL,Total Pcs,,,,,
BLACK [3],5,25,50,50,25,150,,,,,
WHITE [3],5,25,50,50,25,150,,,,,
Total,,50,100,100,50,300,,,,,
,,,,,,,,,,,
,,,,,,,,,,,
Cutting Matrix — Lot 11906,,,,,,,,,,,
Lot Number:,11906,Style:,BOXY FIT FULL SLEEVE,,,,,,,,
Fabric:,WAFFLE KNIT,Garment Type:,T-SHIRT R/N,,,,,,,,
,,,,,,,,,,,
Color,Cutting Table,S,M,L,XL,Total Pcs,,,,,
BLACK [3],5,25,50,50,25,150,,,,,
WHITE [3],5,25,50,50,25,150,,,,,
Total,,50,100,100,50,300,,,,,
,,,,,,,,,,,
,,,,,,,,,,,
Cutting Matrix — Lot 11898,,,,,,,,,,,
Lot Number:,11898,Style:,BOXY FIT,,,,,,,,
Fabric:,MH HEAVY COTTON,Garment Type:,T-SHIRT COLLAR,,,,,,,,
,,,,,,,,,,,
Color,Cutting Table,S,M,L,XL,Total Pcs,,,,,
BLACK (WHITE) [2],5,34,68,68,34,204,,,,,
RED (WHITE) [2],5,29,58,58,29,174,,,,,
NAVY (WHITE) [2],5,29,58,58,29,174,,,,,
D.GREY (WHITE) [2],5,18,36,36,18,108,,,,,
FANTOR (WHITE) [2],5,35,70,70,35,210,,,,,
OFF WHITE (NAVY) [2],5,29,58,58,29,174,,,,,
Total,,174,348,348,174,1044,,,,,
,,,,,,,,,,,
,,,,,,,,,,,
Cutting Matrix — Lot 11901,,,,,,,,,,,
Lot Number:,11901,Style:,BOXY FIT,,,,,,,,
Fabric:,WAFFLE KNIT,Garment Type:,T-SHIRT R/N,,,,,,,,
,,,,,,,,,,,
Color,Cutting Table,S,M,L,XL,Total Pcs,,,,,
BLACK [6],1,50,100,100,50,300,,,,,
WHITE [6],1,50,100,100,50,300,,,,,
Total,,100,200,200,100,600,,,,,
,,,,,,,,,,,
,,,,,,,,,,,
Cutting Matrix — Lot 11894,,,,,,,,,,,
Lot Number:,11894,Style:,BOXY FIT,,,,,,,,
Fabric:,RFD FLEECE OUTSIDE ANTIFILLING,Garment Type:,SWEATSHIRT  R/N,,,,,,,,
,,,,,,,,,,,
Color,Cutting Table,M,L,XL,Total Pcs,,,,,,
RFD [5],1,60,60,30,150,,,,,,
RFD,1,60,60,30,150,,,,,,
RFRD CORD,1,60,60,30,150,,,,,,
RFD CORD,1,60,60,30,150,,,,,,
RFD CORD 2,1,60,60,30,150,,,,,,
RFD CORD 5,1,60,60,30,150,,,,,,
RFD CORD 4,1,60,60,30,150,,,,,,
RFD CORD 1,1,60,60,30,150,,,,,,
RFD CORD 10,1,60,60,30,150,,,,,,
RFD CORD 12,1,60,60,30,150,,,,,,
Total,,600,600,300,1500,,,,,,
Cutting Matrix — Lot 67050,,,,,,,,,,,
Lot Number:,67050,Style:,FULL ZIPPER COLLAR,,,,,,,,
Fabric:,ROGGAR TWILL PRINT,Garment Type:,JACKET,,,,,,,,
,,,,,,,,,,,
Color,Cutting Table,M,L,XL,Total Pcs,,,,,,
1 [2],9,48,48,24,120,,,,,,
2 [2],9,46,46,23,115,,,,,,
3 [2],9,46,46,23,115,,,,,,
4 [2],9,46,46,23,115,,,,,,
Total,,186,186,93,465,,,,,,
,,,,,,,,,,,
,,,,,,,,,,,
Cutting Matrix — Lot 11900,,,,,,,,,,,
Lot Number:,11900,Style:,BOXY FIT,,,,,,,,
Fabric:,RFD FLEECE,Garment Type:,LOWER,,,,,,,,
,,,,,,,,,,,
Color,Cutting Table,M,L,XL,Total Pcs,,,,,,
RFD [5],2,50,50,25,125,,,,,,
RFD CORD,2,50,50,25,125,,,,,,
RFD CORD 2,2,50,50,25,125,,,,,,
RFD CORD 1,2,50,50,25,125,,,,,,
Total,,200,200,100,500,,,,,,
,,,,,,,,,,,
,,,,,,,,,,,
Cutting Matrix — Lot 11844,,,,,,,,,,,
Lot Number:,11844,Style:,COLLAR + THOKA,,,,,,,,
Fabric:,RFD FLEECE OUTSIDE ANTIFILLING,Garment Type:,SWEATSHIRT COLLAR,,,,,,,,
,,,,,,,,,,,
Color,Cutting Table,M,L,XL,Total Pcs,,,,,,
OFF WHITE [5],16,60,60,30,150,,,,,,
OFF WHITE 3,16,60,60,30,150,,,,,,
OFF WHITE 2,16,60,60,30,150,,,,,,
OFF WHITE 4,16,60,60,30,150,,,,,,
OFF WHITE 5,16,18,18,9,45,,,,,,
Total,,258,258,129,645,,,,,,
,,,,,,,,,,,
,,,,,,,,,,,
Cutting Matrix — Lot 61268,,,,,,,,,,,
Lot Number:,61268,Style:,REGULAR,,,,,,,,
Fabric:,TYE DYE FLEECE,Garment Type:,LOWER,,,,,,,,
,,,,,,,,,,,
Color,Cutting Table,M,L,XL,XXL,Total Pcs,,,,,
GREY [2],16,22,22,11,15,70,,,,,
WHITE [2],16,18,18,9,9,54,,,,,
KHAKHI [2],16,22,22,11,11,66,,,,,
Total,,62,62,31,35,190,,,,,
,,,,,,,,,,,
,,,,,,,,,,,
Cutting Matrix — Lot 67037,,,,,,,,,,,
Lot Number:,67037,Style:,FULL ZIPPER COLLAR,,,,,,,,
Fabric:,PD 506 ,Garment Type:,JACKET,,,,,,,,
,,,,,,,,,,,
Color,Cutting Table,M,L,XL,2XL,3XL,4XL,5XL,Total Pcs,,
BLACK [2],8,32,64,64,32,26,13,13,244,,
D. COFFEE [2],8,15,30,30,15,12,6,6,114,,
CHARCOAL [2],8,15,30,30,15,12,6,6,114,,
CREAM [2],8,15,30,30,15,12,6,6,114,,
M .OLIVE [2],8,15,30,30,15,12,6,6,114,,
D. KHAKHI [2],8,15,30,30,15,12,6,6,114,,
PETROL [2],8,15,30,30,15,12,6,6,114,,
D. MOUSE [2],8,15,30,30,15,12,6,6,114,,
D. NAVY [2],8,15,30,30,15,12,6,6,114,,
Total,,152,304,304,152,122,61,61,1156,,
,,,,,,,,,,,
,,,,,,,,,,,
Cutting Matrix — Lot 73082,,,,,,,,,,,
Lot Number:,73082,Style:,FULL ZIPPER COLLAR,,,,,,,,
Fabric:,PD 506 ,Garment Type:,JACKET,,,,,,,,
,,,,,,,,,,,
Color,Cutting Table,M,L,XL,2XL,3XL,4XL,5XL,Total Pcs,,
BLACK [2],8,30,60,60,30,26,13,13,232,,
D. COFFEE [2],8,15,30,30,15,14,7,7,118,,
CHARCOAL [2],8,15,30,30,15,14,7,7,118,,
CREAM [2],8,15,30,30,15,14,7,7,118,,
M. OLIVE [2],8,15,30,30,15,14,7,7,118,,
D. KHAKHI [2],8,15,30,30,15,14,7,7,118,,
PETROL [2],8,14,28,28,14,14,7,7,112,,
D. MOUSE [2],8,15,30,30,15,14,7,7,118,,
D. NAVY [2],8,15,30,30,15,14,7,7,118,,
Total,,149,298,298,149,138,69,69,1170,,
,,,,,,,,,,,
,,,,,,,,,,,
Cutting Matrix — Lot 11907,,,,,,,,,,,
Lot Number:,11907,Style:,BOXY FIT FULL SLEEVE,,,,,,,,
Fabric:,WAFFLE KNIT,Garment Type:,T-SHIRT R/N,,,,,,,,
,,,,,,,,,,,
Color,Cutting Table,S,M,L,XL,Total Pcs,,,,,
BLACK [3],1,25,50,50,25,150,,,,,
WHITE [3],1,30,60,60,30,180,,,,,
Total,,55,110,110,55,330,,,,,
,,,,,,,,,,,
,,,,,,,,,,,
Cutting Matrix — Lot 61278,,,,,,,,,,,
Lot Number:,61278,Style:,REGULAR,,,,,,,,
Fabric:,MH FLEECE,Garment Type:,TS - LOWER,,,,,,,,
,,,,,,,,,,,
Color,Cutting Table,M,L,XL,2XL,3XL,4XL,5XL,Total Pcs,,
BLACK [5],11,40,80,40,40,20,20,20,260,,
15% [5],11,20,40,20,20,10,10,10,130,,
NAVY [5],11,20,40,20,20,10,10,10,130,,
LT. BEIGE [5],11,20,40,20,20,10,10,10,130,,
CREAM [5],11,20,40,20,20,10,10,10,130,,
D. GREY [5],11,20,40,20,20,8,8,8,124,,
Total,,140,280,140,140,68,68,68,904,,
,,,,,,,,,,,
,,,,,,,,,,,
Cutting Matrix — Lot 61277,,,,,,,,,,,
Lot Number:,61277,Style:,FULL ZIPPER COLLAR,,,,,,,,
Fabric:,MH FLEECE,Garment Type:,TS - UPPER,,,,,,,,
,,,,,,,,,,,
Color,Cutting Table,M,L,XL,2XL,3XL,4XL,5XL,Total Pcs,,
BLACK [5],11,40,80,40,40,20,20,20,260,,
15% [5],11,20,40,20,20,10,10,10,130,,
NAVY [5],11,20,40,20,20,10,10,10,130,,
LT. BEIGE [5],11,20,40,20,20,10,10,10,130,,
CREAM [5],11,20,40,20,20,10,10,10,130,,
D. GREY [5],11,20,40,20,20,8,8,8,124,,
Total,,140,280,140,140,68,68,68,904,,
,,,,,,,,,,,
,,,,,,,,,,,
Cutting Matrix — Lot 11897,,,,,,,,,,,
Lot Number:,11897,Style:,R/N T-SHIRT,,,,,,,,
Fabric:,MH HEAVY COTTON,Garment Type:,T-SHIRT,,,,,,,,
,,,,,,,,,,,
Color,Cutting Table,S,M,L,XL,Total Pcs,,,,,
OFF WHITE (NAVY) [2],4,31,62,62,31,186,,,,,
BLACK (WHITE) [2],4,35,70,70,35,210,,,,,
RED (NAVY) [2],4,30,60,60,30,180,,,,,
NAVY (RED) [2],4,30,60,60,30,180,,,,,
SURF (WHITE) [2],4,30,60,60,30,180,,,,,
RUST (CREAM) [2],4,36,72,72,36,216,,,,,
Total,,192,384,384,192,1152,,,,,
,,,,,,,,,,,
,,,,,,,,,,,
Cutting Matrix — Lot 67047,,,,,,,,,,,
Lot Number:,67047,Style:,REGULAR,,,,,,,,
Fabric:,MH FLEECE,Garment Type:,LOWER,,,,,,,,
,,,,,,,,,,,
Color,Cutting Table,M,L,XL,XXL,Total Pcs,,,,,
ROYAL (WHITE) [2],2,12,24,24,12,72,,,,,
BLACK (WHITE) [2],2,12,24,24,12,72,,,,,
BLACK (LT. GREY) [2],2,12,24,24,12,72,,,,,
LT. GREY (OFF WHITE) [2],2,12,24,24,12,72,,,,,
OFF WHITE (ROYALQ) [2],2,12,24,24,12,72,,,,,
Total,,60,120,120,60,360,,,,,
,,,,,,,,,,,
,,,,,,,,,,,
Cutting Matrix — Lot 62165,,,,,,,,,,,
Lot Number:,62165,Style:,FULL ZIPPER COLLAR,,,,,,,,
Fabric:,TYE DYE D#1,Garment Type:,S/L JACKET,,,,,,,,
,,,,,,,,,,,
Color,Cutting Table,M,L,XL,2XL,Total Pcs,,,,,
COFFEE [1],12,17,34,17,17,85,,,,,
BLACK [1],12,17,34,17,17,85,,,,,
L. GREY [1],12,17,34,17,17,85,,,,,
Total,,51,102,51,51,255,,,,,
,,,,,,,,,,,
,,,,,,,,,,,
Cutting Matrix — Lot 11888,,,,,,,,,,,
Lot Number:,11888,Style:,FULL ZIPPER HOOD,,,,,,,,
Fabric:,MH FLEECE,Garment Type:,SWEATSHIRT,,,,,,,,
,,,,,,,,,,,
Color,Cutting Table,M,L,XL,Total Pcs,,,,,,
BLACK [3],2,35,35,18,88,,,,,,
15% [3],0,0,0,0,0,,,,,,
Total,,35,35,18,88,,,,,,
,,,,,,,,,,,
,,,,,,,,,,,
Cutting Matrix — Lot 11889,,,,,,,,,,,
Lot Number:,11889,Style:,CROSS HODDIE,,,,,,,,
Fabric:,MH FLEECE,Garment Type:,SWEATSHIRT,,,,,,,,
,,,,,,,,,,,
Color,Cutting Table,M,L,XL,2XL,Total Pcs,,,,,
BLACK [3],2,44,44,22,22,132,,,,,
15% [3],0,0,0,0,0,0,,,,,
Total,,44,44,22,22,132,,,,,
,,,,,,,,,,,
,,,,,,,,,,,
Cutting Matrix — Lot 67013,,,,,,,,,,,
Lot Number:,67013,Style:,BAN COLLAR WITH FULL ZIPPER,,,,,,,,
Fabric:,UK LYCRA,Garment Type:,WINDCHEATER,,,,,,,,
,,,,,,,,,,,
Color,Cutting Table,M,L,XL,Total Pcs,,,,,,
RAINBOW [1],9,100,100,50,250,,,,,,
Total,,100,100,50,250,,,,,,
,,,,,,,,,,,
,,,,,,,,,,,
Cutting Matrix — Lot 67007,,,,,,,,,,,
Lot Number:,67007,Style:,FULL ZIPPER COLLAR,,,,,,,,
Fabric:,UK LYCRA,Garment Type:,WINDCHEATER,,,,,,,,
,,,,,,,,,,,
Color,Cutting Table,M,L,XL,Total Pcs,,,,,,
RAINBOW [1],9,100,100,50,250,,,,,,
Total,,100,100,50,250,,,,,,
,,,,,,,,,,,
,,,,,,,,,,,
Cutting Matrix — Lot 66003,,,,,,,,,,,
Lot Number:,66003,Style:,FULL ZIPPER HOOD,,,,,,,,
Fabric:,D#11,Garment Type:,WINDCHEATER,,,,,,,,
,,,,,,,,,,,
Color,Cutting Table,M,L,XL,2XL,Total Pcs,,,,,
FAWN [1],12,12,24,12,5,53,,,,,
BROWN [1],12,12,24,12,6,54,,,,,
SILVER [1],12,12,24,12,6,54,,,,,
BLACK [1],12,12,24,12,6,54,,,,,
Total,,48,96,48,23,215,,,,,
,,,,,,,,,,,
,,,,,,,,,,,
Cutting Matrix — Lot 11891,,,,,,,,,,,
Lot Number:,11891,Style:,TRACKSUIT,,,,,,,,
Fabric:,MH FLEECE,Garment Type:,TS - LOWER,,,,,,,,
,,,,,,,,,,,
Color,Cutting Table,M,L,XL,Total Pcs,,,,,,
RED [4],6,50,50,25,125,,,,,,
NAVY [4],6,50,50,25,125,,,,,,
OFF WHITE [4],6,50,50,25,125,,,,,,
LIGHT BEIGE [4],6,50,50,25,125,,,,,,
15% [4],6,50,50,25,125,,,,,,
Total,,250,250,125,625,,,,,,
,,,,,,,,,,,
,,,,,,,,,,,
Cutting Matrix — Lot 11890,,,,,,,,,,,
Lot Number:,11890,Style:,TRACKSUIT,,,,,,,,
Fabric:,MH FLEECE,Garment Type:,TS - UPPER,,,,,,,,
,,,,,,,,,,,
Color,Cutting Table,M,L,XL,Total Pcs,,,,,,
RED [4],6,50,50,25,125,,,,,,
NAVY [4],6,50,50,25,125,,,,,,
OFF WHITE [4],6,50,50,25,125,,,,,,
LIGHT BEIGE [4],6,50,50,25,125,,,,,,
15% [4],6,50,50,25,125,,,,,,
Total,,250,250,125,625,,,,,,
,,,,,,,,,,,
,,,,,,,,,,,
Cutting Matrix — Lot 66001,,,,,,,,,,,
Lot Number:,66001,Style:,REGULAR,,,,,,,,
Fabric:,MH FLEECE,Garment Type:,LOWER,,,,,,,,
,,,,,,,,,,,
Color,Cutting Table,M,L,XL,2XL,Total Pcs,,,,,
BLACK [2],16,25,50,25,25,125,,,,,
NAVY 4445 [2],16,12,24,12,12,60,,,,,
LT. GREY 4444 [2],16,11,22,11,11,55,,,,,
MOUSE 4450 [2],16,11,22,11,11,55,,,,,
OFF WHITE [2],16,12,24,12,12,60,,,,,
15% [2],16,12,24,12,12,60,,,,,
Total,,83,166,83,83,415,,,,,
,,,,,,,,,,,
,,,,,,,,,,,
Cutting Matrix — Lot 62146,,,,,,,,,,,
Lot Number:,62146,Style:,ROUNDNECK,,,,,,,,
Fabric:,OUTSIDE ANTIPILLING,Garment Type:,SWEATSHIRT,,,,,,,,
,,,,,,,,,,,
Color,Cutting Table,M,L,XL,Total Pcs,,,,,,
RFD OFF WHITE (BLACK) [5],5,60,60,30,150,,,,,,
RFD OFF WHITE (GREY) [5],5,60,60,30,150,,,,,,
Total,,120,120,60,300,,,,,,
,,,,,,,,,,,
,,,,,,,,,,,
Cutting Matrix — Lot 11908,,,,,,,,,,,
Lot Number:,11908,Style:,BOXY FIT ROUNDKNECK,,,,,,,,
Fabric:,MH FLEECE,Garment Type:,SWEATSHIRT  R/N,,,,,,,,
,,,,,,,,,,,
Color,Cutting Table,S,M,L,XL,Total Pcs,,,,,
BLACK [10],4,50,100,100,50,300,,,,,
WHITE [5],4,25,50,50,25,150,,,,,
15% [5],0,0,0,0,0,0,,,,,
Total,,75,150,150,75,450,,,,,
,,,,,,,,,,,
,,,,,,,,,,,
Cutting Matrix — Lot 11904,,,,,,,,,,,
Lot Number:,11904,Style:,BOXY FIT CROSS HOODY,,,,,,,,
Fabric:,MH FLEECE,Garment Type:,SWEATSHIRT HOODIE,,,,,,,,
,,,,,,,,,,,
Color,Cutting Table,S,M,L,XL,Total Pcs,,,,,
BLACK [10],11,52,104,104,52,312,,,,,
WHITE [10],11,52,104,104,52,312,,,,,
15% [10],0,0,0,0,0,0,,,,,
Total,,104,208,208,104,624,,,,,
,,,,,,,,,,,
,,,,,,,,,,,
Cutting Matrix — Lot 11910,,,,,,,,,,,
Lot Number:,11910,Style:,BOXY FIT CROSS HOODY,,,,,,,,
Fabric:,MH FLEECE,Garment Type:,SWEATSHIRT HOODIE,,,,,,,,
,,,,,,,,,,,
Color,Cutting Table,S,M,L,XL,Total Pcs,,,,,
BLACK [10],11,50,100,100,50,300,,,,,
WHITE [5],11,25,50,50,25,150,,,,,
15% [5],0,0,0,0,0,0,,,,,
Total,,75,150,150,75,450,,,,,
,,,,,,,,,,,
,,,,,,,,,,,
Cutting Matrix — Lot 11892,,,,,,,,,,,
Lot Number:,11892,Style:,TRACKSUIT,,,,,,,,
Fabric:,MH FLEECE,Garment Type:,TS - UPPER,,,,,,,,
,,,,,,,,,,,
Color,Cutting Table,M,L,XL,Total Pcs,,,,,,
OFF WHITE (FRONT NAVY+ BAJU RED) [4],10,52,52,26,130,,,,,,
NAVY (OFF WHITE+RED) [4],10,50,50,25,125,,,,,,
RED (OFF WHITE+ NAVY) [4],10,52,52,26,130,,,,,,
15% (NAVY + RED) [4],10,52,52,26,130,,,,,,
LIGHT BEIGE (NAVY + RED) [4],10,52,52,26,130,,,,,,
CEMENT (OFF WHITE + NAVY) [4],10,50,50,25,125,,,,,,
Total,,308,308,154,770,,,,,,
,,,,,,,,,,,
,,,,,,,,,,,
Cutting Matrix — Lot 11893,,,,,,,,,,,
Lot Number:,11893,Style:,TRACKSUIT,,,,,,,,
Fabric:,MH FLEECE,Garment Type:,TS - LOWER,,,,,,,,
,,,,,,,,,,,
Color,Cutting Table,M,L,XL,Total Pcs,,,,,,
OFF WHITE (FRONT NAVY+ BAJU RED) [4],10,52,52,26,130,,,,,,
NAVY (OFF WHITE+RED) [4],10,50,50,25,125,,,,,,
RED (OFF WHITE+ NAVY) [4],10,52,52,26,130,,,,,,
15% (NAVY + RED) [4],10,52,52,26,130,,,,,,
LIGHT BEIGE (NAVY + RED) [4],10,52,52,26,130,,,,,,
CEMENT (OFF WHITE + NAVY) [4],10,50,50,25,125,,,,,,
Total,,308,308,154,770,,,,,,
,,,,,,,,,,,
,,,,,,,,,,,
Cutting Matrix — Lot 11909,,,,,,,,,,,
Lot Number:,11909,Style:,FULL ZIPPER NORMAL HOODY BOXY FIT,,,,,,,,
Fabric:,MH FLEECE,Garment Type:,SWEATSHIRT  R/N,,,,,,,,
,,,,,,,,,,,
Color,Cutting Table,S,M,L,XL,Total Pcs,,,,,
BLACK [10],2,50,100,100,50,300,,,,,
WHITE [5],2,25,50,50,25,150,,,,,
15% [5],0,0,0,0,0,0,,,,,
Total,,75,150,150,75,450,,,,,
,,,,,,,,,,,
,,,,,,,,,,,
Cutting Matrix — Lot 73085,,,,,,,,,,,
Lot Number:,73085,Style:,FANCY BUCKLE JACKET,,,,,,,,
Fabric:,FIRE TWILL,Garment Type:,JACKET,,,,,,,,
,,,,,,,,,,,
Color,Cutting Table,M,L,XL,2XL,Total Pcs,,,,,
BLACK [1],15,50,100,50,50,250,,,,,
CHOCO [1],15,25,50,25,25,125,,,,,
BEIGE [1],15,25,50,25,25,125,,,,,
WHITE [1],15,25,50,25,25,125,,,,,
STONE [1],15,25,50,25,25,125,,,,,
SILVER [1],15,25,50,25,25,125,,,,,
D.GREY [1],15,25,50,25,25,125,,,,,
Total,,200,400,200,200,1000,,,,,
,,,,,,,,,,,
,,,,,,,,,,,
Cutting Matrix — Lot 10033,,,,,,,,,,,
Lot Number:,10033,Style:,GIRLISH HOODIE,,,,,,,,
Fabric:,MH FLEECE,Garment Type:,SWEATSHIRT HOODIE,,,,,,,,
,,,,,,,,,,,
Color,Cutting Table,MIX,Total Pcs,,,,,,,,
MIX [1],,238,238,,,,,,,,
Total,,238,238,,,,,,,,
,,,,,,,,,,,
,,,,,,,,,,,
Cutting Matrix — Lot 10034,,,,,,,,,,,
Lot Number:,10034,Style:,HOODIE,,,,,,,,
Fabric:,MH FLEECE,Garment Type:,SWEATSHIRT HOODIE,,,,,,,,
,,,,,,,,,,,
Color,Cutting Table,MIX,Total Pcs,,,,,,,,
MIX [1],,134,134,,,,,,,,
Total,,134,134,,,,,,,,
,,,,,,,,,,,
,,,,,,,,,,,
Cutting Matrix — Lot 62073,,,,,,,,,,,
Lot Number:,62073,Style:,NORMAL FIT,,,,,,,,
Fabric:,UK LYCRA,Garment Type:,TS - UPPER,,,,,,,,
,,,,,,,,,,,
Color,Cutting Table,M,L,XL,XXL,Total Pcs,,,,,
BLACK [1],9,13,26,13,13,65,,,,,
SILVER [1],9,13,26,13,13,65,,,,,
M. GREY [1],9,12,24,12,12,60,,,,,
NAVY,9,12,24,12,12,60,,,,,
RED,9,6,12,6,6,30,,,,,
Total,,56,112,56,56,280,,,,,
,,,,,,,,,,,
,,,,,,,,,,,
Cutting Matrix — Lot 62074,,,,,,,,,,,
Lot Number:,62074,Style:,NORMAL FIT,,,,,,,,
Fabric:,UK LYCRA,Garment Type:,TS - LOWER,,,,,,,,
,,,,,,,,,,,
Color,Cutting Table,M,L,XL,XXL,Total Pcs,,,,,
BLACK [1],9,13,26,13,13,65,,,,,
SILVER [1],9,13,26,13,13,65,,,,,
NAVY [1],9,12,24,12,12,60,,,,,
M. GREY [1],9,12,24,12,12,60,,,,,
RED (HALF) [0.5],9,6,12,6,6,30,,,,,
Total,,56,112,56,56,280,,,,,
,,,,,,,,,,,
,,,,,,,,,,,
Cutting Matrix — Lot 67040,,,,,,,,,,,
Lot Number:,67040,Style:,FULL ZIPPER COLLAR,,,,,,,,
Fabric:,PD 506 (ASTAR),Garment Type:,JACKET,,,,,,,,
,,,,,,,,,,,
Color,Cutting Table,M,L,XL,2XL,3XL,4XL,5XL,Total Pcs,,
BLACK [2],8,44,88,88,44,,,,264,,
D. COFFEE [2],8,25,50,50,25,,,,150,,
CHARCOAL [2],8,24,48,48,24,,,,144,,
CREAM [2],8,23,46,46,23,,,,138,,
M. OLIVE [2],8,24,48,48,24,,,,144,,
D. KHAKHI [2],8,13,26,26,13,,,,78,,
PETROL [2],8,25,50,50,25,,,,150,,
D. MOUSE [2],8,24,48,48,24,,,,144,,
D. NAVY [2],8,25,50,50,25,,,,150,,
Total,,227,454,454,227,0,0,0,1362,,
,,,,,,,,,,,
,,,,,,,,,,,
Cutting Matrix — Lot 76102,,,,,,,,,,,
Lot Number:,76102,Style:,FANCY COLLAR SHIRT,,,,,,,,
Fabric:,FIRE TWILL,Garment Type:,SHIRT,,,,,,,,
,,,,,,,,,,,
Color,Cutting Table,M,L,XL,Total Pcs,,,,,,
AQUA [1],16,48,48,24,120,,,,,,
CHOCO [1],16,24,24,12,60,,,,,,
BEIGE [1],16,24,24,12,60,,,,,,
WHITE [1],16,22,22,11,55,,,,,,
STONE [1],16,22,22,11,55,,,,,,
BLACK [1],16,48,48,24,120,,,,,,
SILVER [1],16,24,24,12,60,,,,,,
D.GREY [1],16,24,24,12,60,,,,,,
Total,,236,236,118,590,,,,,,
,,,,,,,,,,,
,,,,,,,,,,,
Cutting Matrix — Lot 62131,,,,,,,,,,,
Lot Number:,62131,Style:,CROSS HODDIE,,,,,,,,
Fabric:,MH FLEECE,Garment Type:,TS - UPPER,,,,,,,,
,,,,,,,,,,,
Color,Cutting Table,M,L,XL,XXL,3XL,4XL,5XL,Total Pcs,,
BLACK [3],,12,24,12,12,12,12,6,90,,
15% [3],,12,24,12,12,12,12,6,90,,
Total,,24,48,24,24,24,24,12,180,,
,,,,,,,,,,,
,,,,,,,,,,,
Cutting Matrix — Lot 62132,,,,,,,,,,,
Lot Number:,62132,Style:,REGULAR,,,,,,,,
Fabric:,MH FLEECE,Garment Type:,TS - LOWER,,,,,,,,
,,,,,,,,,,,
Color,Cutting Table,M,L,XL,XXL,3XL,4XL,5XL,Total Pcs,,
BLACK [3],,12,24,12,12,12,12,6,90,,
15% [3],,12,24,12,12,12,12,6,90,,
Total,,24,48,24,24,24,24,12,180,,
,,,,,,,,,,,
,,,,,,,,,,,
Cutting Matrix — Lot 62133,,,,,,,,,,,
Lot Number:,62133,Style:,CROSS HODDIE,,,,,,,,
Fabric:,MH FLEECE,Garment Type:,TS - UPPER,,,,,,,,
,,,,,,,,,,,
Color,Cutting Table,M,L,XL,XXL,3XL,4XL,5XL,Total Pcs,,
BLACK [3],,12,24,12,12,12,12,6,90,,
15% [3],,12,24,12,12,12,12,6,90,,
Total,,24,48,24,24,24,24,12,180,,
,,,,,,,,,,,
,,,,,,,,,,,
Cutting Matrix — Lot 62134,,,,,,,,,,,
Lot Number:,62134,Style:,REGULAR,,,,,,,,
Fabric:,MH FLEECE,Garment Type:,TS - LOWER,,,,,,,,
,,,,,,,,,,,
Color,Cutting Table,M,L,XL,XXL,3XL,4XL,5XL,Total Pcs,,
BLACK [3],,12,24,12,12,12,12,6,90,,
15% [3],,12,24,12,12,12,12,6,90,,
Total,,24,48,24,24,24,24,12,180,,
,,,,,,,,,,,
,,,,,,,,,,,
Cutting Matrix — Lot 62135,,,,,,,,,,,
Lot Number:,62135,Style:,CROSS HODDIE,,,,,,,,
Fabric:,MH FLEECE,Garment Type:,TS - UPPER,,,,,,,,
,,,,,,,,,,,
Color,Cutting Table,M,L,XL,XXL,3XL,4XL,5XL,Total Pcs,,
BLACK [3],,12,24,12,12,12,12,6,90,,
15% [3],,12,24,12,12,12,12,6,90,,
Total,,24,48,24,24,24,24,12,180,,
,,,,,,,,,,,
,,,,,,,,,,,
Cutting Matrix — Lot 62136,,,,,,,,,,,
Lot Number:,62136,Style:,REGULAR,,,,,,,,
Fabric:,MH FLEECE,Garment Type:,TS - LOWER,,,,,,,,
,,,,,,,,,,,
Color,Cutting Table,M,L,XL,XXL,3XL,4XL,5XL,Total Pcs,,
BLACK [3],,12,24,12,12,12,12,6,90,,
15% [3],,12,24,12,12,12,12,6,90,,
Total,,24,48,24,24,24,24,12,180,,
,,,,,,,,,,,
,,,,,,,,,,,
Cutting Matrix — Lot 62137,,,,,,,,,,,
Lot Number:,62137,Style:,CROSS HODDIE,,,,,,,,
Fabric:,MH FLEECE,Garment Type:,TS - UPPER,,,,,,,,
,,,,,,,,,,,
Color,Cutting Table,M,L,XL,XXL,3XL,4XL,5XL,Total Pcs,,
BLACK [3],,12,24,12,12,12,12,6,90,,
15% [3],,12,24,12,12,12,12,6,90,,
Total,,24,48,24,24,24,24,12,180,,
,,,,,,,,,,,
,,,,,,,,,,,
Cutting Matrix — Lot 62138,,,,,,,,,,,
Lot Number:,62138,Style:,REGULAR,,,,,,,,
Fabric:,MH FLEECE,Garment Type:,TS - LOWER,,,,,,,,
,,,,,,,,,,,
Color,Cutting Table,M,L,XL,XXL,3XL,4XL,5XL,Total Pcs,,
BLACK [3],,12,24,12,12,12,12,6,90,,
15% [3],,12,24,12,12,12,12,6,90,,
Total,,24,48,24,24,24,24,12,180,,
,,,,,,,,,,,
,,,,,,,,,,,
Cutting Matrix — Lot 62139,,,,,,,,,,,
Lot Number:,62139,Style:,CROSS HODDIE,,,,,,,,
Fabric:,MH FLEECE,Garment Type:,TS - UPPER,,,,,,,,
,,,,,,,,,,,
Color,Cutting Table,M,L,XL,XXL,3XL,4XL,5XL,Total Pcs,,
BLACK [3],,12,24,12,12,12,12,6,90,,
15% [3],,12,24,12,12,12,12,6,90,,
Total,,24,48,24,24,24,24,12,180,,
,,,,,,,,,,,
,,,,,,,,,,,
Cutting Matrix — Lot 62140,,,,,,,,,,,
Lot Number:,62140,Style:,REGULAR,,,,,,,,
Fabric:,MH FLEECE,Garment Type:,TS - LOWER,,,,,,,,
,,,,,,,,,,,
Color,Cutting Table,M,L,XL,XXL,3XL,4XL,5XL,Total Pcs,,
BLACK [3],,12,24,12,12,12,12,6,90,,
15% [3],,12,24,12,12,12,12,6,90,,
Total,,24,48,24,24,24,24,12,180,,
,,,,,,,,,,,
,,,,,,,,,,,
Cutting Matrix — Lot 62141,,,,,,,,,,,
Lot Number:,62141,Style:,CROSS HODDIE,,,,,,,,
Fabric:,MH FLEECE,Garment Type:,TS - UPPER,,,,,,,,
,,,,,,,,,,,
Color,Cutting Table,M,L,XL,XXL,3XL,4XL,5XL,Total Pcs,,
BLACK [3],,12,24,12,12,12,12,6,90,,
15% [3],,12,24,12,12,12,12,6,90,,
Total,,24,48,24,24,24,24,12,180,,
,,,,,,,,,,,
,,,,,,,,,,,
Cutting Matrix — Lot 62142,,,,,,,,,,,
Lot Number:,62142,Style:,REGULAR,,,,,,,,
Fabric:,MH FLEECE,Garment Type:,TS - LOWER,,,,,,,,
,,,,,,,,,,,
Color,Cutting Table,M,L,XL,XXL,3XL,4XL,5XL,Total Pcs,,
BLACK [3],,12,24,12,12,12,12,6,90,,
15% [3],,12,24,12,12,12,12,6,90,,
Total,,24,48,24,24,24,24,12,180,,
,,,,,,,,,,,
,,,,,,,,,,,
Cutting Matrix — Lot 73084,,,,,,,,,,,
Lot Number:,73084,Style:,FANCY BUCKLE JACKET H/S,,,,,,,,
Fabric:,FIRE TWILL,Garment Type:,JACKET,,,,,,,,
,,,,,,,,,,,
Color,Cutting Table,M,L,XL,2XL,Total Pcs,,,,,
BLACK [1],15,48,96,48,48,240,,,,,
CHOCO [1],15,22,44,22,22,110,,,,,
BEIGE [1],15,23,46,23,23,115,,,,,
WHITE [1],15,22,44,22,22,110,,,,,
STONE [1],15,23,46,23,23,115,,,,,
SILVER [1],15,22,44,22,22,110,,,,,
D.GREY [1],15,22,44,22,22,110,,,,,
Total,,182,364,182,182,910,,,,,
,,,,,,,,,,,
,,,,,,,,,,,
Cutting Matrix — Lot 67043,,,,,,,,,,,
Lot Number:,67043,Style:,ROUNDNECK,,,,,,,,
Fabric:,MH FLEECE,Garment Type:,TS - UPPER,,,,,,,,
,,,,,,,,,,,
Color,Cutting Table,M,L,XL,XXL,Total Pcs,,,,,
OFF WHITE (SURF) [2],1,12,24,24,12,72,,,,,
NAVY (LT. BEIGE) [2],1,12,24,24,12,72,,,,,
BLACK (OFF WHITE) [2],1,12,24,24,12,72,,,,,
BLACK (OLIVE) [2],1,12,24,24,12,72,,,,,
LT. GREY (BLACK) [2],1,12,24,24,12,72,,,,,
Total,,60,120,120,60,360,,,,,
,,,,,,,,,,,
,,,,,,,,,,,
Cutting Matrix — Lot 67044,,,,,,,,,,,
Lot Number:,67044,Style:,REGULAR,,,,,,,,
Fabric:,MH FLEECE,Garment Type:,TS - LOWER,,,,,,,,
,,,,,,,,,,,
Color,Cutting Table,M,L,XL,XXL,Total Pcs,,,,,
OFF WHITE (SURF) [2],1,12,24,24,12,72,,,,,
NAVY (LT. BEIGE) [2],1,12,24,24,12,72,,,,,
BLACK (OFF WHITE) [2],1,12,24,24,12,72,,,,,
BLACK (OLIVE) [2],1,12,24,24,12,72,,,,,
LT. GREY (BLACK) [2],1,12,24,24,12,72,,,,,
Total,,60,120,120,60,360,,,,,
,,,,,,,,,,,
,,,,,,,,,,,
,,,,,,,,,,,
,,,,,,,,,,,
,,,,,,,,,,,
,,,,,,,,,,,
,,,,,,,,,,,
,,,,,,,,,,,
,,,,,,,,,,,
,,,,,,,,,,,
,,,,,,,,,,,
,,,,,,,,,,,
,,,,,,,,,,,
,,,,,,,,,,,
,,,,,,,,,,,
,,,,,,,,,,,
Cutting Matrix — Lot 66004,,,,,,,,,,,
Lot Number:,66004,Style:,FULL ZIPPER HOOD,,,,,,,,
Fabric:,Q#2,Garment Type:,WINDCHEATER,,,,,,,,
,,,,,,,,,,,
Color,Cutting Table,M,L,XL,2XL,Total Pcs,,,,,
STONE (B. GREEN) [1],15,10,20,10,5,45,,,,,
L. GREY (BLACK) [1],15,10,20,10,5,45,,,,,
BLACK (L. GREY) [1],15,10,20,10,5,45,,,,,
NAVY (RED) [1],15,10,20,10,5,45,,,,,
OFF WHITE (D. GREY) [1],15,10,20,10,5,45,,,,,
Total,,50,100,50,25,225,,,,,
,,,,,,,,,,,
,,,,,,,,,,,
Cutting Matrix — Lot 76108,,,,,,,,,,,
Lot Number:,76108,Style:,REGULAR FIT,,,,,,,,
Fabric:,PIN CHECK,Garment Type:,SHIRT,,,,,,,,
,,,,,,,,,,,
Color,Cutting Table,S,M,L,XL,2XL,3XL,4XL,5XL,Total Pcs,
CAMEL [2],6,20,20,20,20,20,10,10,10,130,
COFFEE [2],6,20,20,20,20,20,10,10,10,130,
ROYAL [2],6,20,20,20,20,20,10,10,10,130,
MEHROON [2],6,20,20,20,20,20,10,10,10,130,
BLACK [2],6,20,20,20,20,20,10,10,10,130,
TEAL [2],6,20,20,20,20,20,10,10,10,130,
FEROZI [2],6,20,20,20,20,20,10,10,10,130,
GAJARI [2],6,20,20,20,20,20,10,10,10,130,
LEMON [2],6,20,20,20,20,20,10,10,10,130,
SKY [2],6,20,20,20,20,20,10,10,10,130,
L.GREY [2],6,20,20,20,20,20,10,10,10,130,
ORANGE [2],6,20,20,20,20,20,10,10,10,130,
Total,,240,240,240,240,240,120,120,120,1560,
,,,,,,,,,,,
,,,,,,,,,,,
Cutting Matrix — Lot 11923,,,,,,,,,,,
Lot Number:,11923,Style:,MONKEY ZIPPER HOODY,,,,,,,,
Fabric:,Q#2,Garment Type:,WINDCHEATER,,,,,,,,
,,,,,,,,,,,
Color,Cutting Table,M,L,XL,2XL,Total Pcs,,,,,
FEROZI [2],9,22,44,22,22,110,,,,,
ROYAL [2],9,22,44,22,22,110,,,,,
ORANGE [1],9,14,28,14,14,70,,,,,
M.GREY [2],9,22,44,22,22,110,,,,,
L. GREY [2],9,22,44,22,22,110,,,,,
GREEN [1],9,11,22,11,11,55,,,,,
SKY [2],9,23,46,23,23,115,,,,,
B.GREEN [2],9,22,44,22,22,110,,,,,
RED [2],9,23,46,23,23,115,,,,,
WHITE [2],9,23,46,23,23,115,,,,,
BLACK [2],9,46,92,46,46,230,,,,,
NAVY [2],9,23,46,23,23,115,,,,,
GOLD [1],9,14,28,14,14,70,,,,,
TOM GREEN [2],9,23,46,23,23,115,,,,,
Total,,310,620,310,310,1550,,,,,
,,,,,,,,,,,
,,,,,,,,,,,
Cutting Matrix — Lot 10035,,,,,,,,,,,
Lot Number:,10035,Style:,ROUNDNECK,,,,,,,,
Fabric:,SINKER,Garment Type:,T-SHIRT R/N,,,,,,,,
,,,,,,,,,,,
Color,Cutting Table,MIX,Total Pcs,,,,,,,,
D GREEN [1],,77,77,,,,,,,,
Total,,77,77,,,,,,,,
,,,,,,,,,,,
,,,,,,,,,,,
Cutting Matrix — Lot 10036,,,,,,,,,,,
Lot Number:,10036,Style:,ROUNDNECK,,,,,,,,
Fabric:,SINKER,Garment Type:,T-SHIRT R/N,,,,,,,,
,,,,,,,,,,,
Color,Cutting Table,MIX,Total Pcs,,,,,,,,
D GREEN [1],,62,62,,,,,,,,
Total,,62,62,,,,,,,,
,,,,,,,,,,,
,,,,,,,,,,,
Cutting Matrix — Lot 10037,,,,,,,,,,,
Lot Number:,10037,Style:,ROUNDNECK,,,,,,,,
Fabric:,SINKER,Garment Type:,T-SHIRT R/N,,,,,,,,
,,,,,,,,,,,
Color,Cutting Table,MIX,Total Pcs,,,,,,,,
YELLOW [1],,185,185,,,,,,,,
Total,,185,185,,,,,,,,
,,,,,,,,,,,
,,,,,,,,,,,
Cutting Matrix — Lot 10038,,,,,,,,,,,
Lot Number:,10038,Style:,ROUNDNECK,,,,,,,,
Fabric:,SINKER,Garment Type:,T-SHIRT R/N,,,,,,,,
,,,,,,,,,,,
Color,Cutting Table,MIX,Total Pcs,,,,,,,,
WHITE [1],,66,66,,,,,,,,
Total,,66,66,,,,,,,,
,,,,,,,,,,,
,,,,,,,,,,,
Cutting Matrix — Lot 10039,,,,,,,,,,,
Lot Number:,10039,Style:,ROUNDNECK,,,,,,,,
Fabric:,SINKER,Garment Type:,T-SHIRT R/N,,,,,,,,
,,,,,,,,,,,
Color,Cutting Table,MIX,Total Pcs,,,,,,,,
GREY [1],,177,177,,,,,,,,
Total,,177,177,,,,,,,,
,,,,,,,,,,,
,,,,,,,,,,,
Cutting Matrix — Lot 10040,,,,,,,,,,,
Lot Number:,10040,Style:,ROUNDNECK,,,,,,,,
Fabric:,SINKER,Garment Type:,T-SHIRT R/N,,,,,,,,
,,,,,,,,,,,
Color,Cutting Table,MIX,Total Pcs,,,,,,,,
D GREEN [1],,126,126,,,,,,,,
Total,,126,126,,,,,,,,
,,,,,,,,,,,
,,,,,,,,,,,
Cutting Matrix — Lot 10041,,,,,,,,,,,
Lot Number:,10041,Style:,ROUNDNECK,,,,,,,,
Fabric:,SINKER,Garment Type:,T-SHIRT R/N,,,,,,,,
,,,,,,,,,,,
Color,Cutting Table,MIX,Total Pcs,,,,,,,,
RED [1],,88,88,,,,,,,,
Total,,88,88,,,,,,,,
,,,,,,,,,,,
,,,,,,,,,,,
Cutting Matrix — Lot 11921,,,,,,,,,,,
Lot Number:,11921,Style:,2.5 INCH GULLA SIDE POCKET LOWER,,,,,,,,
Fabric:,M.m fleece (micky),Garment Type:,LOWER,,,,,,,,
,,,,,,,,,,,
Color,Cutting Table,M,L,XL,2XL,Total Pcs,,,,,
BLACK(D GREY_ [3],2,29,58,29,29,145,,,,,
BLACK(L GREY) [3],2,28,56,28,28,140,,,,,
OFF WHITE(D GREY) [3],2,29,58,29,29,145,,,,,
COFFEE(OFF WHITE) [3],2,30,60,30,30,150,,,,,
D.GREY(L GREY) [3],2,28,56,28,28,140,,,,,
TAN(OFF -WHITE) [3],2,28,56,28,28,140,,,,,
NAVY(L GREY) [3],2,29,58,29,29,145,,,,,
L.GREY(NAVY) [3],2,30,60,30,30,150,,,,,
Total,,231,462,231,231,1155,,,,,
,,,,,,,,,,,
,,,,,,,,,,,
Cutting Matrix — Lot 61281,,,,,,,,,,,
Lot Number:,61281,Style:,FULL ZIPPER HOODIE,,,,,,,,
Fabric:,MH FLEECE,Garment Type:,TS - UPPER,,,,,,,,
,,,,,,,,,,,
Color,Cutting Table,M,L,XL,Total Pcs,,,,,,
BLACK (WHITE) [2],1,24,24,12,60,,,,,,
BLACK (D. GREY) [2],1,24,24,12,60,,,,,,
15% (WHITE) [2],1,24,24,12,60,,,,,,
NAVY (WHITE) [2],1,24,24,12,60,,,,,,
CREAM (NAVY) [2],1,24,24,12,60,,,,,,
RED (WHITE) [2],1,24,24,12,60,,,,,,
ROYAL (WHITE) [2],1,24,24,12,60,,,,,,
C. GREEN (WHITE) [2],1,24,24,12,60,,,,,,
WHITE [2],1,24,24,12,60,,,,,,
Total,,216,216,108,540,,,,,,
,,,,,,,,,,,
,,,,,,,,,,,
Cutting Matrix — Lot 61282,,,,,,,,,,,
Lot Number:,61282,Style:,CHINESE,,,,,,,,
Fabric:,MH FLEECE,Garment Type:,TS - LOWER,,,,,,,,
,,,,,,,,,,,
Color,Cutting Table,M,L,XL,Total Pcs,,,,,,
BLACK (WHITE) [2],1,24,24,12,60,,,,,,
BLACK (D. GREY) [2],1,24,24,12,60,,,,,,
15% (WHITE) [2],1,24,24,12,60,,,,,,
NAVY (WHITE) [2],1,24,24,12,60,,,,,,
CREAM (NAVY) [2],1,24,24,12,60,,,,,,
RED (WHITE) [2],1,24,24,12,60,,,,,,
ROYAL (WHITE) [2],1,24,24,12,60,,,,,,
C. GREEN (WHITE) [2],1,24,24,12,60,,,,,,
WHITE [2],1,24,24,12,60,,,,,,
Total,,216,216,108,540,,,,,,
,,,,,,,,,,,
,,,,,,,,,,,
Cutting Matrix — Lot 61283,,,,,,,,,,,
Lot Number:,61283,Style:,REGULAR,,,,,,,,
Fabric:,MH FLEECE,Garment Type:,LOWER,,,,,,,,
,,,,,,,,,,,
Color,Cutting Table,M,L,XL,2XL,Total Pcs,,,,,
BLACK (D. GREY) [2],1,12,27,12,12,63,,,,,
BLACK (CREAM) [2],1,11,22,11,11,55,,,,,
15% (WHITE) [2],1,10,23,10,10,53,,,,,
LT. BEIGE (OLIVE) [2],1,11,22,11,11,55,,,,,
WHITE (15%) [2],1,11,24,11,11,57,,,,,
CAMEL (CREAM) [2],1,11,22,11,11,55,,,,,
Total,,66,140,66,66,338,,,,,
,,,,,,,,,,,
,,,,,,,,,,,
Cutting Matrix — Lot 11920,,,,,,,,,,,
Lot Number:,11920,Style:,2.5 INCH GULLA SIDE POCKET LOWER,,,,,,,,
Fabric:,M.m fleece (micky),Garment Type:,LOWER,,,,,,,,
,,,,,,,,,,,
Color,Cutting Table,M,L,XL,2XL,Total Pcs,,,,,
BLACK(D GREY_ [3],4,29,58,29,29,145,,,,,
BLACK(L GREY) [3],4,29,58,29,29,145,,,,,
OFF WHITE(D GREY) [3],4,30,60,30,30,150,,,,,
COFFEE(OFF WHITE) [3],4,28,56,28,28,140,,,,,
D.GREY(L GREY) [3],4,29,58,29,29,145,,,,,
TAN(OFF -WHITE) [3],4,29,58,29,29,145,,,,,
NAVY(L GREY) [3],4,29,58,29,29,145,,,,,
L.GREY(NAVY) [3],4,30,60,30,30,150,,,,,
Total,,233,466,233,233,1165,,,,,
,,,,,,,,,,,
,,,,,,,,,,,
Cutting Matrix — Lot 61232,,,,,,,,,,,
Lot Number:,61232,Style:,FULL ZIPPER HOOD,,,,,,,,
Fabric:,UK LYCRA,Garment Type:,TS - UPPER,,,,,,,,
,,,,,,,,,,,
Color,Cutting Table,M,L,XL,XXL,Total Pcs,,,,,
BLACK [1],8,10,20,10,10,50,,,,,
D. MOUSE [1],8,10,20,10,10,50,,,,,
IVORY [1],8,10,20,10,10,50,,,,,
GREY [1],8,9,18,9,9,45,,,,,
NAVY [1],8,10,20,10,10,50,,,,,
Total,,49,98,49,49,245,,,,,
,,,,,,,,,,,
,,,,,,,,,,,
Cutting Matrix — Lot 61233,,,,,,,,,,,
Lot Number:,61233,Style:,REGULAR,,,,,,,,
Fabric:,UK LYCRA,Garment Type:,TS - LOWER,,,,,,,,
,,,,,,,,,,,
Color,Cutting Table,M,L,XL,XXL,Total Pcs,,,,,
BLACK [1],8,10,20,10,10,50,,,,,
D. MOUSE [1],8,10,20,10,10,50,,,,,
IVORY [1],8,10,20,10,10,50,,,,,
GREY [1],8,9,18,9,9,45,,,,,
NAVY [1],8,10,20,10,10,50,,,,,
Total,,49,98,49,49,245,,,,,
,,,,,,,,,,,
,,,,,,,,,,,
Cutting Matrix — Lot 61289,,,,,,,,,,,
Lot Number:,61289,Style:,BOXY,,,,,,,,
Fabric:,MH FLEECE,Garment Type:,TS - LOWER,,,,,,,,
,,,,,,,,,,,
Color,Cutting Table,M,L,XL,Total Pcs,,,,,,
BLACK 1.5 [4],11,50,52,25,127,,,,,,
DENIM [3],11,32,32,16,80,,,,,,
15% [3],11,30,30,15,75,,,,,,
CAMEL,11,32,34,16,82,,,,,,
BEIGE [3],11,32,32,16,80,,,,,,
LT. RUST [3],11,32,36,16,84,,,,,,
CREAM [3],11,32,36,16,84,,,,,,
Total,,240,252,120,612,,,,,,
,,,,,,,,,,,
,,,,,,,,,,,
Cutting Matrix — Lot 61288,,,,,,,,,,,
Lot Number:,61288,Style:,ROUNDNECK,,,,,,,,
Fabric:,MH FLEECE,Garment Type:,TS - UPPER,,,,,,,,
,,,,,,,,,,,
Color,Cutting Table,M,L,XL,Total Pcs,,,,,,
BLACK 1.5 [4],11,50,52,25,127,,,,,,
DENIM [3],11,32,32,16,80,,,,,,
15% [3],11,30,30,15,75,,,,,,
CAMEL,11,32,34,16,82,,,,,,
BEIGE [3],11,32,32,16,80,,,,,,
LT. RUST [3],11,32,36,16,84,,,,,,
CREAM [3],11,32,36,16,84,,,,,,
Total,,240,252,120,612,,,,,,
,,,,,,,,,,,
,,,,,,,,,,,
Cutting Matrix — Lot 76106,,,,,,,,,,,
Lot Number:,76106,Style:,BOXY FIT FULL SLEEVE,,,,,,,,
Fabric:,OXFORD STRIPE,Garment Type:,SHIRT,,,,,,,,
,,,,,,,,,,,
Color,Cutting Table,M,L,XL,Total Pcs,,,,,,
BLACK [2],6,62,62,31,155,,,,,,
SKY [2],6,60,60,30,150,,,,,,
CAMEL [2],6,62,62,31,155,,,,,,
PINK [2],6,64,64,32,160,,,,,,
L.GREY [2],6,66,66,33,165,,,,,,
MAROON [2],6,66,66,33,165,,,,,,
Total,,380,380,190,950,,,,,,
,,,,,,,,,,,
,,,,,,,,,,,
Cutting Matrix — Lot 76107,,,,,,,,,,,
Lot Number:,76107,Style:,BOXY FIT FULL SLEEVE,,,,,,,,
Fabric:,BERRY BLAST,Garment Type:,SHIRT,,,,,,,,
,,,,,,,,,,,
Color,Cutting Table,M,L,XL,Total Pcs,,,,,,
PINK [2],16,56,56,28,140,,,,,,
WHITE [2],16,60,60,30,150,,,,,,
LEMON [2],16,58,58,29,145,,,,,,
PISTA [2],16,58,58,29,145,,,,,,
SKY [2],16,48,48,24,120,,,,,,
OFFWHITE [2],16,56,56,28,140,,,,,,
BLACK [2],16,54,54,27,135,,,,,,
OLIVE [2],16,58,58,29,145,,,,,,
BLACK 2,16,52,52,26,130,,,,,,
Total,,500,500,250,1250,,,,,,
,,,,,,,,,,,
,,,,,,,,,,,
Cutting Matrix — Lot 11922,,,,,,,,,,,
Lot Number:,11922,Style:,FULL ZIPPER MONKEY HOODY,,,,,,,,
Fabric:,Q#2,Garment Type:,WINDCHEATER,,,,,,,,
,,,,,,,,,,,
Color,Cutting Table,M,L,XL,2XL,Total Pcs,,,,,
BLACK [2],12,22,44,22,22,110,,,,,
GOLD [2],12,15,30,15,15,75,,,,,
ORANGE [2],12,13,26,13,13,65,,,,,
SKY [2],12,22,44,22,22,110,,,,,
FEROZI [2],12,22,44,22,22,110,,,,,
GREEN [2],12,22,44,22,22,110,,,,,
RED [2],12,22,44,22,22,110,,,,,
STONE [2],12,22,44,22,22,110,,,,,
NAVY [2],12,21,42,21,21,105,,,,,
WHITE [2],12,23,46,23,23,115,,,,,
B.GREEN [2],12,22,44,22,22,110,,,,,
M.GREY [2],12,22,44,22,22,110,,,,,
BLACK 1,12,23,46,23,23,115,,,,,
Total,,271,542,271,271,1355,,,,,
,,,,,,,,,,,
,,,,,,,,,,,
Cutting Matrix — Lot 61234,,,,,,,,,,,
Lot Number:,61234,Style:,FULL ZIPPER HOOD,,,,,,,,
Fabric:,UK LYCRA,Garment Type:,WINDCHEATER,,,,,,,,
,,,,,,,,,,,
Color,Cutting Table,M,L,XL,XXL,Total Pcs,,,,,
BLACK (GREY) [1],15,26,52,26,26,130,,,,,
GREY (BLACK) [1],15,26,52,26,26,130,,,,,
IVORY (BLACK) [1],15,26,52,26,26,130,,,,,
WHITE (WHITE) [1],15,26,52,26,26,130,,,,,
FAWN (WHITE) [1],15,26,52,26,26,130,,,,,
Total,,130,260,130,130,650,,,,,
,,,,,,,,,,,
,,,,,,,,,,,
Cutting Matrix — Lot 67048,,,,,,,,,,,
Lot Number:,67048,Style:,FULL ZIPPER COLLAR,,,,,,,,
Fabric:,Q#2,Garment Type:,TS - UPPER,,,,,,,,
,,,,,,,,,,,
Color,Cutting Table,M,L,XL,Total Pcs,,,,,,
D. GREY (WHITE) [2],9,52,52,26,130,,,,,,
BLACK (WHITE) [2],9,54,54,27,135,,,,,,
WHITE (BLACK) [2],9,54,54,27,135,,,,,,
ROYAL (WHITE) [1],9,26,26,13,65,,,,,,
NAVY (WHITE) [2],9,54,54,27,135,,,,,,
SKY (WHITE) [1],9,26,26,13,65,,,,,,
BLACK 2,9,54,54,27,135,,,,,,
Total,,320,320,160,800,,,,,,
,,,,,,,,,,,
,,,,,,,,,,,
Cutting Matrix — Lot 67049,,,,,,,,,,,
Lot Number:,67049,Style:,BOXY,,,,,,,,
Fabric:,Q#2,Garment Type:,TS - LOWER,,,,,,,,
,,,,,,,,,,,
Color,Cutting Table,M,L,XL,Total Pcs,,,,,,
D. GREY (WHITE) [2],9,52,52,26,130,,,,,,
BLACK (WHITE) [2],9,54,54,27,135,,,,,,
WHITE (BLACK) [2],9,54,54,27,135,,,,,,
ROYAL (WHITE) [1],9,26,26,13,65,,,,,,
NAVY (WHITE) [2],9,54,54,27,135,,,,,,
SKY (WHITE) [1],9,26,26,13,65,,,,,,
BLACK 2,9,54,54,27,135,,,,,,
Total,,320,320,160,800,,,,,,
,,,,,,,,,,,
,,,,,,,,,,,
Cutting Matrix — Lot 11810,,,,,,,,,,,
Lot Number:,11810,Style:,WINDCHEATER,,,,,,,,
Fabric:,UK LYCRA,Garment Type:,WINDCHEATER,,,,,,,,
,,,,,,,,,,,
Color,Cutting Table,M,L,XL,XXL,Total Pcs,,,,,
BLACK [2],8,52,52,26,26,156,,,,,
GREY [2],8,54,54,27,27,162,,,,,
D. MOUSE [2],8,52,52,26,26,156,,,,,
IVORY [2],8,52,52,26,26,156,,,,,
NAVY [2],8,52,52,26,26,156,,,,,
Total,,262,262,131,131,786,,,,,
,,,,,,,,,,,
,,,,,,,,,,,
Cutting Matrix — Lot 61273,,,,,,,,,,,
Lot Number:,61273,Style:,REGULAR,,,,,,,,
Fabric:,MH FLEECE,Garment Type:,LOWER,,,,,,,,
,,,,,,,,,,,
Color,Cutting Table,M,L,XL,2XL,3XL,4XL,5XL,Total Pcs,,
BLACK [4],2,24,24,12,12,12,6,6,96,,
15% [4],2,24,24,12,12,12,6,6,96,,
Total,,48,48,24,24,24,12,12,192,,
,,,,,,,,,,,
,,,,,,,,,,,
Cutting Matrix — Lot 61274,,,,,,,,,,,
Lot Number:,61274,Style:,REGULAR,,,,,,,,
Fabric:,MH FLEECE,Garment Type:,LOWER,,,,,,,,
,,,,,,,,,,,
Color,Cutting Table,M,L,XL,2XL,3XL,4XL,5XL,Total Pcs,,
BLACK [4],2,24,24,12,12,12,6,6,96,,
15% [4],2,24,24,12,12,12,6,6,96,,
Total,,48,48,24,24,24,12,12,192,,
,,,,,,,,,,,
,,,,,,,,,,,
Cutting Matrix — Lot 61275,,,,,,,,,,,
Lot Number:,61275,Style:,REGULAR,,,,,,,,
Fabric:,MH FLEECE,Garment Type:,LOWER,,,,,,,,
,,,,,,,,,,,
Color,Cutting Table,M,L,XL,2XL,3XL,4XL,5XL,Total Pcs,,
BLACK [4],2,24,24,12,12,12,6,6,96,,
15% [4],2,24,24,12,12,12,6,6,96,,
Total,,48,48,24,24,24,12,12,192,,
,,,,,,,,,,,
,,,,,,,,,,,
Cutting Matrix — Lot 11928,,,,,,,,,,,
Lot Number:,11928,Style:,FULL ZIPPER MONKEY HOODY,,,,,,,,
Fabric:,Q#20 PRINT,Garment Type:,WINDCHEATER,,,,,,,,
,,,,,,,,,,,
Color,Cutting Table,M,L,XL,2XL,Total Pcs,,,,,
BLACK [2],15,22,44,22,22,110,,,,,
WHITE [2],15,22,44,22,22,110,,,,,
OLIVE [2],15,22,44,22,22,110,,,,,
L.OLIVE [2],15,22,44,22,22,110,,,,,
BEIGE [2],15,22,44,22,22,110,,,,,
D.GREY [2],15,22,44,22,22,110,,,,,
GREY [2],15,22,44,22,22,110,,,,,
Total,,154,308,154,154,770,,,,,
,,,,,,,,,,,
,,,,,,,,,,,
Cutting Matrix — Lot 61286,,,,,,,,,,,
Lot Number:,61286,Style:,CROSS HODDIE,,,,,,,,
Fabric:,MH FLEECE,Garment Type:,TS - UPPER,,,,,,,,
,,,,,,,,,,,
Color,Cutting Table,M,L,XL,Total Pcs,,,,,,
NAVY [3],1,32,32,16,80,,,,,,
BLACK 1.5 [4],1,48,48,24,120,,,,,,
15% [3],1,32,32,16,80,,,,,,
LT. BEIGE [3],1,32,32,16,80,,,,,,
OLIVE 4451 [3],1,32,32,16,80,,,,,,
D. GREY [3],1,32,32,16,80,,,,,,
Total,,208,208,104,520,,,,,,
,,,,,,,,,,,
,,,,,,,,,,,
Cutting Matrix — Lot 61287,,,,,,,,,,,
Lot Number:,61287,Style:,BOXY,,,,,,,,
Fabric:,MH FLEECE,Garment Type:,TS - LOWER,,,,,,,,
,,,,,,,,,,,
Color,Cutting Table,M,L,XL,Total Pcs,,,,,,
NAVY [3],1,32,32,16,80,,,,,,
BLACK 1.5 [4],1,48,48,24,120,,,,,,
15% [3],1,32,32,16,80,,,,,,
LT. BEIGE [3],1,32,32,16,80,,,,,,
OLIVE 4451 [3],1,32,32,16,80,,,,,,
D. GREY [3],1,32,32,16,80,,,,,,
Total,,208,208,104,520,,,,,,
,,,,,,,,,,,
,,,,,,,,,,,
Cutting Matrix — Lot 62174,,,,,,,,,,,
Lot Number:,62174,Style:,HALF ZIP COLLAR,,,,,,,,
Fabric:,FANCY CLOTH MICKEY TT,Garment Type:,TS - UPPER,,,,,,,,
,,,,,,,,,,,
Color,Cutting Table,M,L,XL,2XL,Total Pcs,,,,,
BLACK [2],1,12,12,12,12,48,,,,,
D. OLIVE [2],1,12,12,12,12,48,,,,,
SILVER [2],1,12,12,12,12,48,,,,,
OFF WHITE [2],1,12,12,12,12,48,,,,,
NAVY [2],1,12,12,12,12,48,,,,,
GREY [2],1,12,12,12,12,48,,,,,
Total,,72,72,72,72,288,,,,,
,,,,,,,,,,,
,,,,,,,,,,,
Cutting Matrix — Lot 62175,,,,,,,,,,,
Lot Number:,62175,Style:,REGULAR,,,,,,,,
Fabric:,FANCY CLOTH MICKEY TT,Garment Type:,TS - LOWER,,,,,,,,
,,,,,,,,,,,
Color,Cutting Table,M,L,XL,2XL,Total Pcs,,,,,
BLACK [2],1,12,12,12,12,48,,,,,
D. OLIVE [2],1,12,12,12,12,48,,,,,
SILVER [2],1,12,12,12,12,48,,,,,
OFF WHITE [2],1,12,12,12,12,48,,,,,
NAVY [2],1,12,12,12,12,48,,,,,
GREY [2],1,12,12,12,12,48,,,,,
Total,,72,72,72,72,288,,,,,
,,,,,,,,,,,
,,,,,,,,,,,
Cutting Matrix — Lot 11915,,,,,,,,,,,
Lot Number:,11915,Style:,ZIPPER MONKEY HOODY,,,,,,,,
Fabric:,MH FLEECE,Garment Type:,SWEATSHIRT HOODIE,,,,,,,,
,,,,,,,,,,,
Color,Cutting Table,M,L,XL,2XL,3XL,4XL,5XL,Total Pcs,,
BLACK [7],10,26,52,26,26,20,20,10,180,,
WHITE [7],10,26,52,26,26,20,20,10,180,,
CREAM [7],10,26,52,26,26,18,18,9,175,,
LIGHT GREY [7],10,26,52,26,26,20,20,10,180,,
CAMEL [7],10,26,52,26,26,20,20,10,180,,
DARK GREY [7],10,26,52,26,26,20,20,10,180,,
LIGHT BEIGE(4414) [7],0,0,0,0,0,0,0,0,0,,
L.RUST [7],10,26,52,26,26,20,20,10,180,,
RED [7],10,26,52,26,26,20,20,10,180,,
SURF [7],10,26,52,26,26,24,24,12,190,,
NAVY,0,0,0,0,0,0,0,0,0,,
BLACK 1,10,26,52,26,26,24,24,12,190,,
Total,,260,520,260,260,206,206,103,1815,,
,,,,,,,,,,,
,,,,,,,,,,,
Cutting Matrix — Lot 76109,,,,,,,,,,,
Lot Number:,76109,Style:,BOXYFIT FULL SLEEVE SHIRT,,,,,,,,
Fabric:,OXFORD STRIPE,Garment Type:,SHIRT,,,,,,,,
,,,,,,,,,,,
Color,Cutting Table,M,L,XL,Total Pcs,,,,,,
ORANGE [2],16,68,68,34,170,,,,,,
GREEN [2],16,68,68,34,170,,,,,,
BLUE [2],16,68,68,34,170,,,,,,
BLACK [2],16,70,70,35,175,,,,,,
BEIGE [2],16,72,72,36,180,,,,,,
COFFEE [2],16,72,72,36,180,,,,,,
Total,,418,418,209,1045,,,,,,
,,,,,,,,,,,
,,,,,,,,,,,
Cutting Matrix — Lot 76110,,,,,,,,,,,
Lot Number:,76110,Style:,BOXY FIT FULL SLEEVE SHIRT,,,,,,,,
Fabric:,BERRY BLAST,Garment Type:,SHIRT,,,,,,,,
,,,,,,,,,,,
Color,Cutting Table,M,L,XL,Total Pcs,,,,,,
B.GREEN [2],6,62,62,31,155,,,,,,
BLACK [2],6,106,106,53,265,,,,,,
WHITE [2],6,60,60,30,150,,,,,,
SKY [2],6,76,76,38,190,,,,,,
GREY [2],6,50,50,25,125,,,,,,
CREAM [2],6,60,60,30,150,,,,,,
Total,,414,414,207,1035,,,,,,
,,,,,,,,,,,
,,,,,,,,,,,
Cutting Matrix — Lot 61300,,,,,,,,,,,
Lot Number:,61300,Style:,FULL ZIPPER (MONKEY HOOD),,,,,,,,
Fabric:,HNM DOBBY WAFFLE,Garment Type:,WINDCHEATER,,,,,,,,
,,,,,,,,,,,
Color,Cutting Table,M,L,XL,Total Pcs,,,,,,
COFFEE [1],15,24,24,12,60,,,,,,
OFF WHITE [1],15,24,24,12,60,,,,,,
CAMEL [1],15,24,24,12,60,,,,,,
BLACK [1],15,24,24,12,60,,,,,,
BEIGE [1],15,22,22,11,55,,,,,,
GREY [1],15,24,24,12,60,,,,,,
Total,,142,142,71,355,,,,,,
,,,,,,,,,,,
,,,,,,,,,,,
Cutting Matrix — Lot 62162,,,,,,,,,,,
Lot Number:,62162,Style:,FULL ZIPPER COLLAR,,,,,,,,
Fabric:,GS 5998 TWEED,Garment Type:,JACKET,,,,,,,,
,,,,,,,,,,,
Color,Cutting Table,M,L,XL,2XL,3XL,4XL,5XL,Total Pcs,,
KHAKHI [1],8,12,24,12,12,12,6,6,84,,
SUNTON [1],8,12,24,12,12,12,6,6,84,,
GREY [1],8,12,24,12,12,14,7,7,88,,
BLACK [1],8,12,24,12,12,14,7,7,88,,
NAVY [1],8,13,26,13,13,14,7,7,93,,
Total,,61,122,61,61,66,33,33,437,,
,,,,,,,,,,,
,,,,,,,,,,,
Cutting Matrix — Lot 62161,,,,,,,,,,,
Lot Number:,62161,Style:,FULL ZIPPER COLLAR,,,,,,,,
Fabric:,GS 5998 TWEED,Garment Type:,JACKET,,,,,,,,
,,,,,,,,,,,
Color,Cutting Table,M,L,XL,2XL,3XL,4XL,5XL,Total Pcs,,
KHAKHI [1],8,13,26,13,13,14,7,7,93,,
SUNTON [1],8,12,24,12,12,12,6,6,84,,
BLACK [1],8,13,26,13,13,14,7,7,93,,
NAVY [1],8,13,26,13,13,14,7,7,93,,
TAN [1],8,12,24,12,12,14,7,7,88,,
OFF WHITE [1],8,12,24,12,12,14,7,7,88,,
Total,,75,150,75,75,82,41,41,539,,
,,,,,,,,,,,
,,,,,,,,,,,
Cutting Matrix — Lot 11931,,,,,,,,,,,
Lot Number:,11931,Style:,FRONT PINTEX LOWER,,,,,,,,
Fabric:,TWILL TERRY,Garment Type:,TS - LOWER,,,,,,,,
,,,,,,,,,,,
Color,Cutting Table,M,L,XL,2XL,Total Pcs,,,,,
BLACK [2],12,22,44,22,22,110,,,,,
L.GREY [2],12,22,44,22,22,110,,,,,
BROWN [2],12,22,44,22,22,110,,,,,
D.GREY [2],12,22,44,22,22,110,,,,,
BEIGE [2],12,22,44,22,22,110,,,,,
BLACK 2,12,22,44,22,22,110,,,,,
STONE,12,22,44,22,22,110,,,,,
Total,,154,308,154,154,770,,,,,
,,,,,,,,,,,
,,,,,,,,,,,
Cutting Matrix — Lot 11930,,,,,,,,,,,
Lot Number:,11930,Style:,FULL ZIPPER MONKEY HOODY,,,,,,,,
Fabric:,TWILL TERRY,Garment Type:,TS - UPPER,,,,,,,,
,,,,,,,,,,,
Color,Cutting Table,M,L,XL,2XL,Total Pcs,,,,,
BLACK [2],12,22,44,22,22,110,,,,,
L.GREY [2],12,22,44,22,22,110,,,,,
BROWN [2],12,22,44,22,22,110,,,,,
D.GREY [2],12,22,44,22,22,110,,,,,
BEIGE [2],12,22,44,22,22,110,,,,,
BLACK 2,12,22,44,22,22,110,,,,,
STONE,12,22,44,22,22,110,,,,,
Total,,154,308,154,154,770,,,,,
,,,,,,,,,,,
,,,,,,,,,,,
Cutting Matrix — Lot 11934,,,,,,,,,,,
Lot Number:,11934,Style:,R/N SWEAT SHIRT,,,,,,,,
Fabric:,MH FLEECE,Garment Type:,SWEATSHIRT  R/N,,,,,,,,
,,,,,,,,,,,
Color,Cutting Table,S,M,L,XL,Total Pcs,,,,,
BLACK [4],10,26,52,52,26,156,,,,,
RED [4],10,25,50,50,25,150,,,,,
RUST [4],10,26,52,52,26,156,,,,,
CREAM [4],10,26,52,52,26,156,,,,,
DENIM BLUE [4],10,26,52,52,26,156,,,,,
LIGHT BEIGE [4],10,27,54,54,27,162,,,,,
OFF WHITE [4],2,25,50,50,25,150,,,,,
ROYAL [4],2,25,50,50,25,150,,,,,
BLACK 2,10,26,52,52,26,156,,,,,
Total,,232,464,464,232,1392,,,,,
,,,,,,,,,,,
Cutting Matrix — Lot 62168,,,,,,,,,,,
Lot Number:,62168,Style:,FULL ZIPPER COLLAR,,,,,,,,
Fabric:,FANCY CLOTH MICKEY TT,Garment Type:,TS - UPPER,,,,,,,,
,,,,,,,,,,,
Color,Cutting Table,M,L,XL,2XL,Total Pcs,,,,,
BLACK [1],2,12,12,12,12,48,,,,,
OFF WHITE [1],2,12,12,12,12,48,,,,,
BRICK RUST [1],2,12,12,12,12,48,,,,,
CHARCOAL [1],2,12,12,12,12,48,,,,,
D. TAN [1],2,12,12,12,12,48,,,,,
BLACK 2,2,12,12,12,12,48,,,,,
Total,,72,72,72,72,288,,,,,
,,,,,,,,,,,
,,,,,,,,,,,
Cutting Matrix — Lot 62169,,,,,,,,,,,
Lot Number:,62169,Style:,REGULAR FIT,,,,,,,,
Fabric:,FANCY CLOTH MICKEY TT,Garment Type:,TS - LOWER,,,,,,,,
,,,,,,,,,,,
Color,Cutting Table,M,L,XL,2XL,Total Pcs,,,,,
BLACK [1],2,12,12,12,12,48,,,,,
OFF WHITE [1],2,12,12,12,12,48,,,,,
BRICK RUST [1],2,12,12,12,12,48,,,,,
CHARCOAL [1],2,12,12,12,12,48,,,,,
D. TAN [1],2,12,12,12,12,48,,,,,
BLACK,2,12,12,12,12,48,,,,,
Total,,72,72,72,72,288,,,,,
,,,,,,,,,,,
,,,,,,,,,,,
Cutting Matrix — Lot 11919,,,,,,,,,,,
Lot Number:,11919,Style:,CROSS HODDIE,,,,,,,,
Fabric:,RFD FLEECE OUTSIDE ANTIFILLING,Garment Type:,SWEATSHIRT HOODIE,,,,,,,,
,,,,,,,,,,,
Color,Cutting Table,M,L,XL,Total Pcs,,,,,,
RFD WHITE [5],11,120,120,60,300,,,,,,
RFD OFF WHITE,11,120,120,60,300,,,,,,
RFD OFF WHITE 2,2,180,180,90,450,,,,,,
RFD OFF WHITE 3,2,180,180,90,450,,,,,,
RFD OFF WHITE 4,11,180,180,90,450,,,,,,
RFD OFF WHITE 5,4,60,60,30,150,,,,,,
RFD,4,60,60,30,150,,,,,,
RFD OFF WHITE 7,4,60,60,30,150,,,,,,
RFD OFF WHITE 1,4,60,60,30,150,,,,,,
RFD WHITE 2,4,60,60,30,150,,,,,,
RFD OFF WHITE 11,4,60,60,30,150,,,,,,
RFD OFF WHITE 12,11,180,180,90,450,,,,,,
Total,,1320,1320,660,3300,,,,,,
,,,,,,,,,,,
,,,,,,,,,,,
,,,,,,,,,,,
,,,,,,,,,,,
,,,,,,,,,,,
,,,,,,,,,,,
,,,,,,,,,,,
,,,,,,,,,,,
,,,,,,,,,,,
,,,,,,,,,,,
,,,,,,,,,,,
,,,,,,,,,,,
Cutting Matrix — Lot 62170,,,,,,,,,,,
Lot Number:,62170,Style:,FULL ZIPPER COLLAR,,,,,,,,
Fabric:,UK LYCRA,Garment Type:,TS - UPPER,,,,,,,,
,,,,,,,,,,,
Color,Cutting Table,M,L,XL,Total Pcs,,,,,,
BLACK (RED) [5],9,200,200,100,500,,,,,,
RED (BLACK) [2],9,60,60,30,150,,,,,,
WHITE (BLACK) [2],9,60,60,30,150,,,,,,
ROYAL (BLACK) [2],9,60,60,30,150,,,,,,
Total,,380,380,190,950,,,,,,
,,,,,,,,,,,
,,,,,,,,,,,
Cutting Matrix — Lot 11925,,,,,,,,,,,
Lot Number:,11925,Style:,SAME AS SAMPLE LOWER,,,,,,,,
Fabric:,Q20 PRINT,Garment Type:,TS - LOWER,,,,,,,,
,,,,,,,,,,,
Color,Cutting Table,M,L,XL,2XL,Total Pcs,,,,,
BLACK [2],8,28,56,28,28,140,,,,,
WHITE [2],8,27,54,27,27,135,,,,,
OLIVE [2],8,26,52,26,26,130,,,,,
L.OLIVE [2],8,27,54,27,27,135,,,,,
BEIGE [2],8,29,58,29,29,145,,,,,
D.GREY [2],8,28,56,28,28,140,,,,,
GREY [2],8,28,56,28,28,140,,,,,
Total,,193,386,193,193,965,,,,,
,,,,,,,,,,,
,,,,,,,,,,,
Cutting Matrix — Lot 11924,,,,,,,,,,,
Lot Number:,11924,Style:,T/NECK FULL ZIPPER,,,,,,,,
Fabric:,Q20 PRINT,Garment Type:,TS - UPPER,,,,,,,,
,,,,,,,,,,,
Color,Cutting Table,M,L,XL,2XL,Total Pcs,,,,,
BLACK [2],8,28,56,28,28,140,,,,,
WHITE [2],8,27,54,27,27,135,,,,,
OLIVE [2],8,26,52,26,26,130,,,,,
L.OLIVE [2],8,27,54,27,27,135,,,,,
BEIGE [2],8,29,58,29,29,145,,,,,
D.GREY [2],8,28,56,28,28,140,,,,,
GREY [2],8,28,56,28,28,140,,,,,
Total,,193,386,193,193,965,,,,,
,,,,,,,,,,,
,,,,,,,,,,,
Cutting Matrix — Lot 11926,,,,,,,,,,,
Lot Number:,11926,Style:,T/NECK FULL ZIPPER,,,,,,,,
Fabric:,Q#2,Garment Type:,TS - UPPER,,,,,,,,
,,,,,,,,,,,
Color,Cutting Table,M,L,XL,2XL,Total Pcs,,,,,
BLACK [2],8,26,52,26,26,130,,,,,
RED [2],8,28,56,28,28,140,,,,,
WHITE [2],8,25,50,25,25,125,,,,,
SKY [2],8,25,50,25,25,125,,,,,
GREEN [2],8,24,48,24,24,120,,,,,
L.GREY [2],8,25,50,25,25,125,,,,,
BLACK 2,8,16,32,16,16,80,,,,,
Total,,169,338,169,169,845,,,,,
,,,,,,,,,,,
,,,,,,,,,,,
Cutting Matrix — Lot 11927,,,,,,,,,,,
Lot Number:,11927,Style:,AS SAMPLE LOWER,,,,,,,,
Fabric:,Q#2,Garment Type:,TS - LOWER,,,,,,,,
,,,,,,,,,,,
Color,Cutting Table,M,L,XL,2XL,Total Pcs,,,,,
BLACK [2],8,26,52,26,26,130,,,,,
RED [2],8,28,56,28,28,140,,,,,
WHITE [2],8,25,50,25,25,125,,,,,
SKY [2],8,25,50,25,25,125,,,,,
GREEN [2],8,24,48,24,24,120,,,,,
L.GREY [2],8,25,50,25,25,125,,,,,
BLACK 1,8,16,32,16,16,80,,,,,
Total,,169,338,169,169,845,,,,,
,,,,,,,,,,,
,,,,,,,,,,,
Cutting Matrix — Lot 62171,,,,,,,,,,,
Lot Number:,62171,Style:,REGULAR,,,,,,,,
Fabric:,UK LYCRA,Garment Type:,TS - LOWER,,,,,,,,
,,,,,,,,,,,
Color,Cutting Table,M,L,XL,Total Pcs,,,,,,
BLACK (RED) [5],9,200,200,100,500,,,,,,
RED (BLACK) [2],9,60,60,30,150,,,,,,
WHITE (BLACK) [2],9,60,60,30,150,,,,,,
ROYAL (BLACK) [2],9,60,60,30,150,,,,,,
Total,,380,380,190,950,,,,,,
,,,,,,,,,,,
,,,,,,,,,,,
Cutting Matrix — Lot 76103,,,,,,,,,,,
Lot Number:,76103,Style:,BOXY FIT FULL SLEEVE SHIRT,,,,,,,,
Fabric:,PIN CHECK,Garment Type:,SHIRT,,,,,,,,
,,,,,,,,,,,
Color,Cutting Table,M,L,XL,Total Pcs,,,,,,
CAMEL [2],6,56,56,28,140,,,,,,
FEROZI [2],6,54,54,27,135,,,,,,
MEHROON [2],6,60,60,30,150,,,,,,
BLACK [2],6,52,52,26,130,,,,,,
SKY [2],6,54,54,27,135,,,,,,
ORANGE [2],6,56,56,28,140,,,,,,
Total,,332,332,166,830,,,,,,
,,,,,,,,,,,
,,,,,,,,,,,
Cutting Matrix — Lot 76104,,,,,,,,,,,
Lot Number:,76104,Style:,BOXY FIT FULL SLEEVE SHIRT,,,,,,,,
Fabric:,PIN CHECK,Garment Type:,SHIRT,,,,,,,,
,,,,,,,,,,,
Color,Cutting Table,M,L,XL,Total Pcs,,,,,,
COFFEE [2],16,54,54,27,135,,,,,,
ROYAL [2],16,58,58,29,145,,,,,,
TEAL [2],16,52,52,26,130,,,,,,
GAZARI [2],16,52,52,26,130,,,,,,
L.GREY [2],16,52,52,26,130,,,,,,
LEMON GOLD [2],16,58,58,29,145,,,,,,
Total,,326,326,163,815,,,,,,
,,,,,,,,,,,
,,,,,,,,,,,
,,,,,,,,,,,
,,,,,,,,,,,
,,,,,,,,,,,
,,,,,,,,,,,
,,,,,,,,,,,
,,,,,,,,,,,
,,,,,,,,,,,
,,,,,,,,,,,
,,,,,,,,,,,
,,,,,,,,,,,
,,,,,,,,,,,
,,,,,,,,,,,
,,,,,,,,,,,
Cutting Matrix — Lot 11913,,,,,,,,,,,
Lot Number:,11913,Style:,BOXY FIT CROSS POCKET WITH ZIP,,,,,,,,
Fabric:,MH FLEECE,Garment Type:,LOWER,,,,,,,,
,,,,,,,,,,,
Color,Cutting Table,M,L,XL,Total Pcs,,,,,,
BLACK [4],2,55,55,27,137,,,,,,
15% [4],2,52,52,26,130,,,,,,
LIGHT GREY [4],2,50,50,25,125,,,,,,
LIGHT BEIGE 4414 [4],2,52,52,26,130,,,,,,
WHITE [4],2,16,16,8,40,,,,,,
BLACK 2,2,55,55,28,138,,,,,,
Total,,280,280,140,700,,,,,,
,,,,,,,,,,,
Cutting Matrix — Lot 76105,,,,,,,,,,,
Lot Number:,76105,Style:,BOXY FIT FULL SLEEVE SHIRT,,,,,,,,
Fabric:,OXFORD STRIPE,Garment Type:,SHIRT,,,,,,,,
,,,,,,,,,,,
Color,Cutting Table,M,L,XL,Total Pcs,,,,,,
R.BLUE [2],6,64,64,32,160,,,,,,
SKY BLUE [2],6,60,60,30,150,,,,,,
SKY [1],6,26,26,13,65,,,,,,
Total,,150,150,75,375,,,,,,
,,,,,,,,,,,
,,,,,,,,,,,
Cutting Matrix — Lot 76112,,,,,,,,,,,
Lot Number:,76112,Style:,BOXY FIT FULL SLEEVE SHIRT,,,,,,,,
Fabric:,BERRY BLAST,Garment Type:,SHIRT,,,,,,,,
,,,,,,,,,,,
Color,Cutting Table,M,L,XL,Total Pcs,,,,,,
WHITE [1],16,28,28,14,70,,,,,,
SKY [1],16,26,26,13,65,,,,,,
BLACK [1],16,30,30,15,75,,,,,,
NAVY [1],16,30,30,15,75,,,,,,
CREAM [1],16,36,36,18,90,,,,,,
Total,,150,150,75,375,,,,,,
,,,,,,,,,,,
,,,,,,,,,,,
Cutting Matrix — Lot 11939,,,,,,,,,,,
Lot Number:,11939,Style:,ROUND KNECK SWEATSHIRT,,,,,,,,
Fabric:,RFD FLEECE OUTSIDE ANTIFILLING,Garment Type:,SWEATSHIRT  R/N,,,,,,,,
,,,,,,,,,,,
Color,Cutting Table,S,M,L,XL,Total Pcs,,,,,
RFD [6],1,30,60,60,30,180,,,,,
RFD 1,1,30,60,60,30,180,,,,,
RFD 2,1,30,60,60,30,180,,,,,
RFD CORD,1,30,60,60,30,180,,,,,
RFD CORD 2,1,30,60,60,30,180,,,,,
RFD 3,11,30,60,60,30,180,,,,,
RFD 4,11,30,60,60,30,180,,,,,
RFD 5,11,30,60,60,30,180,,,,,
RFD 6,11,30,60,60,30,180,,,,,
RFD 7,11,30,60,60,30,180,,,,,
Total,,300,600,600,300,1800,,,,,
,,,,,,,,,,,
,,,,,,,,,,,
Cutting Matrix — Lot 61290,,,,,,,,,,,
Lot Number:,61290,Style:,REGULAR,,,,,,,,
Fabric:,MH FLEECE,Garment Type:,LOWER,,,,,,,,
,,,,,,,,,,,
Color,Cutting Table,M,L,XL,2XL,3XL,4XL,5XL,Total Pcs,,
BLACK [4],4,30,30,15,15,14,14,7,125,,
15% [4],4,30,30,15,15,14,14,7,125,,
LT. GREY [4],4,30,30,15,15,18,18,9,135,,
LT. BEIGE [4],4,30,30,15,15,18,18,9,135,,
NAVY [4],4,30,30,15,15,16,16,8,130,,
OLIVE 4451 [4],4,30,30,15,15,14,14,7,125,,
BLACK 2,4,30,30,15,15,14,14,7,125,,
Total,,210,210,105,105,108,108,54,900,,
,,,,,,,,,,,
,,,,,,,,,,,
Cutting Matrix — Lot 61296,,,,,,,,,,,
Lot Number:,61296,Style:,FULL ZIPPER (MONKEY HOOD),,,,,,,,
Fabric:,D#8 & D#11,Garment Type:,WINDCHEATER,,,,,,,,
,,,,,,,,,,,
Color,Cutting Table,M,L,XL,Total Pcs,,,,,,
BLACK [1],15,22,22,11,55,,,,,,
FAWN [1],15,22,22,11,55,,,,,,
8 [1],15,22,22,11,55,,,,,,
4 [1],15,22,22,11,55,,,,,,
Total,,88,88,44,220,,,,,,
,,,,,,,,,,,
,,,,,,,,,,,
Cutting Matrix — Lot 62163,,,,,,,,,,,
Lot Number:,62163,Style:,FULL ZIPPER COLLAR,,,,,,,,
Fabric:,GS 5998 TWEED,Garment Type:,S/L JACKET,,,,,,,,
,,,,,,,,,,,
Color,Cutting Table,M,L,XL,2XL,Total Pcs,,,,,
KHAKHI [1],8,12,24,12,12,60,,,,,
SUNTON [1],8,12,24,12,12,60,,,,,
BLACK [1],8,12,24,12,12,60,,,,,
COFFEE [1],8,12,24,12,12,60,,,,,
NAVY [1],8,12,24,12,12,60,,,,,
Total,,60,120,60,60,300,,,,,
,,,,,,,,,,,
,,,,,,,,,,,
,,,,,,,,,,,
,,,,,,,,,,,
,,,,,,,,,,,
,,,,,,,,,,,
,,,,,,,,,,,
,,,,,,,,,,,
,,,,,,,,,,,
,,,,,,,,,,,
,,,,,,,,,,,
,,,,,,,,,,,
,,,,,,,,,,,
Cutting Matrix — Lot 76113,,,,,,,,,,,
Lot Number:,76113,Style:,REGULAR FIT,,,,,,,,
Fabric:,SHEMRY OXFORD,Garment Type:,SHIRT,,,,,,,,
,,,,,,,,,,,
Color,Cutting Table,M,L,XL,2XL,Total Pcs,,,,,
ORANGE [1],16,16,16,16,16,64,,,,,
B.GREEN [1],16,17,17,17,17,68,,,,,
CAMEL [1],16,17,17,17,17,68,,,,,
A.FORCE [1],16,16,16,16,16,64,,,,,
AQUA [1],16,15,15,15,15,60,,,,,
S.GREEN [1],16,17,17,17,17,68,,,,,
BLACK [1],16,18,18,18,18,72,,,,,
D.RED [1],16,15,15,15,15,60,,,,,
PINK [1],16,18,18,18,18,72,,,,,
WHITE [1],16,18,18,18,18,72,,,,,
Total,,167,167,167,167,668,,,,,
,,,,,,,,,,,
,,,,,,,,,,,
Cutting Matrix — Lot 11917,,,,,,,,,,,
Lot Number:,11917,Style:,BOXY FIT,,,,,,,,
Fabric:,MH FLEECE,Garment Type:,LOWER,,,,,,,,
,,,,,,,,,,,
Color,Cutting Table,M,L,XL,Total Pcs,,,,,,
BLACK [4],10,48,48,24,120,,,,,,
NAVY [4],10,54,54,27,135,,,,,,
OLIVE(3781) [4],10,52,52,26,130,,,,,,
WHITE (10 SET) [4],10,24,24,12,60,,,,,,
LT GREY [4],10,52,52,26,130,,,,,,
15% [4],10,52,52,26,130,,,,,,
BLACK 2,10,48,48,24,120,,,,,,
Total,,330,330,165,825,,,,,,
,,,,,,,,,,,
,,,,,,,,,,,
,,,,,,,,,,,
,,,,,,,,,,,
,,,,,,,,,,,
,,,,,,,,,,,
,,,,,,,,,,,
,,,,,,,,,,,
,,,,,,,,,,,
,,,,,,,,,,,
,,,,,,,,,,,
,,,,,,,,,,,
,,,,,,,,,,,
,,,,,,,,,,,
,,,,,,,,,,,
,,,,,,,,,,,
,,,,,,,,,,,
Cutting Matrix — Lot 11941,,,,,,,,,,,
Lot Number:,11941,Style:,R/N SWEAT SHIRT,,,,,,,,
Fabric:,MH FLEECE,Garment Type:,SWEATSHIRT  R/N,,,,,,,,
,,,,,,,,,,,
Color,Cutting Table,M,L,XL,Total Pcs,,,,,,
BLACK [4],1,50,50,25,125,,,,,,
OFF WHITE [4],1,50,50,25,125,,,,,,
CREAM [4],1,52,52,26,130,,,,,,
RUST [4],1,50,50,25,125,,,,,,
L.GREY [4],1,50,50,25,125,,,,,,
R.GREEN [4],1,52,52,26,130,,,,,,
15% [4],1,50,50,25,125,,,,,,
BLACK2,1,52,52,26,130,,,,,,
Total,,406,406,203,1015,,,,,,
,,,,,,,,,,,
,,,,,,,,,,,
Cutting Matrix — Lot 76111,,,,,,,,,,,
Lot Number:,76111,Style:,BOXY FIT FULL SLEEVE SHIRT,,,,,,,,
Fabric:,SHEMRY OXFORD,Garment Type:,SHIRT,,,,,,,,
,,,,,,,,,,,
Color,Cutting Table,M,L,XL,Total Pcs,,,,,,
BLACK (L.GREY) [2],6,62,62,31,155,,,,,,
L.SKY (WHITE) [2],6,56,56,28,140,,,,,,
L.GREY (BLACK) [2],6,62,62,31,155,,,,,,
WHITE (ROYAL) [2],6,58,58,29,145,,,,,,
RTOYAL (WHITE) [2],6,64,64,32,160,,,,,,
D.SKY (WHITE) [2],6,60,60,30,150,,,,,,
PINK (WHITE) [2],6,60,60,30,150,,,,,,
Total,,422,422,211,1055,,,,,,
,,,,,,,,,,,
,,,,,,,,,,,
Cutting Matrix — Lot 11946,,,,,,,,,,,
Lot Number:,11946,Style:,BOXY FIT LOWER,,,,,,,,
Fabric:,RFD FLEECE OUTSIDE ANTIFILLING,Garment Type:,LOWER,,,,,,,,
,,,,,,,,,,,
Color,Cutting Table,M,L,XL,Total Pcs,,,,,,
RFD [5],2,60,60,30,150,,,,,,
RFD 2,2,60,60,30,150,,,,,,
RFD 3,2,60,60,30,150,,,,,,
RFD 4,2,60,60,30,150,,,,,,
Total,,240,240,120,600,,,,,,
,,,,,,,,,,,
,,,,,,,,,,,
Cutting Matrix — Lot 62173,,,,,,,,,,,
Lot Number:,62173,Style:,FULL ZIPPER COLLAR,,,,,,,,
Fabric:,UK LYCRA,Garment Type:,WINDCHEATER,,,,,,,,
,,,,,,,,,,,
Color,Cutting Table,M,L,XL,Total Pcs,,,,,,
BLACK (WHITE) [1],15,28,28,14,70,,,,,,
RED (NAVY) [1],15,28,28,14,70,,,,,,
ROYAL (WHITE) [1],15,28,28,14,70,,,,,,
L. GREY (M. GREY) [1],15,28,28,14,70,,,,,,
WHITE (BLACK) [1],15,28,28,14,70,,,,,,
Total,,140,140,70,350,,,,,,
,,,,,,,,,,,
,,,,,,,,,,,
Cutting Matrix — Lot 62164,,,,,,,,,,,
Lot Number:,62164,Style:,FULL ZIPPER COLLAR,,,,,,,,
Fabric:,GS 5998 TWEED,Garment Type:,S/L JACKET,,,,,,,,
,,,,,,,,,,,
Color,Cutting Table,M,L,XL,2XL,3XL,4XL,5XL,Total Pcs,,
TAN [1],8,12,24,12,12,14,7,7,88,,
KHAKHI [1],8,12,24,12,12,12,6,6,84,,
BLACK [1],8,12,24,12,12,12,6,6,84,,
SUNTON [1],8,12,24,12,12,12,6,6,84,,
NAVY [1],8,12,24,12,12,12,6,6,84,,
Total,,60,120,60,60,62,31,31,424,,
,,,,,,,,,,,
,,,,,,,,,,,
Cutting Matrix — Lot 73080,,,,,,,,,,,
Lot Number:,73080,Style:,FANCY BUCKLE JACKET,,,,,,,,
Fabric:,CORDROY -58,Garment Type:,JACKET,,,,,,,,
,,,,,,,,,,,
Color,Cutting Table,M,L,XL,2XL,Total Pcs,,,,,
OLIVE,12,12,24,12,12,60,,,,,
KHAKHI,12,11,22,11,11,55,,,,,
GREY,12,12,24,12,12,60,,,,,
BLUE,12,12,24,12,12,60,,,,,
MOUSE,12,12,24,12,12,60,,,,,
Total,,59,118,59,59,295,,,,,
,,,,,,,,,,,
,,,,,,,,,,,
Cutting Matrix — Lot 76115,,,,,,,,,,,
Lot Number:,76115,Style:,REGULAR FIT,,,,,,,,
Fabric:,BERRY BLAST,Garment Type:,SHIRT,,,,,,,,
,,,,,,,,,,,
Color,Cutting Table,M,L,XL,2XL,Total Pcs,,,,,
BLACK [2],16,23,47,23,23,116,,,,,
NAVY [2],16,27,58,27,27,139,,,,,
WHITE [2],16,28,59,28,28,143,,,,,
BEIGE (CREAM) [2],16,24,48,24,24,120,,,,,
Total,,102,212,102,102,518,,,,,
,,,,,,,,,,,
,,,,,,,,,,,
Cutting Matrix — Lot 11940,,,,,,,,,,,
Lot Number:,11940,Style:,R/N SWEAT SHIRT,,,,,,,,
Fabric:,MH FLEECE,Garment Type:,SWEATSHIRT  R/N,,,,,,,,
,,,,,,,,,,,
Color,Cutting Table,M,L,XL,Total Pcs,,,,,,
15% [4],2,50,50,25,125,,,,,,
ROYAL [4],2,50,50,25,125,,,,,,
RED [4],2,58,58,29,145,,,,,,
OFF WHITE [4],2,58,58,29,145,,,,,,
CREAM [4],2,50,50,25,125,,,,,,
BLACK [4],2,58,58,29,145,,,,,,
L.BEIGE [4],2,58,58,29,145,,,,,,
BLACK 2,2,58,58,29,145,,,,,,
Total,,440,440,220,1100,,,,,,
,,,,,,,,,,,
Cutting Matrix — Lot 11914,,,,,,,,,,,
Lot Number:,11914,Style:,OPEN BELT LOWER,,,,,,,,
Fabric:,MH FLEECE,Garment Type:,LOWER,,,,,,,,
,,,,,,,,,,,
Color,Cutting Table,M,L,XL,2XL,Total Pcs,,,,,
BLACK [4],11,26,52,26,26,130,,,,,
15% [4],11,26,52,26,26,130,,,,,
LIGHT GRAY [4],11,26,52,26,26,130,,,,,
LIGHT BEIGE 4414 [4],11,25,50,25,25,125,,,,,
COFFEE [4],11,25,50,25,25,125,,,,,
black 2,11,25,50,25,25,125,,,,,
Total,,153,306,153,153,765,,,,,
,,,,,,,,,,,
,,,,,,,,,,,
Cutting Matrix — Lot 11948,,,,,,,,,,,
Lot Number:,11948,Style:,BOXY FIT LOWER,,,,,,,,
Fabric:,RFD FLEECE OUTSIDE ANTIFILLING,Garment Type:,LOWER,,,,,,,,
,,,,,,,,,,,
Color,Cutting Table,M,L,XL,Total Pcs,,,,,,
RFD [5],1,120,120,60,300,,,,,,
RFD CORD 2,1,120,120,60,300,,,,,,
Total,,240,240,120,600,,,,,,
,,,,,,,,,,,
,,,,,,,,,,,
Cutting Matrix — Lot 11950,,,,,,,,,,,
Lot Number:,11950,Style:,CROSS HODDIE,,,,,,,,
Fabric:,RFD FLEECE OUTSIDE ANTIFILLING,Garment Type:,SWEATSHIRT HOODIE,,,,,,,,
,,,,,,,,,,,
Color,Cutting Table,M,L,XL,Total Pcs,,,,,,
RFD [6],1,60,60,30,150,,,,,,
RFD CORD 2,1,60,60,30,150,,,,,,
RFD CORD,1,60,60,30,150,,,,,,
Total,,180,180,90,450,,,,,,
,,,,,,,,,,,
,,,,,,,,,,,
Cutting Matrix — Lot 11929,,,,,,,,,,,
Lot Number:,11929,Style:,HALF ZIPPER T- NECK COLLAR,,,,,,,,
Fabric:,JORDAN CRUSH,Garment Type:,WINDCHEATER,,,,,,,,
,,,,,,,,,,,
Color,Cutting Table,M,L,XL,Total Pcs,,,,,,
AQUA [2],15,52,52,26,130,,,,,,
ICE BLUE [2],15,52,52,26,130,,,,,,
OFF WHITE [2],15,52,52,26,130,,,,,,
RED [2],15,52,52,26,130,,,,,,
BLACK [2],15,52,52,26,130,,,,,,
BEIGE [2],15,52,52,26,130,,,,,,
TOM GREEN [2],15,52,52,26,130,,,,,,
Total,,364,364,182,910,,,,,,
,,,,,,,,,,,
,,,,,,,,,,,
Cutting Matrix — Lot 76114,,,,,,,,,,,
Lot Number:,76114,Style:,BOXYFIT FULL SLEEVE SHIRT,,,,,,,,
Fabric:,CORDUROY-58,Garment Type:,SHIRT,,,,,,,,
,,,,,,,,,,,
Color,Cutting Table,M,L,XL,Total Pcs,,,,,,
CREAM [2],6,50,50,25,125,,,,,,
TAN [2],6,50,50,25,125,,,,,,
BLACK [2],6,48,48,24,120,,,,,,
OLIVE [2],6,50,50,25,125,,,,,,
AIRFORCE [2],6,44,44,22,110,,,,,,
PISTA [2],6,48,48,24,120,,,,,,
Total,,290,290,145,725,,,,,,
,,,,,,,,,,,
,,,,,,,,,,,
Cutting Matrix — Lot 11933,,,,,,,,,,,
Lot Number:,11933,Style:,BOXY FIT LOWER,,,,,,,,
Fabric:,MH FLEECE,Garment Type:,LOWER,,,,,,,,
,,,,,,,,,,,
Color,Cutting Table,M,L,XL,Total Pcs,,,,,,
BLACK [8],2,80,80,40,200,,,,,,
LT BEIGE (4414) [4],2,52,52,26,130,,,,,,
MOUSE [4],2,54,54,27,135,,,,,,
LT GREY [4],2,52,52,26,130,,,,,,
15% [4],2,56,56,28,140,,,,,,
OFF WHITE [2],2,54,54,27,135,,,,,,
Total,,348,348,174,870,,,,,,
,,,,,,,,,,,
,,,,,,,,,,,
Cutting Matrix — Lot 11949,,,,,,,,,,,
Lot Number:,11949,Style:,CROSS HODDIE,,,,,,,,
Fabric:,MH FLEECE,Garment Type:,SWEATSHIRT HOODIE,,,,,,,,
,,,,,,,,,,,
Color,Cutting Table,M,L,XL,Total Pcs,,,,,,
BLACK [4],4,44,44,22,110,,,,,,
CEMENT [4],4,42,42,21,105,,,,,,
15% [4],4,42,42,21,105,,,,,,
LIGHT OLIVE [4],4,42,42,21,105,,,,,,
BLACK 1,4,44,44,22,110,,,,,,
Total,,214,214,107,535,,,,,,
,,,,,,,,,,,
,,,,,,,,,,,
Cutting Matrix — Lot 11945,,,,,,,,,,,
Lot Number:,11945,Style:,NORMAL ZIPPER HOODY,,,,,,,,
Fabric:,RFD FLEECE OUTSIDE ANTIFILLING,Garment Type:,SWEATSHIRT HOODIE,,,,,,,,
,,,,,,,,,,,
Color,Cutting Table,S,M,L,XL,Total Pcs,,,,,
RFD [6],2,30,60,60,30,180,,,,,
RFD,2,30,60,60,30,180,,,,,
RFD 1,2,30,60,60,30,180,,,,,
RFD CORD 2,1,30,60,60,30,180,,,,,
RFD CORD,1,30,60,60,30,180,,,,,
RFD CORD 5,1,30,60,60,30,180,,,,,
RFD CORD 4,1,30,60,60,30,180,,,,,
RFD CORD 3,4,30,60,60,30,180,,,,,
RFD CORD 6,4,30,60,60,30,180,,,,,
RFD CORD 7,4,30,60,60,30,180,,,,,
RFD CORD 9,4,30,60,60,30,180,,,,,
Total,,330,660,660,330,1980,,,,,
,,,,,,,,,,,
,,,,,,,,,,,
Cutting Matrix — Lot 76119,,,,,,,,,,,
Lot Number:,76119,Style:,BOXY FIT WITHOUT POCKET,,,,,,,,
Fabric:,OXFORD STRIPE,Garment Type:,SHIRT,,,,,,,,
,,,,,,,,,,,
Color,Cutting Table,M,L,XL,Total Pcs,,,,,,
RED [2],16,32,34,16,82,,,,,,
L.GREY [2],16,32,33,16,81,,,,,,
C.GREEN [2],16,32,32,16,80,,,,,,
WHITE [2],16,36,38,18,92,,,,,,
LEMON [2],16,34,35,17,86,,,,,,
SKY [2],16,32,32,16,80,,,,,,
D.GREY [2],16,30,31,15,76,,,,,,
BEIGE [2],16,36,38,18,92,,,,,,
BLUE [2],16,36,40,18,94,,,,,,
Total,,300,313,150,763,,,,,,
,,,,,,,,,,,
,,,,,,,,,,,
Cutting Matrix — Lot 76117,,,,,,,,,,,
Lot Number:,76117,Style:,BOXY FIT FULL SLEEVE,,,,,,,,
Fabric:,OXFORD STRIPE,Garment Type:,SHIRT,,,,,,,,
,,,,,,,,,,,
Color,Cutting Table,M,L,XL,Total Pcs,,,,,,
ORANGE [1],6,32,32,16,80,,,,,,
GREEN [1],6,34,34,17,85,,,,,,
SKY [1],6,34,34,17,85,,,,,,
COFFEE [1],6,34,34,17,85,,,,,,
BLACK [1],6,32,32,16,80,,,,,,
BEIGE [1],6,34,34,17,85,,,,,,
Total,,200,200,100,500,,,,,,
,,,,,,,,,,,
,,,,,,,,,,,
Cutting Matrix — Lot 11964,,,,,,,,,,,
Lot Number:,11964,Style:,BOXY FIT COLLAR,,,,,,,,
Fabric:,RFD WAFLE,Garment Type:,T-SHIRT COLLAR,,,,,,,,
,,,,,,,,,,,
Color,Cutting Table,M,L,XL,Total Pcs,,,,,,
RFD [10],2,144,144,72,360,,,,,,
Total,,144,144,72,360,,,,,,
,,,,,,,,,,,
,,,,,,,,,,,
Cutting Matrix — Lot 76116,,,,,,,,,,,
Lot Number:,76116,Style:,BOXY FIT FULL SLEEVE,,,,,,,,
Fabric:,OXFORD STRIPE,Garment Type:,SHIRT,,,,,,,,
,,,,,,,,,,,
Color,Cutting Table,M,L,XL,Total Pcs,,,,,,
NAVY [1],2,32,32,16,80,,,,,,
SKY [1],2,32,32,16,80,,,,,,
CAMEL [1],2,32,32,16,80,,,,,,
PINK [1],2,34,34,17,85,,,,,,
L.GREY [1],2,34,34,17,85,,,,,,
MEHROON [1],2,34,34,17,85,,,,,,
Total,,198,198,99,495,,,,,,
,,,,,,,,,,,
,,,,,,,,,,,
Cutting Matrix — Lot 76120,,,,,,,,,,,
Lot Number:,76120,Style:,BOXT FIT WITOUT POCKET,,,,,,,,
Fabric:,OXFORD STRIPE,Garment Type:,SHIRT,,,,,,,,
,,,,,,,,,,,
Color,Cutting Table,M,L,XL,Total Pcs,,,,,,
BLACK [2],4,32,32,16,80,,,,,,
BEIGE [2],4,32,32,16,80,,,,,,
PINK [2],4,32,32,16,80,,,,,,
SKY [2],4,30,30,15,75,,,,,,
L.GREY [2],4,32,32,16,80,,,,,,
WHITE [2],4,36,36,18,90,,,,,,
ROYAL [2],4,32,32,16,80,,,,,,
WINE [2],4,32,32,16,80,,,,,,
PISTA [2],4,32,32,16,80,,,,,,
Total,,290,290,145,725,,,,,,
,,,,,,,,,,,
,,,,,,,,,,,
Cutting Matrix — Lot 62078,,,,,,,,,,,
Lot Number:,62078,Style:,FULL ZIPPER HOOD,,,,,,,,
Fabric:,UK LYCRA,Garment Type:,WINDCHEATER,,,,,,,,
,,,,,,,,,,,
Color,Cutting Table,M,L,XL,XXL,Total Pcs,,,,,
L. FAWN [1],9,13,26,13,13,65,,,,,
BLACK [1],9,13,26,13,13,65,,,,,
D. MOUSE [1],9,13,26,13,13,65,,,,,
SAGA [1],9,13,26,13,13,65,,,,,
RED [1],9,13,26,13,13,65,,,,,
BLACK 1,9,13,26,13,13,65,,,,,
Total,,78,156,78,78,390,,,,,
,,,,,,,,,,,
,,,,,,,,,,,
Cutting Matrix — Lot 10042,,,,,,,,,,,
Lot Number:,10042,Style:,ROUNDNECK,,,,,,,,
Fabric:,SINKER,Garment Type:,T-SHIRT R/N,,,,,,,,
,,,,,,,,,,,
Color,Cutting Table,MIX,Total Pcs,,,,,,,,
MEHROON [1],,149,149,,,,,,,,
Total,,149,149,,,,,,,,
,,,,,,,,,,,
,,,,,,,,,,,
Cutting Matrix — Lot 10043,,,,,,,,,,,
Lot Number:,10043,Style:,ROUNDNECK,,,,,,,,
Fabric:,SINKER,Garment Type:,T-SHIRT R/N,,,,,,,,
,,,,,,,,,,,
Color,Cutting Table,MIX,Total Pcs,,,,,,,,
CREAM [1],,92,92,,,,,,,,
Total,,92,92,,,,,,,,
,,,,,,,,,,,
,,,,,,,,,,,
Cutting Matrix — Lot 10044,,,,,,,,,,,
Lot Number:,10044,Style:,ROUNDNECK,,,,,,,,
Fabric:,SINKER,Garment Type:,T-SHIRT R/N,,,,,,,,
,,,,,,,,,,,
Color,Cutting Table,MIX,Total Pcs,,,,,,,,
SKY BLUE [1],,139,139,,,,,,,,
Total,,139,139,,,,,,,,
,,,,,,,,,,,
,,,,,,,,,,,
Cutting Matrix — Lot 10045,,,,,,,,,,,
Lot Number:,10045,Style:,ROUNDNECK,,,,,,,,
Fabric:,SINKER,Garment Type:,T-SHIRT R/N,,,,,,,,
,,,,,,,,,,,
Color,Cutting Table,MIX,Total Pcs,,,,,,,,
GREEN [1],,77,77,,,,,,,,
Total,,77,77,,,,,,,,
,,,,,,,,,,,
,,,,,,,,,,,
Cutting Matrix — Lot 10046,,,,,,,,,,,
Lot Number:,10046,Style:,ROUNDNECK,,,,,,,,
Fabric:,SINKER,Garment Type:,T-SHIRT R/N,,,,,,,,
,,,,,,,,,,,
Color,Cutting Table,MIX,Total Pcs,,,,,,,,
D BLUE [1],,90,90,,,,,,,,
Total,,90,90,,,,,,,,
,,,,,,,,,,,
,,,,,,,,,,,
,,,,,,,,,,,
,,,,,,,,,,,
,,,,,,,,,,,
,,,,,,,,,,,
,,,,,,,,,,,
,,,,,,,,,,,
,,,,,,,,,,,
,,,,,,,,,,,
,,,,,,,,,,,
,,,,,,,,,,,
,,,,,,,,,,,
,,,,,,,,,,,
,,,,,,,,,,,
,,,,,,,,,,,
,,,,,,,,,,,
,,,,,,,,,,,
,,,,,,,,,,,
,,,,,,,,,,,
,,,,,,,,,,,
,,,,,,,,,,,
,,,,,,,,,,,
,,,,,,,,,,,
Cutting Matrix — Lot 10001,,,,,,,,,,,
Lot Number:,10001,Style:,ROUNDNECK,,,,,,,,
Fabric:,HEAVY COTTON,Garment Type:,T-SHIRT,,,,,,,,
,,,,,,,,,,,
Color,Cutting Table,MIX SIZE,Total Pcs,,,,,,,,
COFFEE,,20,20,,,,,,,,
RANI,,20,20,,,,,,,,
OLIVE,,20,20,,,,,,,,
Total,,60,60,,,,,,,,
,,,,,,,,,,,
,,,,,,,,,,,
Cutting Matrix — Lot 10002,,,,,,,,,,,
Lot Number:,10002,Style:,ROUNDNECK,,,,,,,,
Fabric:,SLUB LYCRA,Garment Type:,T-SHIRT,,,,,,,,
,,,,,,,,,,,
Color,Cutting Table,MIX SIZE,Total Pcs,,,,,,,,
NEON GREEN,,115,115,,,,,,,,
YELLOW,,115,115,,,,,,,,
ORANGE,,115,115,,,,,,,,
RED,,115,115,,,,,,,,
NAVY,,115,115,,,,,,,,
CEMENT,,116,116,,,,,,,,
Total,,691,691,,,,,,,,
,,,,,,,,,,,
,,,,,,,,,,,
Cutting Matrix — Lot 10003,,,,,,,,,,,
Lot Number:,10003,Style:,CORDSET,,,,,,,,
Fabric:,HEAVY COTTON,Garment Type:,TRACK SUIT,,,,,,,,
,,,,,,,,,,,
Color,Cutting Table,MIX SIZE,Total Pcs,,,,,,,,
BLACK,,70,70,,,,,,,,
WHITE,,70,70,,,,,,,,
RED,,70,70,,,,,,,,
MOVE,,79,79,,,,,,,,
Total,,289,289,,,,,,,,
,,,,,,,,,,,
,,,,,,,,,,,
Cutting Matrix — Lot 10004,,,,,,,,,,,
Lot Number:,10004,Style:,CORDSET,,,,,,,,
Fabric:,HEAVY COTTON,Garment Type:,TRACK SUIT,,,,,,,,
,,,,,,,,,,,
Color,Cutting Table,MIX SIZE,Total Pcs,,,,,,,,
BLACK,,72,72,,,,,,,,
WHITE,,72,72,,,,,,,,
RED,,72,72,,,,,,,,
MOVE,,73,73,,,,,,,,
Total,,289,289,,,,,,,,
,,,,,,,,,,,
,,,,,,,,,,,
Cutting Matrix — Lot 11944,,,,,,,,,,,
Lot Number:,11944,Style:,FULL ZIPPER MONKEY HOODY,,,,,,,,
Fabric:,ROCKWOOD,Garment Type:,SWEATSHIRT HOODIE,,,,,,,,
,,,,,,,,,,,
Color,Cutting Table,M,L,XL,2XL,Total Pcs,,,,,
BLACK (LEAF) [4],8,24,48,24,24,120,,,,,
SILVER (BLACK) [4],8,24,48,24,24,120,,,,,
CHOCALATE (FAWN) [4],8,28,56,28,28,140,,,,,
FAWN (LEAF) [4],8,24,48,24,24,120,,,,,
LEAF (STONE(5995)) [4],8,26,52,26,26,130,,,,,
B.GREEN (FAWN) [4],8,26,52,26,26,130,,,,,
BLACK (SILVER) [4],8,22,44,22,22,110,,,,,
Total,,174,348,174,174,870,,,,,
,,,,,,,,,,,
,,,,,,,,,,,
Cutting Matrix — Lot 11918,,,,,,,,,,,
Lot Number:,11918,Style:,BOXY FIT,,,,,,,,
Fabric:,MH FLEECE,Garment Type:,LOWER,,,,,,,,
,,,,,,,,,,,
Color,Cutting Table,M,L,XL,Total Pcs,,,,,,
BLACK [4],1,52,52,26,130,,,,,,
15% [4],1,50,50,25,125,,,,,,
CEMENT [4],1,40,40,20,100,,,,,,
DARK GREY [4],1,50,50,25,125,,,,,,
LT BEIGE(4414) [4],1,42,42,21,105,,,,,,
BLACK 2,1,52,52,26,130,,,,,,
Total,,286,286,143,715,,,,,,
,,,,,,,,,,,
Cutting Matrix — Lot 11938,,,,,,,,,,,
Lot Number:,11938,Style:,FULL ZIPPER (MONKEY HOOD),,,,,,,,
Fabric:,Q#2,Garment Type:,WINDCHEATER,,,,,,,,
,,,,,,,,,,,
Color,Cutting Table,M,L,XL,2XL,Total Pcs,,,,,
BLACK [2],15,15,30,30,15,90,,,,,
GREY [2],15,15,30,30,15,90,,,,,
Total,,30,60,60,30,180,,,,,
,,,,,,,,,,,
,,,,,,,,,,,
Cutting Matrix — Lot 11937,,,,,,,,,,,
Lot Number:,11937,Style:,FULL ZIPPER (MONKEY HOOD),,,,,,,,
Fabric:,Q#2,Garment Type:,WINDCHEATER,,,,,,,,
,,,,,,,,,,,
Color,Cutting Table,M,L,XL,2XL,Total Pcs,,,,,
BLACK [2],15,15,30,30,15,90,,,,,
GREY [2],15,15,30,30,15,90,,,,,
Total,,30,60,60,30,180,,,,,
,,,,,,,,,,,
,,,,,,,,,,,
Cutting Matrix — Lot 11936,,,,,,,,,,,
Lot Number:,11936,Style:,FULL ZIPPER (MONKEY HOOD),,,,,,,,
Fabric:,Q#2,Garment Type:,WINDCHEATER,,,,,,,,
,,,,,,,,,,,
Color,Cutting Table,M,L,XL,2XL,Total Pcs,,,,,
BLACK [2],15,15,30,30,15,90,,,,,
GREY [2],15,15,30,30,15,90,,,,,
Total,,30,60,60,30,180,,,,,
,,,,,,,,,,,
,,,,,,,,,,,
Cutting Matrix — Lot 11935,,,,,,,,,,,
Lot Number:,11935,Style:,FULL ZIPPER (MONKEY HOOD),,,,,,,,
Fabric:,Q#2,Garment Type:,WINDCHEATER,,,,,,,,
,,,,,,,,,,,
Color,Cutting Table,M,L,XL,2XL,Total Pcs,,,,,
BLACK [2],15,15,30,30,15,90,,,,,
GREY [2],15,15,30,30,15,90,,,,,
Total,,30,60,60,30,180,,,,,
,,,,,,,,,,,
,,,,,,,,,,,
Cutting Matrix — Lot 66002,,,,,,,,,,,
Lot Number:,66002,Style:,FULL ZIPPER HOOD,,,,,,,,
Fabric:,Q#2,Garment Type:,WINDCHEATER,,,,,,,,
,,,,,,,,,,,
Color,Cutting Table,M,L,XL,2XL,Total Pcs,,,,,
BLACK [1],12,10,20,10,6,46,,,,,
WHITE [1],12,11,22,11,5,49,,,,,
SILVER [1],12,10,20,10,5,45,,,,,
MOUSE [1],12,11,22,11,6,50,,,,,
NAVY [1],12,10,20,10,6,46,,,,,
RED (HALF) [1],12,6,12,6,3,27,,,,,
Total,,58,116,58,31,263,,,,,
,,,,,,,,,,,
,,,,,,,,,,,
Cutting Matrix — Lot 11947,,,,,,,,,,,
Lot Number:,11947,Style:,BOXY FIT LOWER,,,,,,,,
Fabric:,RFD FLEECE OUTSIDE ANTIFILLING,Garment Type:,LOWER,,,,,,,,
,,,,,,,,,,,
Color,Cutting Table,M,L,XL,Total Pcs,,,,,,
RFD [5],10,56,56,28,140,,,,,,
RFD 1,10,60,60,30,150,,,,,,
RFD 2,10,60,60,30,150,,,,,,
RFD 3,10,60,60,30,150,,,,,,
Total,,236,236,118,590,,,,,,
,,,,,,,,,,,
,,,,,,,,,,,
Cutting Matrix — Lot 62179,,,,,,,,,,,
Lot Number:,62179,Style:,S/L CARGO,,,,,,,,
Fabric:,CROCODILE LEATHER,Garment Type:,S/L JACKET,,,,,,,,
,,,,,,,,,,,
Color,Cutting Table,M,L,XL,Total Pcs,,,,,,
BLACK [3],15,50,50,25,125,,,,,,
TAN [3],15,50,50,25,125,,,,,,
BROWN [3],15,50,50,25,125,,,,,,
BLACK2,15,50,50,25,125,,,,,,
Total,,200,200,100,500,,,,,,
,,,,,,,,,,,
,,,,,,,,,,,
Cutting Matrix — Lot 11943,,,,,,,,,,,
Lot Number:,11943,Style:,FULL ZIPPER MONKEY HOODY,,,,,,,,
Fabric:,SOUTH POLE TT,Garment Type:,SWEATSHIRT HOODIE,,,,,,,,
,,,,,,,,,,,
Color,Cutting Table,M,L,XL,2XL,Total Pcs,,,,,
BLACK (MOUSE) [4],8,23,46,23,23,115,,,,,
MOUSE (BLACK) [4],8,23,46,23,23,115,,,,,
COFFEE (FAWN) [4],8,22,44,22,22,110,,,,,
SILVER (BLACK) [4],8,22,44,22,22,110,,,,,
LEAF (FAWN) [4],8,19,38,19,19,95,,,,,
GREY (BLACK) [4],8,19,38,19,19,95,,,,,
FAWN (COFFEE) [4],8,19,38,19,19,95,,,,,
B.GREEN (MOUSE) [4],8,23,46,23,23,115,,,,,
BLACK (LEAF) [4],8,23,46,23,23,115,,,,,
Total,,193,386,193,193,965,,,,,
,,,,,,,,,,,
,,,,,,,,,,,
Cutting Matrix — Lot 10047,,,,,,,,,,,
Lot Number:,10047,Style:,SWEATSHIRT,,,,,,,,
Fabric:,MH FLEECE,Garment Type:,SWEATSHIRT,,,,,,,,
,,,,,,,,,,,
Color,Cutting Table,22,24,26,28,30,32,34,36,38,Total Pcs
CREAM [1],,25,25,25,25,25,25,25,25,25,225
Total,,25,25,25,25,25,25,25,25,25,225
,,,,,,,,,,,
,,,,,,,,,,,
Cutting Matrix — Lot 10048,,,,,,,,,,,
Lot Number:,10048,Style:,SWEATSHIRT,,,,,,,,
Fabric:,MH FLEECE,Garment Type:,SWEATSHIRT,,,,,,,,
,,,,,,,,,,,
Color,Cutting Table,S,M,L,XL,Total Pcs,,,,,
NAVY [1],,20,20,20,11,71,,,,,
MUSTARD [1],,0,0,0,0,0,,,,,
OLIVE [1],,15,15,15,24,69,,,,,
WINE [1],,20,20,20,11,71,,,,,
L.GREY [1],,0,0,0,0,0,,,,,
Total,,55,55,55,46,211,,,,,
,,,,,,,,,,,
,,,,,,,,,,,
Cutting Matrix — Lot 76122,,,,,,,,,,,
Lot Number:,76122,Style:,BOXY FIT SHIRT,,,,,,,,
Fabric:,OXFORD STRIPE,Garment Type:,SHIRT,,,,,,,,
,,,,,,,,,,,
Color,Cutting Table,M,L,XL,Total Pcs,,,,,,
MOUSE [2],6,58,58,29,145,,,,,,
BLACK [2],6,60,60,30,150,,,,,,
ROYAL [2],6,66,66,33,165,,,,,,
ORANGE [2],6,58,58,29,145,,,,,,
LEMON [2],6,58,58,29,145,,,,,,
B.GREEN [2],6,60,60,30,150,,,,,,
Total,,360,360,180,900,,,,,,
,,,,,,,,,,,
,,,,,,,,,,,
Cutting Matrix — Lot 76121,,,,,,,,,,,
Lot Number:,76121,Style:,BOXY FIT SHIRT,,,,,,,,
Fabric:,CORDUROY,Garment Type:,SHIRT,,,,,,,,
,,,,,,,,,,,
Color,Cutting Table,M,L,XL,Total Pcs,,,,,,
CREAM [2],16,48,48,24,120,,,,,,
PEACH [2],16,46,46,23,115,,,,,,
BISCUIT [2],16,48,48,24,120,,,,,,
O.GREEN [2],16,48,48,24,120,,,,,,
RED [2],16,50,50,25,125,,,,,,
Total,,240,240,120,600,,,,,,
,,,,,,,,,,,
,,,,,,,,,,,
Cutting Matrix — Lot 11952,,,,,,,,,,,
Lot Number:,11952,Style:,BOXY FIT CROSS HOODY,,,,,,,,
Fabric:,RFD FLEECE OUTSIDE ANTIFILLING,Garment Type:,SWEATSHIRT HOODIE,,,,,,,,
,,,,,,,,,,,
Color,Cutting Table,M,L,XL,Total Pcs,,,,,,
RFD [6],2,70,70,35,175,,,,,,
RFD 2,2,70,70,35,175,,,,,,
RFD 3,2,70,70,35,175,,,,,,
RFD 4,2,70,70,35,175,,,,,,
RFD 5,2,70,70,35,175,,,,,,
RFD 6,4,70,70,35,175,,,,,,
RFD 7,4,70,70,35,175,,,,,,
RFD 8,4,70,70,35,175,,,,,,
RFD 9,4,70,70,35,175,,,,,,
RFD10,4,70,70,35,175,,,,,,
Total,,700,700,350,1750,,,,,,
,,,,,,,,,,,
,,,,,,,,,,,
,,,,,,,,,,,
,,,,,,,,,,,
,,,,,,,,,,,
,,,,,,,,,,,
,,,,,,,,,,,
,,,,,,,,,,,
,,,,,,,,,,,
,,,,,,,,,,,
Cutting Matrix — Lot 73083,,,,,,,,,,,
Lot Number:,73083,Style:,ZARA LEATHER BUCKLE JACKET,,,,,,,,
Fabric:,BUBBLE TT LEATHER,Garment Type:,JACKET,,,,,,,,
,,,,,,,,,,,
Color,Cutting Table,M,L,XL,Total Pcs,,,,,,
BLACK [4],15,46,46,23,115,,,,,,
BROWN [2],15,22,22,11,55,,,,,,
COFFEE [2],15,24,24,12,60,,,,,,
Total,,92,92,46,230,,,,,,
,,,,,,,,,,,
,,,,,,,,,,,
Cutting Matrix — Lot 10049,,,,,,,,,,,
Lot Number:,10049,Style:,T-SHIRT,,,,,,,,
Fabric:,MIX,Garment Type:,T-SHIRT,,,,,,,,
,,,,,,,,,,,
Color,Cutting Table,MIX,Total Pcs,,,,,,,,
BLACK [1],,40,40,,,,,,,,
COFFEE [1],,40,40,,,,,,,,
WINE [1],,40,40,,,,,,,,
Total,,120,120,,,,,,,,
,,,,,,,,,,,
,,,,,,,,,,,
Cutting Matrix — Lot 10050,,,,,,,,,,,
Lot Number:,10050,Style:,T-SHIRT,,,,,,,,
Fabric:,MIX,Garment Type:,T-SHIRT,,,,,,,,
,,,,,,,,,,,
Color,Cutting Table,MIX,Total Pcs,,,,,,,,
BEIGE [80],,80,80,,,,,,,,
BLACK [85],,85,85,,,,,,,,
Total,,165,165,,,,,,,,
,,,,,,,,,,,
,,,,,,,,,,,
Cutting Matrix — Lot 10051,,,,,,,,,,,
Lot Number:,10051,Style:,LOWER,,,,,,,,
Fabric:,MIX,Garment Type:,LOWER,,,,,,,,
,,,,,,,,,,,
Color,Cutting Table,MIX,Total Pcs,,,,,,,,
MIX [264],,264,264,,,,,,,,
Total,,264,264,,,,,,,,
,,,,,,,,,,,
,,,,,,,,,,,
Cutting Matrix — Lot 11951,,,,,,,,,,,
Lot Number:,11951,Style:,BOXY FIT R/N SWEATSHIRT,,,,,,,,
Fabric:,RFD FLEECE OUTSIDE ANTIFILLING,Garment Type:,SWEATSHIRT  R/N,,,,,,,,
,,,,,,,,,,,
Color,Cutting Table,M,L,XL,Total Pcs,,,,,,
RFD [5],13,70,70,35,175,,,,,,
RFD 2,13,70,70,35,175,,,,,,
RFD 3,13,70,70,35,175,,,,,,
RFD 5,13,70,70,35,175,,,,,,
RFD 4,13,40,40,20,100,,,,,,
RFD 7,13,30,30,15,75,,,,,,
RFD 8,14,70,70,35,175,,,,,,
RFD 9,14,70,70,35,175,,,,,,
RFD 10,14,70,70,35,175,,,,,,
RFD 11,14,70,70,35,175,,,,,,
RFD 13,14,70,70,35,175,,,,,,
RFD 12,0,0,0,0,0,,,,,,
Total,,700,700,350,1750,,,,,,
,,,,,,,,,,,
,,,,,,,,,,,
Cutting Matrix — Lot 11942,,,,,,,,,,,
Lot Number:,11942,Style:,FULL ZIPPER MONKEY HOODY,,,,,,,,
Fabric:,GS 5995 PRINT,Garment Type:,SWEATSHIRT HOODIE,,,,,,,,
,,,,,,,,,,,
Color,Cutting Table,M,L,XL,2XL,Total Pcs,,,,,
FAWN (CHOCLATE(5938)) [4],9,24,48,24,24,120,,,,,
GREY (STONE (5995)) [4],9,24,48,24,24,120,,,,,
TAN (BLACK(5995)) [4],9,24,48,24,24,120,,,,,
BLACK (LEAF) [4],9,24,48,24,24,120,,,,,
BLACK (STONE(5995)) [4],9,24,48,24,24,120,,,,,
STONE (LEAF(ROCKWOOD)) [4],9,24,48,24,24,120,,,,,
Total,,144,288,144,144,720,,,,,
,,,,,,,,,,,
,,,,,,,,,,,
Cutting Matrix — Lot 11973,,,,,,,,,,,
Lot Number:,11973,Style:,LOWER,,,,,,,,
Fabric:,MH FLEECE,Garment Type:,LOWER,,,,,,,,
,,,,,,,,,,,
Color,Cutting Table,M,L,XL,2XL,Total Pcs,,,,,
15% (CONTRAST BELT) [4],16,26,52,26,26,130,,,,,
BLACK [4],16,26,52,26,26,130,,,,,
NAVY [4],16,26,52,26,26,130,,,,,
WHITE [4],16,26,52,26,26,130,,,,,
Total,,104,208,104,104,520,,,,,
,,,,,,,,,,,
,,,,,,,,,,,
Cutting Matrix — Lot 67034,,,,,,,,,,,
Lot Number:,67034,Style:,WINDECHEATER,,,,,,,,
Fabric:,CLASSIC CRUSH,Garment Type:,WINDCHEATER,,,,,,,,
,,,,,,,,,,,
Color,Cutting Table,M,L,XL,2XL,Total Pcs,,,,,
BLACK [2],12,10,20,20,10,60,,,,,
FAWN [2],12,10,20,20,10,60,,,,,
COFFEE [2],12,10,20,20,10,60,,,,,
BLACK 2,12,10,20,20,10,60,,,,,
Total,,40,80,80,40,240,,,,,
,,,,,,,,,,,
,,,,,,,,,,,
Cutting Matrix — Lot 11932,,,,,,,,,,,
Lot Number:,11932,Style:,BOXY FIT LOWER,,,,,,,,
Fabric:,MH FLEECE,Garment Type:,LOWER,,,,,,,,
,,,,,,,,,,,
Color,Cutting Table,M,L,XL,Total Pcs,,,,,,
BLACK [8],14,52,52,26,130,,,,,,
LT BEIGE(4414) [4],14,52,52,26,130,,,,,,
CEMENT [4],14,48,48,24,120,,,,,,
OFF WHITE [2],14,20,20,10,50,,,,,,
LT GREY [4],14,50,50,25,125,,,,,,
15% [4],14,48,48,24,120,,,,,,
BLACK 2,14,52,52,26,130,,,,,,
Total,,322,322,161,805,,,,,,
,,,,,,,,,,,
Cutting Matrix — Lot 11958,,,,,,,,,,,
Lot Number:,11958,Style:,JOGGER LOWER,,,,,,,,
Fabric:,MH FLEECE,Garment Type:,LOWER,,,,,,,,
,,,,,,,,,,,
Color,Cutting Table,M,L,XL,2XL,Total Pcs,,,,,
BLACK [4],13,19,39,19,19,96,,,,,
15% [4],13,20,42,20,20,102,,,,,
WHITE [4],13,19,40,19,19,97,,,,,
LT.BEIGE [4],13,19,38,19,19,95,,,,,
CEMENT,13,20,40,20,20,100,,,,,
LT. OLIVE [4],13,19,40,19,19,97,,,,,
DK GREY [4],13,18,36,18,18,90,,,,,
LT.GREY [4],0,0,0,0,0,0,,,,,
BLACK 2,13,19,38,19,19,95,,,,,
Total,,153,313,153,153,772,,,,,
,,,,,,,,,,,
,,,,,,,,,,,
,,,,,,,,,,,
,,,,,,,,,,,
,,,,,,,,,,,
,,,,,,,,,,,
,,,,,,,,,,,
,,,,,,,,,,,
,,,,,,,,,,,
,,,,,,,,,,,
,,,,,,,,,,,
,,,,,,,,,,,
,,,,,,,,,,,
,,,,,,,,,,,
Cutting Matrix — Lot 11968,,,,,,,,,,,
Lot Number:,11968,Style:,CROSS HODDIE,,,,,,,,
Fabric:,PRINT FLEECE**,Garment Type:,SWEATSHIRT HOODIE,,,,,,,,
,,,,,,,,,,,
Color,Cutting Table,M,L,XL,2XL,Total Pcs,,,,,
CREAM [4],1,22,44,22,22,110,,,,,
BROWN [4],1,23,46,23,23,115,,,,,
D.GREY [4],1,19,38,19,19,95,,,,,
KHAKHI [4],1,20,40,20,20,100,,,,,
Total,,84,168,84,84,420,,,,,
,,,,,,,,,,,
,,,,,,,,,,,
Cutting Matrix — Lot 62166,,,,,,,,,,,
Lot Number:,62166,Style:,FULL ZIPPER COLLAR,,,,,,,,
Fabric:,CORDUROY-58,Garment Type:,JACKET,,,,,,,,
,,,,,,,,,,,
Color,Cutting Table,M,L,XL,Total Pcs,,,,,,
BLUE [1],9,42,42,21,105,,,,,,
MOUSE [1],9,46,46,23,115,,,,,,
GREY [1],9,46,46,23,115,,,,,,
KHAKHI [1],9,40,40,20,100,,,,,,
OLIVE [1],9,46,46,23,115,,,,,,
Total,,220,220,110,550,,,,,,
,,,,,,,,,,,
,,,,,,,,,,,
Cutting Matrix — Lot 76124,,,,,,,,,,,
Lot Number:,76124,Style:,SHIRT,,,,,,,,
Fabric:,OXFORD STRIPE,Garment Type:,SHIRT,,,,,,,,
,,,,,,,,,,,
Color,Cutting Table,M,L,XL,2XL,Total Pcs,,,,,
OLIVE [2],6,32,64,32,32,160,,,,,
MOUSE [2],6,34,68,34,34,170,,,,,
BLACK [2],6,31,62,31,31,155,,,,,
ROYAL [2],6,34,68,34,34,170,,,,,
L.GREY [2],6,35,70,35,35,175,,,,,
ORANGE [2],6,33,66,33,33,165,,,,,
WINE [2],6,30,60,30,30,150,,,,,
PINK [2],6,31,62,31,31,155,,,,,
LEMON [2],6,29,58,29,29,145,,,,,
B.GREEN [2],6,32,64,32,32,160,,,,,
SKY [2],6,32,64,32,32,160,,,,,
FEROZZI [2],6,32,64,32,32,160,,,,,
Total,,385,770,385,385,1925,,,,,
,,,,,,,,,,,
,,,,,,,,,,,
Cutting Matrix — Lot 11953,,,,,,,,,,,
Lot Number:,11953,Style:,BOXY FIT HOODY ZIPPER,,,,,,,,
Fabric:,RFD FLEECE OUTSIDE ANTIFILLING,Garment Type:,SWEATSHIRT HOODIE,,,,,,,,
,,,,,,,,,,,
Color,Cutting Table,M,L,XL,Total Pcs,,,,,,
RFD [6],1,70,70,35,175,,,,,,
RFD 2,1,70,70,35,175,,,,,,
RFD 3,1,70,70,35,175,,,,,,
RFD 5,1,70,70,35,175,,,,,,
RFD 4,1,70,70,35,175,,,,,,
RFD 6,10,70,70,35,175,,,,,,
RFD 7,10,70,70,35,175,,,,,,
RFD 8,10,70,70,35,175,,,,,,
RFD 9,10,70,70,35,175,,,,,,
RFD 10,10,70,70,35,175,,,,,,
RFD 11,10,10,10,5,25,,,,,,
Total,,710,710,355,1775,,,,,,
,,,,,,,,,,,
,,,,,,,,,,,
Cutting Matrix — Lot 11976,,,,,,,,,,,
Lot Number:,11976,Style:,HALF ZIPPER HOODY SWEATSHIRT,,,,,,,,
Fabric:,FULL WELL,Garment Type:,SWEATSHIRT HOODIE,,,,,,,,
,,,,,,,,,,,
Color,Cutting Table,M,L,XL,2XL,Total Pcs,,,,,
BLACK [4],11,20,40,20,20,100,,,,,
BEIGE [4],11,20,40,20,20,100,,,,,
WINE [4],11,20,40,20,20,100,,,,,
B.GREEN [4],11,20,40,20,20,100,,,,,
CAMEL [4],11,20,40,20,20,100,,,,,
TAMBACOO [4],11,20,40,20,20,100,,,,,
Total,,120,240,120,120,600,,,,,
,,,,,,,,,,,
,,,,,,,,,,,
Cutting Matrix — Lot 11972,,,,,,,,,,,
Lot Number:,11972,Style:,FULL ZIPPER COLLAR,,,,,,,,
Fabric:,KAMINO CLOTH,Garment Type:,SWEATSHIRT COLLAR,,,,,,,,
,,,,,,,,,,,
Color,Cutting Table,M,L,XL,2XL,Total Pcs,,,,,
BLACK (D.BROWN) [4],2,30,60,30,30,150,,,,,
BEIGE (OLIVE) [4],2,30,60,30,30,150,,,,,
D.BROWN (BEIGE) [4],2,30,60,30,30,150,,,,,
OLIVE (BLACK) [4],2,30,60,30,30,150,,,,,
COFFEE (BEIGE) [4],2,30,60,30,30,150,,,,,
BLACK (BEIGE),2,30,60,30,30,150,,,,,
Total,,180,360,180,180,900,,,,,
,,,,,,,,,,,
,,,,,,,,,,,
Cutting Matrix — Lot 11965,,,,,,,,,,,
Lot Number:,11965,Style:,REGANOUR SLEEVE SELF BAJU,,,,,,,,
Fabric:,WAFFLE KNIT,Garment Type:,T-SHIRT R/N,,,,,,,,
,,,,,,,,,,,
Color,Cutting Table,S,M,L,Total Pcs,,,,,,
BLACK [3],14,40,40,20,100,,,,,,
OFF WHITE [3],14,40,40,20,100,,,,,,
Total,,80,80,40,200,,,,,,
,,,,,,,,,,,
,,,,,,,,,,,
Cutting Matrix — Lot 11967,,,,,,,,,,,
Lot Number:,11967,Style:,REGUNAOR SLEEVE COLLAR CONTRAST,,,,,,,,
Fabric:,WAFFLE KNIT,Garment Type:,T-SHIRT COLLAR,,,,,,,,
,,,,,,,,,,,
Color,Cutting Table,S,M,L,Total Pcs,,,,,,
BLACK [3],14,40,40,20,100,,,,,,
OFF WHITE [3],14,40,40,20,100,,,,,,
Total,,80,80,40,200,,,,,,
,,,,,,,,,,,
,,,,,,,,,,,
Cutting Matrix — Lot 11966,,,,,,,,,,,
Lot Number:,11966,Style:,BOXY FIT T-SHIRT SIMPLE,,,,,,,,
Fabric:,WAFFLE KNIT,Garment Type:,T-SHIRT R/N,,,,,,,,
,,,,,,,,,,,
Color,Cutting Table,S,M,L,Total Pcs,,,,,,
BLACK [3],14,44,44,22,110,,,,,,
WHITE [3],14,44,44,22,110,,,,,,
Total,,88,88,44,220,,,,,,
,,,,,,,,,,,
,,,,,,,,,,,
Cutting Matrix — Lot 11903,,,,,,,,,,,
Lot Number:,11903,Style:,BOXY FIT DOCTOR SLEEVE,,,,,,,,
Fabric:,WAFFLE KNIT,Garment Type:,T-SHIRT R/N,,,,,,,,
,,,,,,,,,,,
Color,Cutting Table,S,M,L,Total Pcs,,,,,,
BLACK [6],14,44,44,22,110,,,,,,
WHITE [6],14,44,44,22,110,,,,,,
Total,,88,88,44,220,,,,,,
,,,,,,,,,,,
,,,,,,,,,,,
Cutting Matrix — Lot 11911,,,,,,,,,,,
Lot Number:,11911,Style:,R/N REGUNOAR SLEEVE,,,,,,,,
Fabric:,WAFFLE KNIT,Garment Type:,T-SHIRT R/N,,,,,,,,
,,,,,,,,,,,
Color,Cutting Table,S,M,L,Total Pcs,,,,,,
BLACK [3],14,40,40,20,100,,,,,,
WHITE [3],14,40,40,20,100,,,,,,
Total,,80,80,40,200,,,,,,
,,,,,,,,,,,
,,,,,,,,,,,
Cutting Matrix — Lot 11974,,,,,,,,,,,
Lot Number:,11974,Style:,JOGGER LOWER,,,,,,,,
Fabric:,FANCY CLOTH MICKEY TT,Garment Type:,JOGGER,,,,,,,,
,,,,,,,,,,,
Color,Cutting Table,M,L,XL,2XL,Total Pcs,,,,,
BLACK (D.GRAY UK LYCRA) [3],16,26,52,26,26,130,,,,,
OFF WHITE (COFFEE) [3],16,24,48,24,24,120,,,,,
OLIVE (L.GREY) [3],16,24,48,24,24,120,,,,,
GREY (D GREY N) [3],16,22,44,22,22,110,,,,,
FAWN (BLACK) [3],16,20,40,20,20,100,,,,,
DEEP NAVY (L.GREY) [3],16,26,52,26,26,130,,,,,
Total,,142,284,142,142,710,,,,,
,,,,,,,,,,,
,,,,,,,,,,,
Cutting Matrix — Lot 62172,,,,,,,,,,,
Lot Number:,62172,Style:,FULL ZIPPER (MONKEY HOOD),,,,,,,,
Fabric:,MH FLEECE & CAMO PRINT,Garment Type:,SWEATSHIRT,,,,,,,,
,,,,,,,,,,,
Color,Cutting Table,M,L,XL,Total Pcs,,,,,,
BLACK [2],11,24,24,24,72,,,,,,
15% [2],11,26,26,26,78,,,,,,
CAMO A [2],11,24,24,12,60,,,,,,
CAMO B [2],11,24,24,12,60,,,,,,
Total,,98,98,74,270,,,,,,
,,,,,,,,,,,
,,,,,,,,,,,
Cutting Matrix — Lot 11978,,,,,,,,,,,
Lot Number:,11978,Style:,BOXY FIT T NECK COLLAR FULL ZIPPER,,,,,,,,
Fabric:,Q#2,Garment Type:,WINDCHEATER,,,,,,,,
,,,,,,,,,,,
Color,Cutting Table,M,L,XL,Total Pcs,,,,,,
BLACK (M GREY   WHITE) [3],9,60,60,30,150,,,,,,
RED (NAVY    L GREY) [3],9,60,60,30,150,,,,,,
ROYAL (WHITE     NAVY) [3],9,60,60,30,150,,,,,,
M GREY (BLACK     WHITE) [3],9,60,60,30,150,,,,,,
Total,,240,240,120,600,,,,,,
,,,,,,,,,,,
,,,,,,,,,,,
Cutting Matrix — Lot 73086,,,,,,,,,,,
Lot Number:,73086,Style:,LEATHER JACKET,,,,,,,,
Fabric:,BUBBLE TT LEATHER,Garment Type:,JACKET,,,,,,,,
,,,,,,,,,,,
Color,Cutting Table,S,M,L,XL,Total Pcs,,,,,
BLACK [6],8,33,66,66,33,198,,,,,
BROWN [6],8,32,64,64,32,192,,,,,
TAN [6],8,34,68,68,34,204,,,,,
CAMEL (ON STAR CLOTH) [6],8,32,64,64,32,192,,,,,
BLACK 2,8,35,70,70,35,210,,,,,
Total,,166,332,332,166,996,,,,,
,,,,,,,,,,,
,,,,,,,,,,,
Cutting Matrix — Lot 73088,,,,,,,,,,,
Lot Number:,73088,Style:,LEATHER JACKET,,,,,,,,
Fabric:,CHERRY TT LEATHER,Garment Type:,JACKET,,,,,,,,
,,,,,,,,,,,
Color,Cutting Table,S,M,L,XL,Total Pcs,,,,,
COFFEE [6],15,31,62,62,31,186,,,,,
BLACK [6],15,32,64,64,32,192,,,,,
L TAN [6],15,31,62,62,31,186,,,,,
D TAN [6],15,31,62,62,31,186,,,,,
OLIVE [6],15,32,64,64,32,192,,,,,
L.FAWN [6],15,30,60,60,30,180,,,,,
BLACK 2,15,31,62,62,31,186,,,,,
Total,,218,436,436,218,1308,,,,,
,,,,,,,,,,,
,,,,,,,,,,,
Cutting Matrix — Lot 11975,,,,,,,,,,,
Lot Number:,11975,Style:,JOGGER LOWER,,,,,,,,
Fabric:,FANCY CLOTH MICKEY TT,Garment Type:,JOGGER,,,,,,,,
,,,,,,,,,,,
Color,Cutting Table,M,L,XL,2XL,Total Pcs,,,,,
BLACK (D.GREY UK LYCRA) [3],6,24,48,24,24,120,,,,,
OFF WHITE (BLACK) [3],6,24,48,24,24,120,,,,,
GREEN (L.GEY) [3],6,22,44,22,22,110,,,,,
D.GREY (GREY) [3],6,24,48,24,24,120,,,,,
D.TAN (BLACK) [3],6,24,48,24,24,120,,,,,
BRICK (L.GREY) [3],6,24,48,24,24,120,,,,,
Total,,142,284,142,142,710,,,,,
,,,,,,,,,,,
,,,,,,,,,,,
Cutting Matrix — Lot 76125,,,,,,,,,,,
Lot Number:,76125,Style:,BOXY FIT,,,,,,,,
Fabric:,D# DOT LINE SINGLE J.K,Garment Type:,SHIRT,,,,,,,,
,,,,,,,,,,,
Color,Cutting Table,M,L,XL,Total Pcs,,,,,,
OLIVE [2],16,40,40,20,100,,,,,,
BROWN [2],16,38,38,19,95,,,,,,
MOUSE [2],16,38,38,19,95,,,,,,
KHAKHI [2],16,38,38,19,95,,,,,,
BLACK [2],16,28,28,14,70,,,,,,
WHITE [2],16,38,38,19,95,,,,,,
Total,,220,220,110,550,,,,,,
,,,,,,,,,,,
,,,,,,,,,,,
Cutting Matrix — Lot 11977,,,,,,,,,,,
Lot Number:,11977,Style:,LOWER,,,,,,,,
Fabric:,FULL WELL,Garment Type:,LOWER,,,,,,,,
,,,,,,,,,,,
Color,Cutting Table,M,L,XL,2XL,Total Pcs,,,,,
BLACK [4],11,20,40,20,20,100,,,,,
BEIGE [4],11,22,44,22,22,110,,,,,
WINE [4],11,24,48,24,24,120,,,,,
B.GREEN [4],11,20,40,20,20,100,,,,,
CAMEL [4],11,20,40,20,20,100,,,,,
TAMBACOO [4],11,18,36,18,18,90,,,,,
Total,,124,248,124,124,620,,,,,
,,,,,,,,,,,
,,,,,,,,,,,
Cutting Matrix — Lot 62178,,,,,,,,,,,
Lot Number:,62178,Style:,FULL ZIPPER COLLAR,,,,,,,,
Fabric:,CROCODILE LEATHER,Garment Type:,S/L JACKET,,,,,,,,
,,,,,,,,,,,
Color,Cutting Table,S,M,L,XL,Total Pcs,,,,,
BLACK [2],12,15,30,15,15,75,,,,,
TAN [2],12,14,28,14,14,70,,,,,
BROWN [2],12,14,28,14,14,70,,,,,
CHERRY [2],12,14,28,14,14,70,,,,,
BLACK 2,12,14,28,14,14,70,,,,,
Total,,71,142,71,71,355,,,,,
,,,,,,,,,,,
,,,,,,,,,,,
Cutting Matrix — Lot 11916,,,,,,,,,,,
Lot Number:,11916,Style:,ZIPPER MONKEY HOODY,,,,,,,,
Fabric:,MH FLEECE,Garment Type:,SWEATSHIRT HOODIE,,,,,,,,
,,,,,,,,,,,
Color,Cutting Table,M,L,XL,2XL,3XL,4XL,5XL,Total Pcs,,
BLACK [8],1,30,60,30,30,20,10,10,190,,
LT BEIGE(4414) [8],1,30,60,30,30,20,10,10,190,,
DENIM [8],1,30,60,30,30,20,10,10,190,,
WHITE [8],1,30,60,30,30,20,10,10,190,,
LT GREY [8],1,30,60,30,30,20,10,10,190,,
OLIVE(4451) [8],1,30,60,30,30,20,10,10,190,,
BLACK 2,1,30,60,30,30,20,10,10,190,,
Total,,210,420,210,210,140,70,70,1330,,
,,,,,,,,,,,
,,,,,,,,,,,
Cutting Matrix — Lot 73087,,,,,,,,,,,
Lot Number:,73087,Style:,COLLAR ZIPPER JACKET,,,,,,,,
Fabric:,ONSTAR TT LEATHER,Garment Type:,JACKET,,,,,,,,
,,,,,,,,,,,
Color,Cutting Table,S,M,L,XL,Total Pcs,,,,,
D.COFFEE [6],8,29,58,58,29,174,,,,,
BLACK [6],8,30,60,60,30,180,,,,,
CAMEL [6],8,29,58,58,29,174,,,,,
TAN (BUBBLE TT CLOTH) [6],8,30,60,60,30,180,,,,,
BLACK2,8,31,62,62,31,186,,,,,
Total,,149,298,298,149,894,,,,,
,,,,,,,,,,,
,,,,,,,,,,,
Cutting Matrix — Lot 11980,,,,,,,,,,,
Lot Number:,11980,Style:,HALF ZIPPER HODDY,,,,,,,,
Fabric:,FULL WELL,Garment Type:,SWEATSHIRT HOODIE,,,,,,,,
,,,,,,,,,,,
Color,Cutting Table,M,L,XL,2XL,Total Pcs,,,,,
BLACK [4],14,20,40,20,20,100,,,,,
BEIGE [4],14,21,42,21,21,105,,,,,
WINE [4],14,20,40,20,20,100,,,,,
B.GREEN [4],14,19,38,19,19,95,,,,,
CAMEL [4],14,19,38,19,19,95,,,,,
TAMBACOO [4],14,21,42,21,21,105,,,,,
Total,,120,240,120,120,600,,,,,
,,,,,,,,,,,
,,,,,,,,,,,
Cutting Matrix — Lot 67042,,,,,,,,,,,
Lot Number:,67042,Style:,REGULAR,,,,,,,,
Fabric:,MH FLEECE,Garment Type:,TS-LOWER,,,,,,,,
,,,,,,,,,,,
Color,Cutting Table,M,L,XL,Total Pcs,,,,,,
LT. BEIGE (BLACK) [2],14,24,24,24,72,,,,,,
MOUSE (BLACK) [2],14,24,24,24,72,,,,,,
LT. GREY (BLACK) [2],14,24,24,24,72,,,,,,
BLACK (LT. BEIGE) [2],14,24,24,24,72,,,,,,
BLACK (LT. GREY) [2],14,24,24,24,72,,,,,,
Total,,120,120,120,360,,,,,,
,,,,,,,,,,,
,,,,,,,,,,,
Cutting Matrix — Lot 67041,,,,,,,,,,,
Lot Number:,67041,Style:,FULL ZIPPER COLLAR,,,,,,,,
Fabric:,MH FLEECE,Garment Type:,TS - UPPER,,,,,,,,
,,,,,,,,,,,
Color,Cutting Table,M,L,XL,Total Pcs,,,,,,
LT. BEIGE (BLACK) [2],14,24,24,24,72,,,,,,
MOUSE (BLACK) [2],14,24,24,24,72,,,,,,
LT. GREY (BLACK) [2],14,24,24,24,72,,,,,,
BLACK (LT. BEIGE) [2],14,24,24,24,72,,,,,,
BLACK (LT. GREY) [2],14,24,24,24,72,,,,,,
Total,,120,120,120,360,,,,,,
,,,,,,,,,,,
,,,,,,,,,,,
Cutting Matrix — Lot 73089,,,,,,,,,,,
Lot Number:,73089,Style:,LEATHER JACKET,,,,,,,,
Fabric:,CLASSIC CRUSH,Garment Type:,JACKET,,,,,,,,
,,,,,,,,,,,
Color,Cutting Table,S,M,L,XL,Total Pcs,,,,,
BLACK [6],9,33,66,66,33,198,,,,,
FAWN [6],9,33,66,66,33,198,,,,,
COFFEE [6],9,33,66,66,33,198,,,,,
BLACK 2,9,33,66,66,33,198,,,,,
Total,,132,264,264,132,792,,,,,
,,,,,,,,,,,
,,,,,,,,,,,
Cutting Matrix — Lot 76126,,,,,,,,,,,
Lot Number:,76126,Style:,BOXY FIT,,,,,,,,
Fabric:,D#2 DOBLINE DOT SMALL J.K,Garment Type:,SHIRT,,,,,,,,
,,,,,,,,,,,
Color,Cutting Table,M,L,XL,Total Pcs,,,,,,
OLIVE [2],6,40,40,20,100,,,,,,
BROWN [2],6,40,40,20,100,,,,,,
MOUSE [2],6,40,40,20,100,,,,,,
KHAKHI [2],6,40,40,20,100,,,,,,
BLACK [2],6,40,40,20,100,,,,,,
WHITE [2],6,40,40,20,100,,,,,,
Total,,240,240,120,600,,,,,,
,,,,,,,,,,,
,,,,,,,,,,,
Cutting Matrix — Lot 62181,,,,,,,,,,,
Lot Number:,62181,Style:,NORMAL,,,,,,,,
Fabric:,KO 3627,Garment Type:,LOWER,,,,,,,,
,,,,,,,,,,,
Color,Cutting Table,M,L,XL,XXL,Total Pcs,,,,,
BLACK [2],16,9,21,9,9,48,,,,,
KHAKHI [2],16,11,26,11,11,59,,,,,
CREAM [2],16,12,24,12,12,60,,,,,
Total,,32,71,32,32,167,,,,,
,,,,,,,,,,,
,,,,,,,,,,,
Cutting Matrix — Lot 11971,,,,,,,,,,,
Lot Number:,11971,Style:,REGNOAR SLEEVE R/N,,,,,,,,
Fabric:,SYDNEY CLOTH,Garment Type:,SWEATSHIRT  R/N,,,,,,,,
,,,,,,,,,,,
Color,Cutting Table,M,L,XL,2XL,Total Pcs,,,,,
BLACK (C     ARMY IMPORTED BONDING) [4],4,19,38,19,19,95,,,,,
KHAKHI (A) [4],4,22,44,22,22,110,,,,,
BEIGE (A) [4],4,22,44,22,22,110,,,,,
TAN (B) [4],4,21,42,21,21,105,,,,,
Total,,84,168,84,84,420,,,,,
,,,,,,,,,,,
,,,,,,,,,,,
Cutting Matrix — Lot 11981,,,,,,,,,,,
Lot Number:,11981,Style:,LOWER CONTRAST BELT,,,,,,,,
Fabric:,MH 3T JOGGER TERRY,Garment Type:,LOWER,,,,,,,,
,,,,,,,,,,,
Color,Cutting Table,M,L,XL,Total Pcs,,,,,,
BLACK (WHITE) [3],4,38,38,19,95,,,,,,
OFF WHITE (NAVY) [3],4,46,46,23,115,,,,,,
COFFEE (CAMEL) [3],4,36,36,18,90,,,,,,
AIRFORCE (WHITE) [3],4,36,36,18,90,,,,,,
15% (WHITE) [3],4,38,38,19,95,,,,,,
Total,,194,194,97,485,,,,,,
,,,,,,,,,,,
,,,,,,,,,,,
Cutting Matrix — Lot 11954,,,,,,,,,,,
Lot Number:,11954,Style:,BOXY FIT COLLAR THOKA,,,,,,,,
Fabric:,RFD FLEECE OUTSIDE ANTIFILLING,Garment Type:,SWEATSHIRT COLLAR,,,,,,,,
,,,,,,,,,,,
Color,Cutting Table,M,L,XL,Total Pcs,,,,,,
RFD [5],14,70,70,35,175,,,,,,
RFD 2,14,70,70,35,175,,,,,,
RFD 3,14,70,70,35,175,,,,,,
RFD 5,14,70,70,35,175,,,,,,
RFD 4,14,70,70,35,175,,,,,,
RFD 6,11,70,70,35,175,,,,,,
RFD 7,11,70,70,35,175,,,,,,
RFD 8,11,70,70,35,175,,,,,,
RFD 9,11,70,70,35,175,,,,,,
RFD 10,11,70,70,35,175,,,,,,
Total,,700,700,350,1750,,,,,,
,,,,,,,,,,,
,,,,,,,,,,,
Cutting Matrix — Lot 11957,,,,,,,,,,,
Lot Number:,11957,Style:,JOGGER LOWER,,,,,,,,
Fabric:,MH FLEECE,Garment Type:,LOWER,,,,,,,,
,,,,,,,,,,,
Color,Cutting Table,M,L,XL,2XL,Total Pcs,,,,,
BLACK [4],13,18,38,18,18,92,,,,,
15% [4],13,18,41,18,18,95,,,,,
WHITE [4],13,18,36,18,18,90,,,,,
CEMENT [4],13,18,36,18,18,90,,,,,
CAMEL [4],13,18,42,18,18,96,,,,,
PEACOCK [4],13,18,40,18,18,94,,,,,
BLACK 2,13,18,36,18,18,90,,,,,
Total,,126,269,126,126,647,,,,,
,,,,,,,,,,,
,,,,,,,,,,,
Cutting Matrix — Lot 11956,,,,,,,,,,,
Lot Number:,11956,Style:,JOGGER LOWER,,,,,,,,
Fabric:,MH FLEECE,Garment Type:,LOWER,,,,,,,,
,,,,,,,,,,,
Color,Cutting Table,M,L,XL,2XL,Total Pcs,,,,,
BLACK [4],1,23,46,23,23,115,,,,,
15% [4],1,25,50,25,25,125,,,,,
WHITE [4],1,22,44,22,22,110,,,,,
CEMENT [4],1,22,44,22,22,110,,,,,
CAMEL [4],1,23,46,23,23,115,,,,,
PEACOCK [4],1,22,44,22,22,110,,,,,
BLACK 2,1,22,44,22,22,110,,,,,
Total,,159,318,159,159,795,,,,,
,,,,,,,,,,,
,,,,,,,,,,,
Cutting Matrix — Lot 11969,,,,,,,,,,,
Lot Number:,11969,Style:,DOCTOR SLEEVE SWEATSHIRT,,,,,,,,
Fabric:,MH FLEECE,Garment Type:,SWEATSHIRT  R/N,,,,,,,,
,,,,,,,,,,,
Color,Cutting Table,S,M,L,XL,Total Pcs,,,,,
BLACK (A     CAMBO PRINT ARMY P. N 110) [3],13,20,40,40,20,120,,,,,
LIGHT BEIGE (E) [3],13,22,44,44,22,132,,,,,
BLACK (D) [3],13,22,44,49,22,137,,,,,
CAMEL (A) [3],13,22,44,48,22,136,,,,,
15% (D) [3],13,21,42,50,21,134,,,,,
WHITE (E) [3],13,22,44,44,22,132,,,,,
Total,,129,258,275,129,791,,,,,
,,,,,,,,,,,
,,,,,,,,,,,
Cutting Matrix — Lot 76127,,,,,,,,,,,
Lot Number:,76127,Style:,BOXYFIT,,,,,,,,
Fabric:,DESIGN  3  COTTON PRINT,Garment Type:,SHIRT,,,,,,,,
,,,,,,,,,,,
Color,Cutting Table,M,L,XL,Total Pcs,,,,,,
MOUSE [2],6,38,38,19,95,,,,,,
BLACK [2],6,40,40,20,100,,,,,,
BROWN [2],6,38,38,19,95,,,,,,
WHITE [2],6,36,36,18,90,,,,,,
BEIGE [2],6,38,38,19,95,,,,,,
Total,,190,190,95,475,,,,,,
,,,,,,,,,,,
,,,,,,,,,,,
,,,,,,,,,,,
,,,,,,,,,,,
,,,,,,,,,,,
,,,,,,,,,,,
,,,,,,,,,,,
,,,,,,,,,,,
,,,,,,,,,,,
,,,,,,,,,,,
,,,,,,,,,,,
,,,,,,,,,,,
,,,,,,,,,,,
,,,,,,,,,,,
,,,,,,,,,,,
Cutting Matrix — Lot 11982,,,,,,,,,,,
Lot Number:,11982,Style:,FRONT PAR PINTEX LOWER,,,,,,,,
Fabric:,MH 3T JOGGER TERRY,Garment Type:,LOWER,,,,,,,,
,,,,,,,,,,,
Color,Cutting Table,M,L,XL,Total Pcs,,,,,,
CAMEL [2],11,24,28,12,64,,,,,,
COFFEE [2],11,22,22,11,55,,,,,,
OLICE [2],11,22,26,11,59,,,,,,
AIRFORCE [2],11,20,24,10,54,,,,,,
15% [2],11,22,26,11,59,,,,,,
MOUSE [2],11,24,24,12,60,,,,,,
OFF WHITE [2],11,22,22,11,55,,,,,,
BLACK (STOCK MAI MILLEGA TO KATNA HAI) [2],0,0,0,0,0,,,,,,
Total,,156,172,78,406,,,,,,
,,,,,,,,,,,
,,,,,,,,,,,
Cutting Matrix — Lot 11983,,,,,,,,,,,
Lot Number:,11983,Style:,FRONT PAR PINTEX LOWER,,,,,,,,
Fabric:,MH 3T JOGGER TERRY,Garment Type:,LOWER,,,,,,,,
,,,,,,,,,,,
Color,Cutting Table,M,L,XL,Total Pcs,,,,,,
COFFEE [2],13,22,26,11,59,,,,,,
GREY [2],13,21,22,9,52,,,,,,
15% [2],13,22,22,11,55,,,,,,
MOUSE [2],13,22,26,11,59,,,,,,
OFF WHITE [2],13,22,30,11,63,,,,,,
SKY [2],13,22,24,11,57,,,,,,
Total,,131,150,64,345,,,,,,
,,,,,,,,,,,
,,,,,,,,,,,
Cutting Matrix — Lot 76128,,,,,,,,,,,
Lot Number:,76128,Style:,BOXY FIT,,,,,,,,
Fabric:,BERRY BLAST,Garment Type:,SHIRT,,,,,,,,
,,,,,,,,,,,
Color,Cutting Table,M,L,XL,Total Pcs,,,,,,
BLACK [2],16,58,58,29,145,,,,,,
WHITE [2],16,60,60,30,150,,,,,,
NAVY [2],16,58,58,29,145,,,,,,
L.GREY [2],16,60,60,30,150,,,,,,
Total,,236,236,118,590,,,,,,
,,,,,,,,,,,
,,,,,,,,,,,
Cutting Matrix — Lot 62177,,,,,,,,,,,
Lot Number:,62177,Style:,FULL ZIPPER COLLAR,,,,,,,,
Fabric:,CROCODILE LEATHER,Garment Type:,JACKET,,,,,,,,
,,,,,,,,,,,
Color,Cutting Table,S,M,L,XL,Total Pcs,,,,,
BLACK [2],9,22,44,22,22,110,,,,,
TAN [2],9,22,44,22,22,110,,,,,
BROWN [2],9,22,44,22,22,110,,,,,
CHERRY [2],9,24,48,24,24,120,,,,,
BLACK 2,9,22,44,22,22,110,,,,,
Total,,112,224,112,112,560,,,,,
,,,,,,,,,,,
,,,,,,,,,,,
,,,,,,,,,,,
,,,,,,,,,,,
,,,,,,,,,,,
,,,,,,,,,,,
,,,,,,,,,,,
,,,,,,,,,,,
,,,,,,,,,,,
,,,,,,,,,,,
,,,,,,,,,,,
,,,,,,,,,,,
,,,,,,,,,,,
,,,,,,,,,,,
,,,,,,,,,,,
,,,,,,,,,,,
,,,,,,,,,,,
,,,,,,,,,,,
,,,,,,,,,,,
,,,,,,,,,,,
Cutting Matrix — Lot 62180,,,,,,,,,,,
Lot Number:,62180,Style:,FULL ZIPPER BAN COLLAR,,,,,,,,
Fabric:,CROCODILE LEATHER,Garment Type:,JACKET,,,,,,,,
,,,,,,,,,,,
Color,Cutting Table,S,M,L,XL,Total Pcs,,,,,
BLACK [2],8,13,26,13,13,65,,,,,
CHERRY [2],8,12,24,12,12,60,,,,,
TAN [2],8,14,28,14,14,70,,,,,
BROWN [2],8,12,24,12,12,60,,,,,
BLACK2,8,10,20,10,10,50,,,,,
Total,,61,122,61,61,305,,,,,
,,,,,,,,,,,
,,,,,,,,,,,
Cutting Matrix — Lot 11961,,,,,,,,,,,
Lot Number:,11961,Style:,JOGGER LOWER,,,,,,,,
Fabric:,SYDNEY CLOTH,Garment Type:,LOWER,,,,,,,,
,,,,,,,,,,,
Color,Cutting Table,M,L,XL,2XL,Total Pcs,,,,,
BLACK,14,16,32,16,16,80,,,,,
KHAKHI,14,16,32,16,16,80,,,,,
BEIGE,14,18,36,18,18,90,,,,,
WINE,14,17,34,17,17,85,,,,,
BOTTLE GREEN,14,18,36,18,18,90,,,,,
TAN,14,17,34,17,17,85,,,,,
Total,,102,204,102,102,510,,,,,
,,,,,,,,,,,
,,,,,,,,,,,
Cutting Matrix — Lot 11979,,,,,,,,,,,
Lot Number:,11979,Style:,CROSS HODDIE,,,,,,,,
Fabric:,RFD FLEECE OUTSIDE ANTIFILLING,Garment Type:,SWEATSHIRT HOODIE,,,,,,,,
,,,,,,,,,,,
Color,Cutting Table,M,L,XL,Total Pcs,,,,,,
RFD [6],1,60,60,30,150,,,,,,
RFD 2,1,60,60,30,150,,,,,,
RFD 3,1,60,60,30,150,,,,,,
RFD 4,1,60,60,30,150,,,,,,
RFD 5,1,60,60,30,150,,,,,,
RFD 6,14,60,60,30,150,,,,,,
RFD,14,60,60,30,150,,,,,,
RFD 7,14,60,60,30,150,,,,,,
RFD 8,14,60,60,30,150,,,,,,
RFD 9,14,60,60,30,150,,,,,,
RFD 11,4,60,60,30,150,,,,,,
RFD 12,4,60,60,30,150,,,,,,
RFD 13,4,60,60,30,150,,,,,,
RFD 14,4,60,60,30,150,,,,,,
RFD 15,4,60,60,30,150,,,,,,
RFD 16,1,60,60,30,150,,,,,,
RFD 18,1,60,60,30,150,,,,,,
RFD 17,1,60,60,30,150,,,,,,
RFD 19,1,60,60,30,150,,,,,,
RFD 20,1,60,60,30,150,,,,,,
Total,,1200,1200,600,3000,,,,,,
,,,,,,,,,,,
,,,,,,,,,,,
Cutting Matrix — Lot 76130,,,,,,,,,,,
Lot Number:,76130,Style:,REGONAR SLEEVE,,,,,,,,
Fabric:,SHEMRY OXFORD,Garment Type:,SHIRT,,,,,,,,
,,,,,,,,,,,
Color,Cutting Table,M,L,XL,2XL,Total Pcs,,,,,
ORANGE (MATCHING HAI) [2],6,27,54,27,27,135,,,,,
BLACK [3],6,43,86,43,43,215,,,,,
D.SKY [2],6,31,62,31,31,155,,,,,
WHITE [3],6,44,88,44,44,220,,,,,
L.GREY [2],6,26,52,26,26,130,,,,,
Total,,171,342,171,171,855,,,,,
,,,,,,,,,,,
,,,,,,,,,,,
Cutting Matrix — Lot 10052,,,,,,,,,,,
Lot Number:,10052,Style:,SWEATSHIRT,,,,,,,,
Fabric:,MH FLEECE,Garment Type:,SWEATSHIRT,,,,,,,,
,,,,,,,,,,,
Color,Cutting Table,MIX,Total Pcs,,,,,,,,
GREY [1],,41,41,,,,,,,,
CREAM [1],,48,48,,,,,,,,
Total,,89,89,,,,,,,,
,,,,,,,,,,,
,,,,,,,,,,,
Cutting Matrix — Lot 10053,,,,,,,,,,,
Lot Number:,10053,Style:,SWEATSHIRT,,,,,,,,
Fabric:,MH FLEECE,Garment Type:,SWEATSHIRT,,,,,,,,
,,,,,,,,,,,
Color,Cutting Table,MIX,Total Pcs,,,,,,,,
GREY [1],,42,42,,,,,,,,
D GREEN [1],,23,23,,,,,,,,
Total,,65,65,,,,,,,,
,,,,,,,,,,,
,,,,,,,,,,,
Cutting Matrix — Lot 10054,,,,,,,,,,,
Lot Number:,10054,Style:,SWEATSHIRT,,,,,,,,
Fabric:,MH FLEECE,Garment Type:,SWEATSHIRT,,,,,,,,
,,,,,,,,,,,
Color,Cutting Table,MIX,Total Pcs,,,,,,,,
BROWN [1],,17,17,,,,,,,,
NAVY [1],,9,9,,,,,,,,
MUSTARD [1],,52,52,,,,,,,,
Total,,78,78,,,,,,,,
,,,,,,,,,,,
,,,,,,,,,,,
Cutting Matrix — Lot 73090,,,,,,,,,,,
Lot Number:,73090,Style:,NORMAL,,,,,,,,
Fabric:,#D20,Garment Type:,JACKET,,,,,,,,
,,,,,,,,,,,
Color,Cutting Table,M,L,XL,2XL,Total Pcs,,,,,
WHITE [8],15,50,100,100,50,300,,,,,
IVORY [8],15,50,100,100,50,300,,,,,
SALAD RED [8],15,50,100,100,50,300,,,,,
Total,,150,300,300,150,900,,,,,
,,,,,,,,,,,
,,,,,,,,,,,
Cutting Matrix — Lot 61280,,,,,,,,,,,
Lot Number:,61280,Style:,FULL ZIPPER COLLAR,,,,,,,,
Fabric:,UK LYCRA,Garment Type:,S/L JACKET,,,,,,,,
,,,,,,,,,,,
Color,Cutting Table,M,L,XL,XXL,Total Pcs,,,,,
BLACK [1],15,21,42,21,21,105,,,,,
NAVY [1],15,21,42,21,21,105,,,,,
WHITE [1],15,20,40,20,20,100,,,,,
CAMEL [1],15,20,40,20,20,100,,,,,
Total,,82,164,82,82,410,,,,,
,,,,,,,,,,,
,,,,,,,,,,,
Cutting Matrix — Lot 11960,,,,,,,,,,,
Lot Number:,11960,Style:,JOGGER LOWER,,,,,,,,
Fabric:,SYDNEY CLOTH,Garment Type:,LOWER,,,,,,,,
,,,,,,,,,,,
Color,Cutting Table,M,L,XL,2XL,Total Pcs,,,,,
BLACK,13,18,36,18,18,90,,,,,
KHAKHI,13,16,34,17,17,84,,,,,
BEIGE,13,17,34,17,17,85,,,,,
WINE,13,18,36,18,18,90,,,,,
BOTTLE GREEN,13,18,36,18,18,90,,,,,
TAN,13,17,34,17,17,85,,,,,
Total,,104,210,105,105,524,,,,,
,,,,,,,,,,,
,,,,,,,,,,,
Cutting Matrix — Lot 11962,,,,,,,,,,,
Lot Number:,11962,Style:,JOGGER LOWER,,,,,,,,
Fabric:,MH FLEECE,Garment Type:,LOWER,,,,,,,,
,,,,,,,,,,,
Color,Cutting Table,M,L,XL,2XL,Total Pcs,,,,,
BLACK [4],14,18,36,18,18,90,,,,,
15% [4],14,20,40,20,20,100,,,,,
CEMENT [4],14,19,38,19,19,95,,,,,
MOUSE [4],14,18,36,18,18,90,,,,,
DK GREY [4],0,0,0,0,0,0,,,,,
WHITE [4],14,19,38,19,19,95,,,,,
BLACK,14,19,38,19,19,95,,,,,
Total,,113,226,113,113,565,,,,,
,,,,,,,,,,,
,,,,,,,,,,,
Cutting Matrix — Lot 62097,,,,,,,,,,,
Lot Number:,62097,Style:,ROUNDNECK,,,,,,,,
Fabric:,MH FLEECE,Garment Type:,SWEATSHIRT,,,,,,,,
,,,,,,,,,,,
Color,Cutting Table,M,L,XL,Total Pcs,,,,,,
BLACK [5],1,80,80,40,200,,,,,,
GREY [5],1,80,80,40,200,,,,,,
Total,,160,160,80,400,,,,,,
,,,,,,,,,,,
,,,,,,,,,,,
Cutting Matrix — Lot 76129,,,,,,,,,,,
Lot Number:,76129,Style:,REGNOUR SLEEVE,,,,,,,,
Fabric:,OXFORD LYCRA,Garment Type:,SHIRT,,,,,,,,
,,,,,,,,,,,
Color,Cutting Table,M,L,XL,2XL,Total Pcs,,,,,
NAVY (WHITE) [2],16,42,84,42,42,210,,,,,
OFF WHITE (NAVY) [2],16,42,84,42,42,210,,,,,
BEIGE (BROWN) [2],16,34,68,34,34,170,,,,,
RED (NAVY) [2],16,42,84,42,42,210,,,,,
SKY (WHITE) [2],16,43,86,43,43,215,,,,,
BLACK (),16,58,116,58,58,290,,,,,
Total,,261,522,261,261,1305,,,,,
,,,,,,,,,,,
,,,,,,,,,,,
Cutting Matrix — Lot 76131,,,,,,,,,,,
Lot Number:,76131,Style:,BOXY FIT SHIRT,,,,,,,,
Fabric:,SHEMRY OXFORD,Garment Type:,SHIRT,,,,,,,,
,,,,,,,,,,,
Color,Cutting Table,M,L,XL,Total Pcs,,,,,,
BLACK (L.GREY) [2],6,58,58,29,145,,,,,,
LIGHT.ROYAL (WHITE) [2],6,62,62,31,155,,,,,,
PISTA (BLACK) [2],6,60,60,30,150,,,,,,
WHITE (ROYAL) [2],6,72,72,36,180,,,,,,
D.SKY (WHITE) [2],6,62,62,31,155,,,,,,
S.GREEN (WHITE) [2],6,58,58,29,145,,,,,,
Total,,372,372,186,930,,,,,,
,,,,,,,,,,,
,,,,,,,,,,,
Cutting Matrix — Lot 73091,,,,,,,,,,,
Lot Number:,73091,Style:,FILLING JACKET,,,,,,,,
Fabric:,NORMAL SHOP,Garment Type:,JACKET,,,,,,,,
,,,,,,,,,,,
Color,Cutting Table,M,L,XL,2XL,Total Pcs,,,,,
NAVY [2],9,10,22,20,10,62,,,,,
BLACK [5],9,25,56,50,25,156,,,,,
FOG GRAY [2],9,21,46,42,21,130,,,,,
D.MOUSE [2],9,10,22,20,10,62,,,,,
FAWN [2],9,11,24,22,11,68,,,,,
KHAKHI [2],9,5,11,10,5,31,,,,,
FEROZI[5],9,25,56,50,25,156,,,,,
WHITE[5],9,27,60,54,27,168,,,,,
IVORY[5],9,27,60,54,27,168,,,,,
D BLUE [5],9,27,60,54,27,168,,,,,
PALE MAVVE [5],9,27,60,54,27,168,,,,,
SALAD RED,9,5,11,10,5,31,,,,,
Total,,220,488,440,220,1368,,,,,
,,,,,,,,,,,
,,,,,,,,,,,
Cutting Matrix — Lot 11955,,,,,,,,,,,
Lot Number:,11955,Style:,JOGGER LOWER,,,,,,,,
Fabric:,COTTON WAFLE BACK SIDE ANTIPILLING,Garment Type:,LOWER,,,,,,,,
,,,,,,,,,,,
Color,Cutting Table,M,L,XL,2XL,Total Pcs,,,,,
BLACK [4],4,25,50,25,25,125,,,,,
OFF WHITE [4],4,22,44,22,22,110,,,,,
GREY [4],4,25,50,25,25,125,,,,,
NAVY [4],4,25,50,25,25,125,,,,,
D GREY [4],4,22,44,22,22,110,,,,,
WHITE [4],4,24,48,24,24,120,,,,,
BLACK,4,25,50,25,25,125,,,,,
Total,,168,336,168,168,840,,,,,
,,,,,,,,,,,
,,,,,,,,,,,
Cutting Matrix — Lot 11992,,,,,,,,,,,
Lot Number:,11992,Style:,R/N SWEATSHIRT,,,,,,,,
Fabric:,RFD FLEECE OUTSIDE ANTIFILLING,Garment Type:,SWEATSHIRT,,,,,,,,
,,,,,,,,,,,
Color,Cutting Table,M,L,XL,Total Pcs,,,,,,
RFD [5],14,60,60,30,150,,,,,,
RFD 2,14,60,60,30,150,,,,,,
RFD 3,14,60,60,30,150,,,,,,
RFD 4,14,60,60,30,150,,,,,,
Total,,240,240,120,600,,,,,,
,,,,,,,,,,,
,,,,,,,,,,,
Cutting Matrix — Lot 11993,,,,,,,,,,,
Lot Number:,11993,Style:,MONKEY HOODY SWEATSHIRT,,,,,,,,
Fabric:,RFD FLEECE OUTSIDE ANTIFILLING,Garment Type:,SWEATSHIRT,,,,,,,,
,,,,,,,,,,,
Color,Cutting Table,M,L,XL,Total Pcs,,,,,,
RFD [5],13,60,60,30,150,,,,,,
RFD 1,13,60,60,30,150,,,,,,
RFD 2,13,60,60,30,150,,,,,,
RFD 3,13,60,60,30,150,,,,,,
Total,,240,240,120,600,,,,,,
,,,,,,,,,,,
,,,,,,,,,,,
Cutting Matrix — Lot 11959,,,,,,,,,,,
Lot Number:,11959,Style:,JOGGER LOWER,,,,,,,,
Fabric:,FULL WELL,Garment Type:,LOWER,,,,,,,,
,,,,,,,,,,,
Color,Cutting Table,M,L,XL,2XL,Total Pcs,,,,,
BLACK,11,39,78,39,39,195,,,,,
GREY,11,19,38,19,19,95,,,,,
OLIVE,11,19,38,19,19,95,,,,,
BEIGE,11,20,40,16,15,91,,,,,
BROWN,11,20,40,20,20,100,,,,,
Total,,117,234,113,112,576,,,,,
,,,,,,,,,,,
,,,,,,,,,,,
Cutting Matrix — Lot 11988,,,,,,,,,,,
Lot Number:,11988,Style:,R/N SWEATSHIRT,,,,,,,,
Fabric:,RFD FLEECE OUTSIDE ANTIFILLING,Garment Type:,SWEATSHIRT,,,,,,,,
,,,,,,,,,,,
Color,Cutting Table,M,L,XL,Total Pcs,,,,,,
RFD [5],13,60,60,30,150,,,,,,
RFD 2,13,60,60,30,150,,,,,,
RFD 3,13,60,60,30,150,,,,,,
RFD 4,13,60,60,30,150,,,,,,
RFD 5,13,60,60,30,150,,,,,,
Total,,300,300,150,750,,,,,,
,,,,,,,,,,,
Cutting Matrix — Lot 11985,,,,,,,,,,,
Lot Number:,11985,Style:,LOWER,,,,,,,,
Fabric:,FANCY CLOTH MICKEY TT,Garment Type:,TS - LOWER,,,,,,,,
,,,,,,,,,,,
Color,Cutting Table,M,L,XL,2XL,Total Pcs,,,,,
BLACK (L.GREY) [3],1,20,40,20,20,100,,,,,
AIRFORCE (OFF WHITE) [3],1,20,40,20,20,100,,,,,
L.FAWN (OLIVE) [3],1,20,40,20,20,100,,,,,
KHAKHI (D.GREY) [3],1,20,40,20,20,100,,,,,
L.GREY (D.GREY) [3],1,20,40,20,20,100,,,,,
BLACK (SILVER(LIFFAFE WALA MICKY)) [3],1,20,40,20,20,100,,,,,
Total,,120,240,120,120,600,,,,,
,,,,,,,,,,,
,,,,,,,,,,,
Cutting Matrix — Lot 11984,,,,,,,,,,,
Lot Number:,11984,Style:,T NECK FULL ZIPPER KANGARO POCKET,,,,,,,,
Fabric:,FANCY CLOTH MICKEY TT,Garment Type:,TS - SWEATSHIRT,,,,,,,,
,,,,,,,,,,,
Color,Cutting Table,M,L,XL,2XL,Total Pcs,,,,,
BLACK (L.GREY) [3],1,20,40,20,20,100,,,,,
AIRFORCE (OFF WHITE) [3],1,20,40,20,20,100,,,,,
L.FAWN (OLIVE) [3],1,20,40,20,20,100,,,,,
KHAKHI (D.GREY) [3],1,12,24,12,12,60,,,,,
L.GREY (D.GREY) [3],1,20,40,20,20,100,,,,,
BLACK (SILVER(LIFFAFE WALA MICKY)) [3],1,20,40,20,20,100,,,,,
Total,,112,224,112,112,560,,,,,
,,,,,,,,,,,
,,,,,,,,,,,
Cutting Matrix — Lot 11989,,,,,,,,,,,
Lot Number:,11989,Style:,CROSS HODDY WITH DOCTOR SLEEVE,,,,,,,,
Fabric:,RFD FLEECE OUTSIDE ANTIFILLING,Garment Type:,SWEATSHIRT,,,,,,,,
,,,,,,,,,,,
Color,Cutting Table,M,L,XL,Total Pcs,,,,,,
RFD [5],4,60,60,30,150,,,,,,
RFD 2,4,60,60,30,150,,,,,,
RFD 3,4,60,60,30,150,,,,,,
RFD 4,4,60,60,30,150,,,,,,
RFD 5,4,60,60,30,150,,,,,,
Total,,300,300,150,750,,,,,,
,,,,,,,,,,,
,,,,,,,,,,,
Cutting Matrix — Lot 11991,,,,,,,,,,,
Lot Number:,11991,Style:,CROSS HOODY,,,,,,,,
Fabric:,RFD FLEECE OUTSIDE ANTIFILLING,Garment Type:,SWEATSHIRT,,,,,,,,
,,,,,,,,,,,
Color,Cutting Table,M,L,XL,Total Pcs,,,,,,
RFD [5],1,60,60,30,150,,,,,,
RFD 2,1,60,60,30,150,,,,,,
RFD 3,1,60,60,30,150,,,,,,
RFD 4,1,60,60,30,150,,,,,,
Total,,240,240,120,600,,,,,,
,,,,,,,,,,,
,,,,,,,,,,,
Cutting Matrix — Lot 11990,,,,,,,,,,,
Lot Number:,11990,Style:,MONKEY HOODY SWEATSHIRT,,,,,,,,
Fabric:,RFD FLEECE OUTSIDE ANTIFILLING,Garment Type:,SWEATSHIRT,,,,,,,,
,,,,,,,,,,,
Color,Cutting Table,M,L,XL,Total Pcs,,,,,,
RFD [5],14,60,60,30,150,,,,,,
RFD 2,14,60,60,30,150,,,,,,
RFD 3,14,60,60,30,150,,,,,,
RFD 4,14,60,60,30,150,,,,,,
Total,,240,240,120,600,,,,,,
,,,,,,,,,,,
,,,,,,,,,,,
Cutting Matrix — Lot 76135,,,,,,,,,,,
Lot Number:,76135,Style:,SHIRT,,,,,,,,
Fabric:,CORDUROY-58,Garment Type:,SHIRT,,,,,,,,
,,,,,,,,,,,
Color,Cutting Table,M,L,XL,2XL,Total Pcs,,,,,
BLUE [3],16,22,44,22,22,110,,,,,
MOUSE [3],16,23,46,23,23,115,,,,,
GREY [3],16,23,46,23,23,115,,,,,
KHAKHI [3],16,21,42,21,21,105,,,,,
OLIVE [3],16,20,40,20,20,100,,,,,
Total,,109,218,109,109,545,,,,,
,,,,,,,,,,,
,,,,,,,,,,,
Cutting Matrix — Lot 11994,,,,,,,,,,,
Lot Number:,11994,Style:,R/N SWEATSHIRT,,,,,,,,
Fabric:,RFD FLEECE OUTSIDE ANTIFILLING,Garment Type:,SWEATSHIRT,,,,,,,,
,,,,,,,,,,,
Color,Cutting Table,M,L,XL,Total Pcs,,,,,,
RFD [5],4,60,60,30,150,,,,,,
RFD 2,4,60,60,30,150,,,,,,
RFD3,4,60,60,30,150,,,,,,
RFD 4,4,60,60,30,150,,,,,,
Total,,240,240,120,600,,,,,,
,,,,,,,,,,,
,,,,,,,,,,,
Cutting Matrix — Lot 76134,,,,,,,,,,,
Lot Number:,76134,Style:,FULL ZIPPER SHIRT,,,,,,,,
Fabric:,BERRY BLAST,Garment Type:,SHIRT,,,,,,,,
,,,,,,,,,,,
Color,Cutting Table,M,L,XL,2XL,Total Pcs,,,,,
BLACK [2],6,58,58,29,,145,,,,,
WHITE [2],6,58,58,29,,145,,,,,
D.KHAKHI [2],6,60,60,30,,150,,,,,
B.GREEN [2],6,48,48,24,,120,,,,,
CREAM [2],6,64,64,32,,160,,,,,
M.GREY [2],6,62,62,31,,155,,,,,
Total,,350,350,175,0,875,,,,,
,,,,,,,,,,,
,,,,,,,,,,,
Cutting Matrix — Lot 76132,,,,,,,,,,,
Lot Number:,76132,Style:,FULL ZIPPER SHIRT,,,,,,,,
Fabric:,BERRY BLAST,Garment Type:,SHIRT,,,,,,,,
,,,,,,,,,,,
Color,Cutting Table,M,L,XL,2XL,Total Pcs,,,,,
BLACK [2],16,62,62,31,,155,,,,,
NAVY [2],16,58,58,29,,145,,,,,
BEIGE [2],16,62,62,31,,155,,,,,
GREY [2],16,64,64,32,,160,,,,,
SKY [2],16,62,62,31,,155,,,,,
Total,,308,308,154,0,770,,,,,
,,,,,,,,,,,
,,,,,,,,,,,
,,,,,,,,,,,
,,,,,,,,,,,
,,,,,,,,,,,
,,,,,,,,,,,
,,,,,,,,,,,
,,,,,,,,,,,
,,,,,,,,,,,
,,,,,,,,,,,
,,,,,,,,,,,
,,,,,,,,,,,
,,,,,,,,,,,
,,,,,,,,,,,
,,,,,,,,,,,
,,,,,,,,,,,
,,,,,,,,,,,
,,,,,,,,,,,
,,,,,,,,,,,
,,,,,,,,,,,
,,,,,,,,,,,
,,,,,,,,,,,
,,,,,,,,,,,
,,,,,,,,,,,
Cutting Matrix — Lot 10056,,,,,,,,,,,
Lot Number:,10056,Style:,LOWER,,,,,,,,
Fabric:,MH 3T JOGGER TERRY,Garment Type:,LOWER,,,,,,,,
,,,,,,,,,,,
Color,Cutting Table,MIX,Total Pcs,,,,,,,,
NAVY [1],,110,110,,,,,,,,
MUSTARD [1],,36,36,,,,,,,,
GREEN [1],,76,76,,,,,,,,
WINE [1],,115,115,,,,,,,,
RUST [1],,18,18,,,,,,,,
AIRFORCE [1],,70,70,,,,,,,,
Total,,425,425,,,,,,,,
,,,,,,,,,,,
,,,,,,,,,,,
Cutting Matrix — Lot 11987,,,,,,,,,,,
Lot Number:,11987,Style:,RFD LOWER,,,,,,,,
Fabric:,RFD FLEECE OUTSIDE ANTIFILLING,Garment Type:,LOWER,,,,,,,,
,,,,,,,,,,,
Color,Cutting Table,M,L,XL,Total Pcs,,,,,,
RFD [5],14,60,60,30,150,,,,,,
RFD 2,14,60,60,30,150,,,,,,
RFD 3,14,60,60,30,150,,,,,,
RFD 4,14,60,60,30,150,,,,,,
RFD 5,14,60,60,30,150,,,,,,
Total,,300,300,150,750,,,,,,
,,,,,,,,,,,
,,,,,,,,,,,
Cutting Matrix — Lot 11986,,,,,,,,,,,
Lot Number:,11986,Style:,RFD LOWER,,,,,,,,
Fabric:,RFD FLEECE OUTSIDE ANTIFILLING,Garment Type:,LOWER,,,,,,,,
,,,,,,,,,,,
Color,Cutting Table,M,L,XL,Total Pcs,,,,,,
RFD [5],13,60,60,30,150,,,,,,
RFD 2,13,60,60,30,150,,,,,,
RFD 3,13,60,60,30,150,,,,,,
RFD 4,13,60,60,30,150,,,,,,
Total,,240,240,120,600,,,,,,
,,,,,,,,,,,
,,,,,,,,,,,
Cutting Matrix — Lot 61309,,,,,,,,,,,
Lot Number:,61309,Style:,LOWER,,,,,,,,
Fabric:,Germony fancy cloth,Garment Type:,LOWER,,,,,,,,
,,,,,,,,,,,
Color,Cutting Table,M,L,XL,2XL,Total Pcs,,,,,
BLACK [2],4,12,24,12,12,60,,,,,
BUTTER [2],4,12,24,12,12,60,,,,,
COFFEE [2],4,12,24,12,12,60,,,,,
OLIVE [2],4,12,24,12,12,60,,,,,
GRAY [2],4,12,24,12,12,60,,,,,
CAMEL [2],4,11,22,11,11,55,,,,,
Total,,71,142,71,71,355,,,,,
,,,,,,,,,,,
,,,,,,,,,,,
Cutting Matrix — Lot 10055,,,,,,,,,,,
Lot Number:,10055,Style:,LOWER,,,,,,,,
Fabric:,MH FLEECE,Garment Type:,LOWER,,,,,,,,
,,,,,,,,,,,
Color,Cutting Table,MIX,Total Pcs,,,,,,,,
15% [1],,6,6,,,,,,,,
D GREY [1],,36,36,,,,,,,,
CHARCOAL [1],0,0,0,,,,,,,,
NAVY [1],,16,16,,,,,,,,
1% [1],,28,28,,,,,,,,
WINE[2],,35,35,,,,,,,,
BLACK,,27,27,,,,,,,,
B GREEN,,32,32,,,,,,,,
Total,,180,180,,,,,,,,
,,,,,,,,,,,
,,,,,,,,,,,
Cutting Matrix — Lot 76133,,,,,,,,,,,
Lot Number:,76133,Style:,FULL ZIPPER SHIRT,,,,,,,,
Fabric:,CORDUROY-58,Garment Type:,SHIRT,,,,,,,,
,,,,,,,,,,,
Color,Cutting Table,M,L,XL,2XL,Total Pcs,,,,,
BLACK [2],6,48,48,24,,120,,,,,
ONION [2],6,46,46,23,,115,,,,,
D.COFFEE [2],6,46,46,23,,115,,,,,
WINE [2],6,44,44,22,,110,,,,,
KHAKHI [2],6,46,46,23,,115,,,,,
BEIGE [2],6,46,46,23,,115,,,,,
Total,,276,276,138,0,690,,,,,
,,,,,,,,,,,
,,,,,,,,,,,
Cutting Matrix — Lot 12005,,,,,,,,,,,
Lot Number:,12005,Style:,CROSS HOODY DOCTOR SLEEVE,,,,,,,,
Fabric:,RFD FLEECE OUTSIDE ANTIFILLING,Garment Type:,SWEATSHIRT HOODIE,,,,,,,,
,,,,,,,,,,,
Color,Cutting Table,M,L,XL,Total Pcs,,,,,,
RFD [5],1,60,60,30,150,,,,,,
RFD 2,1,60,60,30,150,,,,,,
RFD 3,1,60,60,30,150,,,,,,
RFD 4,1,60,60,30,150,,,,,,
RFD 5,1,60,60,30,150,,,,,,
Total,,300,300,150,750,,,,,,
,,,,,,,,,,,
,,,,,,,,,,,
Cutting Matrix — Lot 11995,,,,,,,,,,,
Lot Number:,11995,Style:,T NECK FULL ZIPPER,,,,,,,,
Fabric:,MICKEY,Garment Type:,TS - SWEATSHIRT,,,,,,,,
,,,,,,,,,,,
Color,Cutting Table,M,L,XL,2XL,Total Pcs,,,,,
CHARCOAL (L.GRAY M.M) [3],1,28,56,28,28,140,,,,,
BLACK (L.GARY M.M) [3],1,26,52,26,26,130,,,,,
BLACK (GRAY) [3],1,31,62,31,31,155,,,,,
L.GRAY M.M (D.OLIVE) [3],1,26,52,26,26,130,,,,,
D.CAMEL (OFF WHITE) [3],1,29,58,29,29,145,,,,,
Total,,140,280,140,140,700,,,,,
,,,,,,,,,,,
,,,,,,,,,,,
Cutting Matrix — Lot 11996,,,,,,,,,,,
Lot Number:,11996,Style:,"LOWER CONTRAST BELT,GULLA",,,,,,,,
Fabric:,MICKEY,Garment Type:,TS - LOWER,,,,,,,,
,,,,,,,,,,,
Color,Cutting Table,M,L,XL,2XL,Total Pcs,,,,,
CHARCOAL (L.GRAY M.M) [3],1,28,56,28,28,140,,,,,
BLACK (L.GARY M.M) [3],1,26,52,26,26,130,,,,,
BLACK (GRAY) [3],1,31,62,31,31,155,,,,,
L.GRAY M.M (D.OLIVE) [3],1,26,52,26,26,130,,,,,
D.CAMEL (OFF WHITE) [3],1,29,58,29,29,145,,,,,
Total,,140,280,140,140,700,,,,,
,,,,,,,,,,,
,,,,,,,,,,,
Cutting Matrix — Lot 76139,,,,,,,,,,,
Lot Number:,76139,Style:,SHIRT,,,,,,,,
Fabric:,OXFORD LYCRA,Garment Type:,SHIRT,,,,,,,,
,,,,,,,,,,,
Color,Cutting Table,M,L,XL,2XL,Total Pcs,,,,,
BLACK [2],8,37,37,37,37,148,,,,,
MEHROON [2],8,30,30,30,30,120,,,,,
WHITE [2],8,29,29,29,29,116,,,,,
NAVY [2],8,34,34,34,34,136,,,,,
KHAKHI [2],8,28,28,28,28,112,,,,,
L.GREY [2],8,38,38,38,38,152,,,,,
ONION [2],8,35,35,35,35,140,,,,,
Total,,231,231,231,231,924,,,,,
,,,,,,,,,,,
,,,,,,,,,,,
Cutting Matrix — Lot 61313,,,,,,,,,,,
Lot Number:,61313,Style:,LOWER,,,,,,,,
Fabric:,MH FLEECE,Garment Type:,LOWER,,,,,,,,
,,,,,,,,,,,
Color,Cutting Table,M,L,XL,2XL,Total Pcs,,,,,
BLACK [2],4,11,22,11,11,55,,,,,
15% [2],4,12,24,12,12,60,,,,,
NAVY [2],4,12,24,12,12,60,,,,,
LT BEIGE [2],4,11,22,11,11,55,,,,,
CEMENT [2],4,12,24,12,12,60,,,,,
15%2,4,11,22,11,11,55,,,,,
BLACK 1,4,11,22,11,11,55,,,,,
Total,,80,160,80,80,400,,,,,
,,,,,,,,,,,
,,,,,,,,,,,
Cutting Matrix — Lot 61314,,,,,,,,,,,
Lot Number:,61314,Style:,LOWER,,,,,,,,
Fabric:,MH FLEECE,Garment Type:,LOWER,,,,,,,,
,,,,,,,,,,,
Color,Cutting Table,M,L,XL,2XL,Total Pcs,,,,,
BLACK [2],4,11,22,11,11,55,,,,,
15% [2],4,12,24,12,12,60,,,,,
NAVY [2],4,13,26,13,13,65,,,,,
LT BEIGE [2],4,11,22,11,11,55,,,,,
CEMENT [2],4,12,24,12,12,60,,,,,
BLACK 2,4,11,22,11,11,55,,,,,
15% 2,4,12,24,12,12,60,,,,,
Total,,82,164,82,82,410,,,,,
,,,,,,,,,,,
,,,,,,,,,,,
Cutting Matrix — Lot 76140,,,,,,,,,,,
Lot Number:,76140,Style:,SHIRT,,,,,,,,
Fabric:,OXFORD LYCRA,Garment Type:,SHIRT,,,,,,,,
,,,,,,,,,,,
Color,Cutting Table,M,L,XL,2XL,Total Pcs,,,,,
BLACK[2],15,33,33,33,33,132,,,,,
WINE[2],15,34,34,34,34,136,,,,,
WHITE[2],15,34,34,34,34,136,,,,,
L GREY [2],15,37,37,37,37,148,,,,,
CREAM[2],15,19,19,19,19,76,,,,,
PEACOCK[2],15,30,30,30,30,120,,,,,
PINK[2],15,37,37,37,37,148,,,,,
Total,,224,224,224,224,896,,,,,
,,,,,,,,,,,
,,,,,,,,,,,
Cutting Matrix — Lot 61310,,,,,,,,,,,
Lot Number:,61310,Style:,LOWER CARGO,,,,,,,,
Fabric:,TYE DYE FLEECE,Garment Type:,LOWER,,,,,,,,
,,,,,,,,,,,
Color,Cutting Table,M,L,XL,2XL,Total Pcs,,,,,
BLACK [2],1,24,24,12,12,72,,,,,
CREAM [2],1,20,20,10,10,60,,,,,
BROWN [2],1,22,22,11,11,66,,,,,
L.GRAY [2],1,18,18,9,9,54,,,,,
Total,,84,84,42,42,252,,,,,
,,,,,,,,,,,
,,,,,,,,,,,
Cutting Matrix — Lot 11963,,,,,,,,,,,
Lot Number:,11963,Style:,JOGGER LOWER,,,,,,,,
Fabric:,MH FLEECE,Garment Type:,LOWER,,,,,,,,
,,,,,,,,,,,
Color,Cutting Table,M,L,XL,2XL,Total Pcs,,,,,
BLACK [4],7,19,38,19,19,95,,,,,
15% [4],7,20,40,20,20,100,,,,,
CEMENT [4],7,20,40,20,20,100,,,,,
MOUSE [4],7,19,38,19,19,95,,,,,
DK GREY [4],7,18,36,18,18,90,,,,,
WHITE [4],7,20,40,20,20,100,,,,,
BLACK 2,7,20,40,20,20,100,,,,,
Total,,136,272,136,136,680,,,,,
,,,,,,,,,,,
,,,,,,,,,,,
Cutting Matrix — Lot 76123,,,,,,,,,,,
Lot Number:,76123,Style:,BOXY FIT SHIRT,,,,,,,,
Fabric:,BERRY BLAST,Garment Type:,SHIRT,,,,,,,,
,,,,,,,,,,,
Color,Cutting Table,M,L,XL,Total Pcs,,,,,,
BLACK (BB) [2],9,46,46,23,115,,,,,,
WHITE (BB) [2],9,60,60,30,150,,,,,,
CAMEL (BB) [2],0,0,0,0,0,,,,,,
GREEN (BB) [1],9,30,30,15,75,,,,,,
SKY (OS) [2],9,60,60,30,150,,,,,,
B.GREEN (OS) [2],9,24,24,12,60,,,,,,
ORANGE (OS) [2],9,54,54,27,135,,,,,,
GREY,9,30,30,15,75,,,,,,
Total,,304,304,152,760,,,,,,
,,,,,,,,,,,
Cutting Matrix — Lot 76137,,,,,,,,,,,
Lot Number:,76137,Style:,BOXY FIT FULL ZIPPER,,,,,,,,
Fabric:,BERRY BLAST,Garment Type:,SHIRT,,,,,,,,
,,,,,,,,,,,
Color,Cutting Table,M,L,XL,Total Pcs,,,,,,
BLACK (BERRY BLAST) [2],16,57,57,29,143,,,,,,
SKY (BERRY BLAST) [2],16,56,56,28,140,,,,,,
WHITE (BERRY BLAST) [2],16,64,64,32,160,,,,,,
RED (LINING) [2],16,72,72,36,180,,,,,,
SKY (LINING) [2],16,72,72,36,180,,,,,,
Total,,321,321,161,803,,,,,,
,,,,,,,,,,,
,,,,,,,,,,,
Cutting Matrix — Lot 76136,,,,,,,,,,,
Lot Number:,76136,Style:,BOXY FIT,,,,,,,,
Fabric:,BERRY BLAST,Garment Type:,SHIRT,,,,,,,,
,,,,,,,,,,,
Color,Cutting Table,M,L,XL,Total Pcs,,,,,,
WHITE (BERRY BLAST) [2],6,60,60,30,150,,,,,,
BLACK (BERRY BLAST) [2],6,46,46,23,115,,,,,,
SKY (BERRY BLAST) [2],6,64,64,32,160,,,,,,
BLUE (LINING) [1],6,26,26,13,65,,,,,,
RED (LINING) [1],6,28,28,14,70,,,,,,
GREEN (LINING) [1],6,30,30,15,75,,,,,,
SKY (LINING) [1],6,30,30,15,75,,,,,,
Total,,284,284,142,710,,,,,,
,,,,,,,,,,,
,,,,,,,,,,,
Cutting Matrix — Lot 76138,,,,,,,,,,,
Lot Number:,76138,Style:,HALF ZIPPER COLLAR SHIRT,,,,,,,,
Fabric:,OXFORD STRIPE,Garment Type:,SHIRT,,,,,,,,
,,,,,,,,,,,
Color,Cutting Table,M,L,XL,Total Pcs,,,,,,
PINK [2],12,70,70,35,175,,,,,,
L.GREY [2],12,72,72,36,180,,,,,,
ROYAL [2],12,72,72,36,180,,,,,,
SKY [2],12,72,72,36,180,,,,,,
LAVENDER [2],12,70,70,35,175,,,,,,
BLACK [2],12,70,70,35,175,,,,,,
Total,,426,426,213,1065,,,,,,
,,,,,,,,,,,
,,,,,,,,,,,
Cutting Matrix — Lot 11970,,,,,,,,,,,
Lot Number:,11970,Style:,REGUNAOR SLEEVE PLAIN R/N,,,,,,,,
Fabric:,MH FLEECE,Garment Type:,SWEATSHIRT  R/N,,,,,,,,
,,,,,,,,,,,
Color,Cutting Table,M,L,XL,2XL,Total Pcs,,,,,
WHITE (D   ARMY CLOTH  BAJU GALLA) [4],14,26,52,26,26,130,,,,,
BLACK (E) [4],14,28,56,28,28,140,,,,,
D.GREY (B) [4],14,26,52,26,26,130,,,,,
CEMENT(B) [4],14,28,56,28,28,140,,,,,
BLACK (B) [4],14,30,60,30,30,150,,,,,
15% (D) [4],14,28,56,28,28,140,,,,,
Total,,166,332,166,166,830,,,,,
,,,,,,,,,,,
,,,,,,,,,,,
Cutting Matrix — Lot 61308,,,,,,,,,,,
Lot Number:,61308,Style:,PLAIN LOWER,,,,,,,,
Fabric:,Cotton waffel back side antipilling,Garment Type:,LOWER,,,,,,,,
,,,,,,,,,,,
Color,Cutting Table,M,L,XL,2XL,Total Pcs,,,,,
BLACK [2],7,32,32,16,16,96,,,,,
OFF WHITE [2],7,30,30,15,15,90,,,,,
GREY [2],7,32,32,16,16,96,,,,,
NAVY [2],7,32,32,16,16,96,,,,,
D.GREY [2],7,30,30,15,15,90,,,,,
BLACK 2,7,32,32,16,16,96,,,,,
Total,,188,188,94,94,564,,,,,
,,,,,,,,,,,
,,,,,,,,,,,
Cutting Matrix — Lot 12003,,,,,,,,,,,
Lot Number:,12003,Style:,R/N DOCTOR SLEEVE,,,,,,,,
Fabric:,RFD FLEECE OUTSIDE ANTIFILLING,Garment Type:,SWEATSHIRT  R/N,,,,,,,,
,,,,,,,,,,,
Color,Cutting Table,M,L,XL,Total Pcs,,,,,,
RFD [5],4,70,70,35,175,,,,,,
RFD 2,4,70,70,35,175,,,,,,
RFD 3,4,70,70,35,175,,,,,,
RFD 4,4,70,70,35,175,,,,,,
RFD 5,4,70,70,35,175,,,,,,
Total,,350,350,175,875,,,,,,
,,,,,,,,,,,
,,,,,,,,,,,
Cutting Matrix — Lot 12004,,,,,,,,,,,
Lot Number:,12004,Style:,FANCY HOODY SWEATSHIRT,,,,,,,,
Fabric:,RFD FLEECE OUTSIDE ANTIFILLING,Garment Type:,SWEATSHIRT HOODIE,,,,,,,,
,,,,,,,,,,,
Color,Cutting Table,M,L,XL,Total Pcs,,,,,,
RFD [5],14,60,60,30,150,,,,,,
RFD 2,14,60,60,30,150,,,,,,
RFD 3,14,60,60,30,150,,,,,,
RFD 4,14,60,60,30,150,,,,,,
RFD 5,14,60,60,30,150,,,,,,
Total,,300,300,150,750,,,,,,
,,,,,,,,,,,
,,,,,,,,,,,
Cutting Matrix — Lot 12006,,,,,,,,,,,
Lot Number:,12006,Style:,LOWER,,,,,,,,
Fabric:,FANCY CLOTH MICKEY TT,Garment Type:,LOWER,,,,,,,,
,,,,,,,,,,,
Color,Cutting Table,M,L,XL,2XL,Total Pcs,,,,,
B.GREEN (OFF WHITE) [4],1,31,62,31,31,155,,,,,
BRICK (L.GREY M.M) [4],1,32,64,32,32,160,,,,,
BLACK (BRICK) [4],1,29,58,29,29,145,,,,,
D.CAMEL (D.OLIVE) [4],1,32,64,32,32,160,,,,,
GREY (OFF WHITE) [4],1,30,60,30,30,150,,,,,
L.GREY M.M MICKY (D.OLIVE) [4],1,27,54,27,27,135,,,,,
Total,,181,362,181,181,905,,,,,
,,,,,,,,,,,
,,,,,,,,,,,
Cutting Matrix — Lot 76144,,,,,,,,,,,
Lot Number:,76144,Style:,CONTRAST THREAD SHIRT,,,,,,,,
Fabric:,TOMMY BIO LYCRA,Garment Type:,SHIRT,,,,,,,,
,,,,,,,,,,,
Color,Cutting Table,M,L,XL,Total Pcs,,,,,,
L GREY [2],15,58,58,29,145,,,,,,
NAVY [2],15,56,56,28,140,,,,,,
KHAKHI [2],15,52,52,26,130,,,,,,
BLACK [2],15,50,50,25,125,,,,,,
OFF WHITE [2],15,50,50,25,125,,,,,,
OLIVE [2],15,52,52,26,130,,,,,,
BLACK,15,50,50,25,125,,,,,,
OFF WHITE 2,15,50,50,25,125,,,,,,
Total,,418,418,209,1045,,,,,,
,,,,,,,,,,,
,,,,,,,,,,,
Cutting Matrix — Lot 76141,,,,,,,,,,,
Lot Number:,76141,Style:,SHIRT,,,,,,,,
Fabric:,OXFORD STRIPE,Garment Type:,SHIRT,,,,,,,,
,,,,,,,,,,,
Color,Cutting Table,M,L,XL,2XL,Total Pcs,,,,,
AQUA OS [2],8,43,43,43,43,172,,,,,
GOLD OS [2],8,45,45,45,45,180,,,,,
RED OS [2],8,45,45,45,45,180,,,,,
SKY BB [2],8,42,42,42,42,168,,,,,
WHITE BB [2],8,42,42,42,42,168,,,,,
NAVY BB [2],8,49,49,49,49,196,,,,,
Total,,266,266,266,266,1064,,,,,
,,,,,,,,,,,
,,,,,,,,,,,
Cutting Matrix — Lot 61315,,,,,,,,,,,
Lot Number:,61315,Style:,T NECK FULL ZIPPER,,,,,,,,
Fabric:,Fancy cloth georgia,Garment Type:,SWEATSHIRT,,,,,,,,
,,,,,,,,,,,
Color,Cutting Table,M,L,XL,2XL,Total Pcs,,,,,
BLACK (ROYAL) [3],2,18,36,18,18,90,,,,,
WHITE (NAVY) [3],0,0,0,0,0,0,,,,,
GREY (WHITE) [3],2,18,36,18,18,90,,,,,
NAVY (WHITE) [3],2,18,36,18,18,90,,,,,
ROYAL (WHITE) [3],2,18,36,18,18,90,,,,,
FAWN (BLACK) [3],2,18,36,18,18,90,,,,,
RED (NAVY) [3],0,0,0,0,0,0,,,,,
WHITE (RED) [3],2,18,36,18,18,90,,,,,
RED (WHITE) [3],2,18,36,18,18,90,,,,,
Total,,126,252,126,126,630,,,,,
,,,,,,,,,,,
,,,,,,,,,,,
Cutting Matrix — Lot 76142,,,,,,,,,,,
Lot Number:,76142,Style:,DOUBLE COLLAR SHIRT,,,,,,,,
Fabric:,OXFORD STRIPE,Garment Type:,SHIRT,,,,,,,,
,,,,,,,,,,,
Color,Cutting Table,M,L,XL,2XL,Total Pcs,,,,,
NAVY [2],6,41,41,41,41,164,,,,,
ORANGE [2],6,45,45,45,45,180,,,,,
OLIVE [2],6,37,37,37,37,148,,,,,
RED [2],6,44,44,44,44,176,,,,,
D.SKY [2],6,40,40,40,40,160,,,,,
BEIGE [2],6,42,42,42,42,168,,,,,
PISTA [2],6,42,42,42,42,168,,,,,
B.GREEN [2],6,40,40,40,40,160,,,,,
BLACK [2],6,35,35,35,35,140,,,,,
Total,,366,366,366,366,1464,,,,,
,,,,,,,,,,,
,,,,,,,,,,,
Cutting Matrix — Lot 76143,,,,,,,,,,,
Lot Number:,76143,Style:,DENIM COLLAR SHIRT,,,,,,,,
Fabric:,OXFORD STRIPE,Garment Type:,SHIRT,,,,,,,,
,,,,,,,,,,,
Color,Cutting Table,M,L,XL,2XL,Total Pcs,,,,,
M.SKY [2],16,41,41,41,41,164,,,,,
BROWN [2],16,45,45,45,45,180,,,,,
PINK [2],16,45,45,45,45,180,,,,,
SKIN [2],16,45,45,45,45,180,,,,,
ROYAL [2],16,41,41,41,41,164,,,,,
BLACK [2],16,30,30,30,30,120,,,,,
GREEN [2],16,47,47,47,47,188,,,,,
L.SKY [2],16,21,21,21,21,84,,,,,
MEHROON [2],16,55,55,55,55,220,,,,,
Total,,370,370,370,370,1480,,,,,
,,,,,,,,,,,
,,,,,,,,,,,
Cutting Matrix — Lot 12009,,,,,,,,,,,
Lot Number:,12009,Style:,cross hoddy full ziper with kangaroo pocket,,,,,,,,
Fabric:,Fancy cloth georgia,Garment Type:,SWEATSHIRT HOODIE,,,,,,,,
,,,,,,,,,,,
Color,Cutting Table,M,L,XL,Total Pcs,,,,,,
BLACK [3],9,44,44,22,110,,,,,,
WHITE [3],9,44,44,22,110,,,,,,
GREY [3],9,44,44,22,110,,,,,,
NAVY [3],9,40,40,20,100,,,,,,
CREAM [3],9,40,40,20,100,,,,,,
RED [3],9,42,42,21,105,,,,,,
FAWN [3],9,44,44,22,110,,,,,,
GREY MILLANGE [3],9,44,44,22,110,,,,,,
DEEP GRAY [3],9,40,40,20,100,,,,,,
ROYAL [3],9,44,44,22,110,,,,,,
Total,,426,426,213,1065,,,,,,
,,,,,,,,,,,
,,,,,,,,,,,
Cutting Matrix — Lot 76147,,,,,,,,,,,
Lot Number:,76147,Style:,3 BONE BOXY SHIRT,,,,,,,,
Fabric:,OXFORD STRIPE,Garment Type:,SHIRT,,,,,,,,
,,,,,,,,,,,
Color,Cutting Table,M,L,XL,Total Pcs,,,,,,
PISTA [2],15,54,54,27,135,,,,,,
LT BEIGE [2],15,54,54,27,135,,,,,,
SKY [2],15,56,56,28,140,,,,,,
ROYAL [2],15,52,52,26,130,,,,,,
LT PINK [2],15,50,50,25,125,,,,,,
Total,,266,266,133,665,,,,,,
,,,,,,,,,,,
,,,,,,,,,,,
Cutting Matrix — Lot 11997,,,,,,,,,,,
Lot Number:,11997,Style:,TRACKSUIT,,,,,,,,
Fabric:,MH FLEECE,Garment Type:,TS - SWEATSHIRT,,,,,,,,
,,,,,,,,,,,
Color,Cutting Table,M,L,XL,Total Pcs,,,,,,
RED [4],13,50,50,25,125,,,,,,
NAVY [4],13,50,50,25,125,,,,,,
OFF WHITE [4],13,50,50,25,125,,,,,,
LIGHT BEIGE [4],13,50,50,25,125,,,,,,
15% [4],13,52,52,26,130,,,,,,
Total,,252,252,126,630,,,,,,
,,,,,,,,,,,
,,,,,,,,,,,
Cutting Matrix — Lot 11998,,,,,,,,,,,
Lot Number:,11998,Style:,TRACKSUIT,,,,,,,,
Fabric:,MH FLEECE,Garment Type:,TS - LOWER,,,,,,,,
,,,,,,,,,,,
Color,Cutting Table,M,L,XL,Total Pcs,,,,,,
RED [4],13,50,50,25,125,,,,,,
NAVY [4],13,50,50,25,125,,,,,,
OFF WHITE [4],13,50,50,25,125,,,,,,
LIGHT BEIGE [4],13,50,50,25,125,,,,,,
15% [4],13,52,52,26,130,,,,,,
Total,,252,252,126,630,,,,,,
,,,,,,,,,,,
,,,,,,,,,,,
Cutting Matrix — Lot 12001,,,,,,,,,,,
Lot Number:,12001,Style:,TRACKSUIT T-NECK FULL ZIPPER,,,,,,,,
Fabric:,Fancy cloth georgia,Garment Type:,TS - UPPER,,,,,,,,
,,,,,,,,,,,
Color,Cutting Table,M,L,XL,2XL,Total Pcs,,,,,
BLACK (WHITE) [3],14,15,30,15,15,75,,,,,
GREY (WHITE) [3],14,15,30,15,15,75,,,,,
NAVY (WHITE) [3],14,15,30,15,15,75,,,,,
15% (DEEP GREY) [3],14,15,30,15,15,75,,,,,
D.GREY (WHITE) [3],14,15,30,15,15,75,,,,,
Total,,75,150,75,75,375,,,,,
,,,,,,,,,,,
,,,,,,,,,,,
Cutting Matrix — Lot 12002,,,,,,,,,,,
Lot Number:,12002,Style:,TRACKSUIT LOWER  CONTRAST,,,,,,,,
Fabric:,Fancy cloth georgia,Garment Type:,TS - LOWER,,,,,,,,
,,,,,,,,,,,
Color,Cutting Table,M,L,XL,2XL,Total Pcs,,,,,
BLACK (WHITE) [3],14,15,30,15,15,75,,,,,
GREY (WHITE) [3],14,15,30,15,15,75,,,,,
NAVY (WHITE) [3],14,15,30,15,15,75,,,,,
15% (DEEP GREY) [3],14,15,30,15,15,75,,,,,
D.GREY (WHITE) [3],14,15,30,15,15,75,,,,,
Total,,75,150,75,75,375,,,,,
,,,,,,,,,,,
,,,,,,,,,,,
Cutting Matrix — Lot 12012,,,,,,,,,,,
Lot Number:,12012,Style:,MONKEY HOODY WITH ZIPPER,,,,,,,,
Fabric:,Fancy cloth georgia,Garment Type:,SWEATSHIRT HOODIE,,,,,,,,
,,,,,,,,,,,
Color,Cutting Table,M,L,XL,Total Pcs,,,,,,
BLACK [3],13,40,40,20,100,,,,,,
OFF WHITE [3],13,40,40,20,100,,,,,,
RED [3],13,40,40,20,100,,,,,,
ROYAL [3],13,40,40,20,100,,,,,,
GREY [3],13,40,40,20,100,,,,,,
CREAM [3],13,40,40,20,100,,,,,,
Total,,240,240,120,600,,,,,,
,,,,,,,,,,,
,,,,,,,,,,,
Cutting Matrix — Lot 12000,,,,,,,,,,,
Lot Number:,12000,Style:,CONTRAST BELT CROSS POCKET LOWER,,,,,,,,
Fabric:,MH FLEECE,Garment Type:,LOWER,,,,,,,,
,,,,,,,,,,,
Color,Cutting Table,M,L,XL,2XL,Total Pcs,,,,,
BLACK (L BEIGE) [4],2,25,50,25,25,125,,,,,
OFF WHITE (L GREY) [4],2,25,50,25,25,125,,,,,
BLACK (CEMENT) [4],2,25,50,25,25,125,,,,,
L.BEIGE (BLACK) [4],2,25,50,25,25,125,,,,,
L.GREY (WHITE) [4],2,25,50,25,25,125,,,,,
CEMENT (BLACK) [4],2,25,50,25,25,125,,,,,
Total,,150,300,150,150,750,,,,,
,,,,,,,,,,,
,,,,,,,,,,,
Cutting Matrix — Lot 61316,,,,,,,,,,,
Lot Number:,61316,Style:,CROSS HOODY SWEATSHIRT,,,,,,,,
Fabric:,JACKPOT PRINT,Garment Type:,SWEATSHIRT HOODIE,,,,,,,,
,,,,,,,,,,,
Color,Cutting Table,M,L,XL,Total Pcs,,,,,,
BROWN [2],8,32,32,16,80,,,,,,
OLIVE [2],8,32,32,16,80,,,,,,
VANILA [2],8,32,32,16,80,,,,,,
Total,,96,96,48,240,,,,,,
,,,,,,,,,,,
,,,,,,,,,,,
Cutting Matrix — Lot 12015,,,,,,,,,,,
Lot Number:,12015,Style:,CROSS HOODY SWEATSHIRT,,,,,,,,
Fabric:,JACKPOT PRINT,Garment Type:,SWEATSHIRT HOODIE,,,,,,,,
,,,,,,,,,,,
Color,Cutting Table,M,L,XL,Total Pcs,,,,,,
BROWN [2],8,34,34,17,85,,,,,,
OLIVE [2],8,34,34,17,85,,,,,,
VANILA [2],8,32,32,16,80,,,,,,
Total,,100,100,50,250,,,,,,
,,,,,,,,,,,
,,,,,,,,,,,
Cutting Matrix — Lot 76146,,,,,,,,,,,
Lot Number:,76146,Style:,NORMAL SHIRT,,,,,,,,
Fabric:,TOMMY BIO LYCRA,Garment Type:,SHIRT,,,,,,,,
,,,,,,,,,,,
Color,Cutting Table,M,L,XL,2XL,Total Pcs,,,,,
BLACK [1],6,15,15,15,15,60,,,,,
WHITE [1],6,15,15,15,15,60,,,,,
L.GREY [1],6,19,19,19,19,76,,,,,
SKY [1],6,21,21,21,21,84,,,,,
PISTA [1],6,15,15,15,15,60,,,,,
RUST [1],6,17,17,17,17,68,,,,,
Total,,102,102,102,102,408,,,,,
,,,,,,,,,,,
,,,,,,,,,,,
Cutting Matrix — Lot 12010,,,,,,,,,,,
Lot Number:,12010,Style:,BOXY CROSS HOODY ZIPPER,,,,,,,,
Fabric:,Fancy cloth georgia,Garment Type:,TS - UPPER,,,,,,,,
,,,,,,,,,,,
Color,Cutting Table,M,L,XL,Total Pcs,,,,,,
BLACK [3],7,42,42,21,105,,,,,,
WHITE [3],7,40,40,20,100,,,,,,
15% [3],7,40,40,20,100,,,,,,
FAWN [3],7,40,40,20,100,,,,,,
ROYAL [3],7,40,40,20,100,,,,,,
DEEP GREY [3],7,40,40,20,100,,,,,,
Total,,242,242,121,605,,,,,,
,,,,,,,,,,,
,,,,,,,,,,,
Cutting Matrix — Lot 12011,,,,,,,,,,,
Lot Number:,12011,Style:,LOWER,,,,,,,,
Fabric:,Fancy cloth georgia,Garment Type:,TS - UPPER,,,,,,,,
,,,,,,,,,,,
Color,Cutting Table,M,L,XL,Total Pcs,,,,,,
BLACK [3],7,42,42,21,105,,,,,,
WHITE [3],7,40,40,20,100,,,,,,
15% [3],7,40,40,20,100,,,,,,
FAWN [3],7,40,40,20,100,,,,,,
ROYAL [3],7,40,40,20,100,,,,,,
DEEP GREY [3],7,40,40,20,100,,,,,,
Total,,242,242,121,605,,,,,,
,,,,,,,,,,,
,,,,,,,,,,,
Cutting Matrix — Lot 76148,,,,,,,,,,,
Lot Number:,76148,Style:,NORMAL SHIRT WITHOUT POCKET,,,,,,,,
Fabric:,S-RUSSIAN 914,Garment Type:,SHIRT,,,,,,,,
,,,,,,,,,,,
Color,Cutting Table,M,L,XL,2XL,Total Pcs,,,,,
M.SKY [1],12,18,18,18,18,72,,,,,
NAVY [1],12,20,20,20,20,80,,,,,
ORANGE [1],12,21,21,21,21,84,,,,,
PINK [1],12,21,21,21,21,84,,,,,
SKIN [1],12,21,21,21,21,84,,,,,
RED [1],12,21,21,21,21,84,,,,,
ROYAL [1],12,19,19,19,19,76,,,,,
GREEN [1],12,23,23,23,23,92,,,,,
BEIGE [1],12,20,20,20,20,80,,,,,
PISTA [1],12,22,22,22,22,88,,,,,
B.GREEN [1],12,20,20,20,20,80,,,,,
BROWN [1],12,21,21,21,21,84,,,,,
OLIVE[1],12,20,20,20,20,80,,,,,
Total,,267,267,267,267,1068,,,,,
,,,,,,,,,,,
,,,,,,,,,,,
Cutting Matrix — Lot 12007,,,,,,,,,,,
Lot Number:,12007,Style:,CROSS HOODY ZIPPER WITH KANGARO POCKET,,,,,,,,
Fabric:,MH FLEECE,Garment Type:,SWEATSHIRT HOODIE,,,,,,,,
,,,,,,,,,,,
Color,Cutting Table,M,L,XL,Total Pcs,,,,,,
BLACK [3],1,40,40,20,100,,,,,,
WHITE [3],1,40,40,20,100,,,,,,
15% [3],1,40,40,20,100,,,,,,
RED [3],1,38,38,19,95,,,,,,
OFF WHITE [3],1,40,40,20,100,,,,,,
SURF [3],1,44,44,22,110,,,,,,
L.BEIGE [3],1,40,40,20,100,,,,,,
D.GREY [3],1,38,38,19,95,,,,,,
DENIM BLUE [3],1,40,40,20,100,,,,,,
C.GREEN [3],1,40,40,20,100,,,,,,
COFFEE [3],1,40,40,20,100,,,,,,
OLIVE [3],1,40,40,20,100,,,,,,
L.RUST [3],1,40,40,20,100,,,,,,
BLACK 2,1,40,40,20,100,,,,,,
Total,,560,560,280,1400,,,,,,
,,,,,,,,,,,
,,,,,,,,,,,
Cutting Matrix — Lot 73093,,,,,,,,,,,
Lot Number:,73093,Style:,FILLING JACKET,,,,,,,,
Fabric:,Z CIRE,Garment Type:,JACKET,,,,,,,,
,,,,,,,,,,,
Color,Cutting Table,M,L,XL,2XL,Total Pcs,,,,,
GREEN [2],8,16,32,16,16,80,,,,,
L.GREY [2],8,16,32,16,16,80,,,,,
BLACK [2],8,47,94,47,47,235,,,,,
SILVER [2],8,15,30,15,15,75,,,,,
L.BROWN [2],8,19,38,19,19,95,,,,,
NAVY [2],8,16,32,16,16,80,,,,,
Total,,129,258,129,129,645,,,,,
,,,,,,,,,,,
,,,,,,,,,,,
Cutting Matrix — Lot 12019,,,,,,,,,,,
Lot Number:,12019,Style:,MONKEY HOODY FULL ZIPPER,,,,,,,,
Fabric:,HARRIS PRINT GS-5522,Garment Type:,WINDCHEATER,,,,,,,,
,,,,,,,,,,,
Color,Cutting Table,M,L,XL,2XL,Total Pcs,,,,,
IVORY [2],9,21,42,21,21,105,,,,,
FAWN [2],9,21,42,21,21,105,,,,,
SILVER [2],9,21,42,21,21,105,,,,,
D.GREY [2],9,21,42,21,21,105,,,,,
STONE [2],9,21,42,21,21,105,,,,,
Total,,105,210,105,105,525,,,,,
,,,,,,,,,,,
,,,,,,,,,,,
Cutting Matrix — Lot 12017,,,,,,,,,,,
Lot Number:,12017,Style:,CROSS POCKET BOXY LOWER,,,,,,,,
Fabric:,RFD FLEECE OUTSIDE ANTIFILLING,Garment Type:,LOWER,,,,,,,,
,,,,,,,,,,,
Color,Cutting Table,M,L,XL,Total Pcs,,,,,,
RFD [5],2,60,60,30,150,,,,,,
RFD 2,2,60,60,30,150,,,,,,
RFD 4,2,60,60,30,150,,,,,,
RFD 3,2,60,60,30,150,,,,,,
Total,,240,240,120,600,,,,,,
,,,,,,,,,,,
,,,,,,,,,,,
Cutting Matrix — Lot 11999,,,,,,,,,,,
Lot Number:,11999,Style:,CONTRAST BELT LOWER,,,,,,,,
Fabric:,MH FLEECE,Garment Type:,LOWER,,,,,,,,
,,,,,,,,,,,
Color,Cutting Table,M,L,XL,2XL,Total Pcs,,,,,
15% (WHITE) [4],14,25,50,25,25,125,,,,,
BLACK (L BEIGE) [4],14,25,50,25,25,125,,,,,
BLACK (L.GREY) [4],14,25,50,25,25,125,,,,,
L.GREY (BLACK) [4],14,25,50,25,25,125,,,,,
L.BEIGE (OLIVE) [4],14,25,50,25,25,125,,,,,
OLIVE (BLACK) [4],14,25,50,25,25,125,,,,,
OFF WHITE (15%) [4],14,25,50,25,25,125,,,,,
Total,,175,350,175,175,875,,,,,
,,,,,,,,,,,
,,,,,,,,,,,
Cutting Matrix — Lot 12020,,,,,,,,,,,
Lot Number:,12020,Style:,MONKEY HOODY FULL ZIPER,,,,,,,,
Fabric:,ROAD STAR,Garment Type:,WINDCHEATER,,,,,,,,
,,,,,,,,,,,
Color,Cutting Table,M,L,XL,2XL,Total Pcs,,,,,
BLACK [2],15,20,40,20,20,100,,,,,
DEEP GREY [2],15,20,40,20,20,100,,,,,
OLIVE [2],15,20,40,20,20,100,,,,,
L.GREY [2],15,20,40,20,20,100,,,,,
MOUSE [2],15,20,40,20,20,100,,,,,
Total,,100,200,100,100,500,,,,,
,,,,,,,,,,,
,,,,,,,,,,,
Cutting Matrix — Lot 12026,,,,,,,,,,,
Lot Number:,12026,Style:,PINTEX LOWER,,,,,,,,
Fabric:,RFD FLEECE OUTSIDE ANTIFILLING,Garment Type:,LOWER,,,,,,,,
,,,,,,,,,,,
Color,Cutting Table,M,L,XL,Total Pcs,,,,,,
RFD [5],1,60,60,30,150,,,,,,
RFD 2,1,60,60,30,150,,,,,,
RFD 3,1,60,60,30,150,,,,,,
RFD 4,1,60,60,30,150,,,,,,
Total,,240,240,120,600,,,,,,
,,,,,,,,,,,
,,,,,,,,,,,
Cutting Matrix — Lot 12016,,,,,,,,,,,
Lot Number:,12016,Style:,BOXY LOWER,,,,,,,,
Fabric:,RFD FLEECE OUTSIDE ANTIFILLING,Garment Type:,LOWER,,,,,,,,
,,,,,,,,,,,
Color,Cutting Table,M,L,XL,Total Pcs,,,,,,
RFD [5],13,60,60,30,150,,,,,,
RFD 4,13,60,60,30,150,,,,,,
RFD 5,13,60,60,30,150,,,,,,
RFD 2,13,60,60,30,150,,,,,,
Total,,240,240,120,600,,,,,,
,,,,,,,,,,,
,,,,,,,,,,,
Cutting Matrix — Lot 12021,,,,,,,,,,,
Lot Number:,12021,Style:,MONKEY HOODY FULL TWO WAY ZIPPER,,,,,,,,
Fabric:,D#11,Garment Type:,WINDCHEATER,,,,,,,,
,,,,,,,,,,,
Color,Cutting Table,M,L,XL,2XL,Total Pcs,,,,,
FAWN [2],12,21,42,21,21,105,,,,,
BROWN [2],12,21,42,21,21,105,,,,,
SILVER [2],12,21,42,21,21,105,,,,,
BLACK [2],12,21,42,21,21,105,,,,,
Total,,84,168,84,84,420,,,,,
,,,,,,,,,,,
,,,,,,,,,,,
Cutting Matrix — Lot 73095,,,,,,,,,,,
Lot Number:,73095,Style:,BOXY JACKET,,,,,,,,
Fabric:,SUEDE,Garment Type:,JACKET,,,,,,,,
,,,,,,,,,,,
Color,Cutting Table,M,L,XL,Total Pcs,,,,,,
BLACK [1],9,50,50,25,125,,,,,,
COFFEE [1],9,50,50,25,125,,,,,,
BROWN [1],9,50,50,25,125,,,,,,
STONE [1],9,50,50,25,125,,,,,,
Total,,200,200,100,500,,,,,,
,,,,,,,,,,,
,,,,,,,,,,,
Cutting Matrix — Lot 73094,,,,,,,,,,,
Lot Number:,73094,Style:,BOX LEATHER JACKET,,,,,,,,
Fabric:,CROCODILE LEATHER,Garment Type:,JACKET,,,,,,,,
,,,,,,,,,,,
Color,Cutting Table,M,L,XL,Total Pcs,,,,,,
BLACK [12],8,148,148,74,370,,,,,,
BROWN [6],8,72,72,36,180,,,,,,
CHERRY [2],8,24,24,12,60,,,,,,
TAN [6],8,72,72,36,180,,,,,,
Total,,316,316,158,790,,,,,,
,,,,,,,,,,,
,,,,,,,,,,,
Cutting Matrix — Lot 73096,,,,,,,,,,,
Lot Number:,73096,Style:,BOXY JACKET,,,,,,,,
Fabric:,SUEDE,Garment Type:,JACKET,,,,,,,,
,,,,,,,,,,,
Color,Cutting Table,M,L,XL,Total Pcs,,,,,,
BLACK [1],15,50,50,25,125,,,,,,
COFFEE [1],15,50,50,25,125,,,,,,
BROWN [1],15,50,50,25,125,,,,,,
STONE [1],15,50,50,25,125,,,,,,
Total,,200,200,100,500,,,,,,
,,,,,,,,,,,
,,,,,,,,,,,
Cutting Matrix — Lot 61311,,,,,,,,,,,
Lot Number:,61311,Style:,CROSS HODDIE,,,,,,,,
Fabric:,Germony fancy cloth,Garment Type:,TS - SWEATSHIRT,,,,,,,,
,,,,,,,,,,,
Color,Cutting Table,M,L,XL,Total Pcs,,,,,,
BLACK [2],4,30,30,15,75,,,,,,
BUTTER [2],4,30,30,15,75,,,,,,
COFFEE [2],4,28,28,14,70,,,,,,
OLIVE [2],4,30,30,15,75,,,,,,
GRAY [2],4,30,30,15,75,,,,,,
CAMEL [2],4,30,30,15,75,,,,,,
Total,,178,178,89,445,,,,,,
,,,,,,,,,,,
,,,,,,,,,,,
Cutting Matrix — Lot 61312,,,,,,,,,,,
Lot Number:,61312,Style:,LOWER,,,,,,,,
Fabric:,Germony fancy cloth,Garment Type:,TS - LOWER,,,,,,,,
,,,,,,,,,,,
Color,Cutting Table,M,L,XL,Total Pcs,,,,,,
BLACK [2],4,30,30,15,75,,,,,,
BUTTER [2],4,30,30,15,75,,,,,,
COFFEE [2],4,28,28,14,70,,,,,,
OLIVE [2],4,30,30,15,75,,,,,,
GRAY [2],4,30,30,15,75,,,,,,
CAMEL [2],4,30,30,15,75,,,,,,
Total,,178,178,89,445,,,,,,
,,,,,,,,,,,
,,,,,,,,,,,
Cutting Matrix — Lot 12023,,,,,,,,,,,
Lot Number:,12023,Style:,BOXY CONTRAST BELT,,,,,,,,
Fabric:,MH FLEECE,Garment Type:,LOWER,,,,,,,,
,,,,,,,,,,,
Color,Cutting Table,M,L,XL,Total Pcs,,,,,,
BLACK [4],14,44,44,22,110,,,,,,
LIGHT GRAY [4],14,44,44,22,110,,,,,,
LIGHT BEIGE [4],14,42,42,21,105,,,,,,
D.GRAY [4],14,44,44,22,110,,,,,,
15% [4],14,44,44,22,110,,,,,,
WHITE [4],14,44,44,22,110,,,,,,
BLACK 2,14,44,44,22,110,,,,,,
Total,,306,306,153,765,,,,,,
,,,,,,,,,,,
,,,,,,,,,,,
Cutting Matrix — Lot 61323,,,,,,,,,,,
Lot Number:,61323,Style:,LOWER,,,,,,,,
Fabric:,MH FLEECE,Garment Type:,LOWER,,,,,,,,
,,,,,,,,,,,
Color,Cutting Table,M,L,XL,2XL,Total Pcs,,,,,
BLACK (BLACK) [3],1,32,32,16,16,96,,,,,
BLACK (LIGHT BEIGE) [3],1,34,34,17,17,102,,,,,
15% (LIGHT BEIGE) [3],1,34,34,17,17,102,,,,,
LIGHT BEIGE (NAVY) [3],,,,,,0,,,,,
D.OLIVE (LIGHT BEIGE) [3],1,30,30,15,15,90,,,,,
D.GREY (LIGHT BEIGE) [3],1,30,30,15,15,90,,,,,
MOUSE (BLACK) [3],1,32,32,16,16,96,,,,,
Total,,192,192,96,96,576,,,,,
,,,,,,,,,,,
,,,,,,,,,,,
Cutting Matrix — Lot 12022,,,,,,,,,,,
Lot Number:,12022,Style:,COLLAR FULL ZIPPER,,,,,,,,
Fabric:,Q#2,Garment Type:,WINDCHEATER,,,,,,,,
,,,,,,,,,,,
Color,Cutting Table,M,L,XL,Total Pcs,,,,,,
RED [2],8,40,40,20,100,,,,,,
LEMON [2],8,40,40,20,100,,,,,,
FEROZZI [2],8,48,48,24,120,,,,,,
SKY [2],8,48,48,24,120,,,,,,
ORANGE [2],8,50,50,25,125,,,,,,
BLACK [2],8,48,48,24,120,,,,,,
L.GREY [2],8,52,52,26,130,,,,,,
GREY [2],8,50,50,25,125,,,,,,
GREEN [2],8,48,48,24,120,,,,,,
Total,,424,424,212,1060,,,,,,
,,,,,,,,,,,
,,,,,,,,,,,
Cutting Matrix — Lot 61292,,,,,,,,,,,
Lot Number:,61292,Style:,REGULAR,,,,,,,,
Fabric:,MH FLEECE,Garment Type:,LOWER,,,,,,,,
,,,,,,,,,,,
Color,Cutting Table,M,L,XL,Total Pcs,,,,,,
BLACK [3],2,38,38,19,95,,,,,,
15% [3],2,38,38,19,95,,,,,,
RED (HALF) [2],2,20,20,10,50,,,,,,
WHITE [3],2,40,40,20,100,,,,,,
Total,,136,136,68,340,,,,,,
,,,,,,,,,,,
,,,,,,,,,,,
Cutting Matrix — Lot 61295,,,,,,,,,,,
Lot Number:,61295,Style:,REGULAR,,,,,,,,
Fabric:,MH FLEECE,Garment Type:,LOWER,,,,,,,,
,,,,,,,,,,,
Color,Cutting Table,M,L,XL,Total Pcs,,,,,,
BLACK [3],2,38,38,19,95,,,,,,
15% [3],2,38,38,19,95,,,,,,
L. BEIGE [3],2,36,36,18,90,,,,,,
CREAM [3],2,38,38,19,95,,,,,,
Total,,150,150,75,375,,,,,,
,,,,,,,,,,,
,,,,,,,,,,,
Cutting Matrix — Lot 76145,,,,,,,,,,,
Lot Number:,76145,Style:,BOXY FIT,,,,,,,,
Fabric:,TOMMY BIO LYCRA,Garment Type:,SHIRT,,,,,,,,
,,,,,,,,,,,
Color,Cutting Table,M,L,XL,Total Pcs,,,,,,
BLACK [1],16,22,22,11,55,,,,,,
WHITE [1],16,24,24,12,60,,,,,,
LEMON [1],16,22,22,11,55,,,,,,
LT. BEIGE [1],16,28,28,14,70,,,,,,
RUST [1],16,24,24,12,60,,,,,,
Total,,120,120,60,300,,,,,,
,,,,,,,,,,,
,,,,,,,,,,,
Cutting Matrix — Lot 12008,,,,,,,,,,,
Lot Number:,12008,Style:,CROSS HODDY ZIPPER WITH KANGAROO POCKET,,,,,,,,
Fabric:,MH FLEECE,Garment Type:,SWEATSHIRT HOODIE,,,,,,,,
,,,,,,,,,,,
Color,Cutting Table,M,L,XL,Total Pcs,,,,,,
BLACK [3],7,44,44,22,110,,,,,,
WHITE [3],7,42,42,21,105,,,,,,
15% [3],7,42,42,21,105,,,,,,
RED [3],7,42,42,21,105,,,,,,
OFF WHITE [3],7,42,42,21,105,,,,,,
SURF [3],7,36,36,18,90,,,,,,
L.BEIGE [3],7,42,42,21,105,,,,,,
D.GREY [3],7,42,42,21,105,,,,,,
DENIM BLUE [3],7,40,40,20,100,,,,,,
C.GREEN [3],7,38,38,19,95,,,,,,
COFFEE [3],7,40,40,20,100,,,,,,
OLIVE [3],7,38,38,19,95,,,,,,
L.RUST [3],7,40,40,20,100,,,,,,
BLACK 2,7,44,44,22,110,,,,,,
Total,,572,572,286,1430,,,,,,
,,,,,,,,,,,
,,,,,,,,,,,
Cutting Matrix — Lot 61294,,,,,,,,,,,
Lot Number:,61294,Style:,REGULAR,,,,,,,,
Fabric:,MH FLEECE,Garment Type:,LOWER,,,,,,,,
,,,,,,,,,,,
Color,Cutting Table,M,L,XL,Total Pcs,,,,,,
BLACK [3],2,38,38,19,95,,,,,,
15% [3],2,38,38,19,95,,,,,,
ROYAL [3],2,36,36,18,90,,,,,,
Total,,112,112,56,280,,,,,,
,,,,,,,,,,,
,,,,,,,,,,,
Cutting Matrix — Lot 12024,,,,,,,,,,,
Lot Number:,12024,Style:,BOXY LOWER,,,,,,,,
Fabric:,MH FLEECE,Garment Type:,LOWER,,,,,,,,
,,,,,,,,,,,
Color,Cutting Table,M,L,XL,Total Pcs,,,,,,
BLACK [4],13,44,44,22,110,,,,,,
15% [4],13,42,42,21,105,,,,,,
LIGHT GRAY [4],13,40,40,20,100,,,,,,
LIGHT BEIGE [4],13,44,44,22,110,,,,,,
CAMEL NEW [4],13,42,42,21,105,,,,,,
BLACK2,13,48,48,24,120,,,,,,
Total,,260,260,130,650,,,,,,
,,,,,,,,,,,
,,,,,,,,,,,
Cutting Matrix — Lot 76150,,,,,,,,,,,
Lot Number:,76150,Style:,SINGLE POCKET SHIRT,,,,,,,,
Fabric:,TOMMY BIO LYCRA,Garment Type:,SHIRT,,,,,,,,
,,,,,,,,,,,
Color,Cutting Table,M,L,XL,2XL,Total Pcs,,,,,
WHITE [1],6,13,13,13,13,52,,,,,
FEROZI [1],6,17,17,17,17,68,,,,,
BEIGE [1],6,15,15,15,15,60,,,,,
BLACK [1],6,14,14,14,14,56,,,,,
OLIVE LINING [1],6,19,19,19,19,76,,,,,
LIGHT GREY LINING [1],6,19,19,19,19,76,,,,,
BLACK LINING [1],6,7,7,7,7,28,,,,,
Total,,104,104,104,104,416,,,,,
,,,,,,,,,,,
,,,,,,,,,,,
Cutting Matrix — Lot 61322,,,,,,,,,,,
Lot Number:,61322,Style:,BOXY LOWER,,,,,,,,
Fabric:,SOUTH POLE TT,Garment Type:,LOWER,,,,,,,,
,,,,,,,,,,,
Color,Cutting Table,M,L,XL,Total Pcs,,,,,,
BLACK (X 1.5) [2],2,36,36,18,90,,,,,,
B.GREEN [2],2,24,24,12,60,,,,,,
GRAY [2],2,24,24,12,60,,,,,,
MOUSE [2],2,24,24,12,60,,,,,,
LEAF [2],2,24,24,12,60,,,,,,
Total,,132,132,66,330,,,,,,
,,,,,,,,,,,
,,,,,,,,,,,
Cutting Matrix — Lot 12025,,,,,,,,,,,
Lot Number:,12025,Style:,BOXY LOWER,,,,,,,,
Fabric:,MH FLEECE,Garment Type:,LOWER,,,,,,,,
,,,,,,,,,,,
Color,Cutting Table,M,L,XL,Total Pcs,,,,,,
15% (WHITE) [4],7,40,40,20,100,,,,,,
BLACK (CEMENT) [4],7,40,40,20,100,,,,,,
BLACK (WHITE) [4],7,38,38,19,95,,,,,,
CEMENT (WHITE) [4],7,40,40,20,100,,,,,,
DARK GRAY (WHITE) [4],7,38,38,19,95,,,,,,
LIGHT BEIGE (BLACK) [4],,,,,0,,,,,,
OFF WHITE (CEMENT) [4],7,22,22,11,55,,,,,,
Total,,218,218,109,545,,,,,,
,,,,,,,,,,,
,,,,,,,,,,,
Cutting Matrix — Lot 76153,,,,,,,,,,,
Lot Number:,76153,Style:,SHORT COLLAR WITHOUT POCKET SHIRT,,,,,,,,
Fabric:,BERRY BLAST,Garment Type:,SHIRT,,,,,,,,
,,,,,,,,,,,
Color,Cutting Table,M,L,XL,2XL,Total Pcs,,,,,
WHITE [2],9,20,20,20,20,80,,,,,
BLACK [2],9,20,20,20,20,80,,,,,
SKY [2],9,20,20,20,20,80,,,,,
COFFEE [2],9,20,20,20,20,80,,,,,
BOTTTLE GREEN [2],9,20,20,20,20,80,,,,,
Total,,100,100,100,100,400,,,,,
,,,,,,,,,,,
,,,,,,,,,,,
Cutting Matrix — Lot 76152,,,,,,,,,,,
Lot Number:,76152,Style:,SHORT COLLAR SHIRT,,,,,,,,
Fabric:,BERRY BLAST,Garment Type:,SHIRT,,,,,,,,
,,,,,,,,,,,
Color,Cutting Table,M,L,XL,2XL,Total Pcs,,,,,
WHITE [2],15,20,20,20,20,80,,,,,
BLACK [2],15,20,20,20,20,80,,,,,
SKY [2],15,20,20,20,20,80,,,,,
M.GREY [2],15,20,20,20,20,80,,,,,
CREAM [2],15,21,21,21,21,84,,,,,
Total,,101,101,101,101,404,,,,,
,,,,,,,,,,,
,,,,,,,,,,,
Cutting Matrix — Lot 61317,,,,,,,,,,,
Lot Number:,61317,Style:,MONKEY HOODY,,,,,,,,
Fabric:,HARIS ARMY CAMO PRINT,Garment Type:,TS - SWEATSHIRT,,,,,,,,
,,,,,,,,,,,
Color,Cutting Table,M,L,XL,2XL,Total Pcs,,,,,
OLIVE [2],1,12,24,12,12,60,,,,,
KHAKHI [2],1,12,24,12,12,60,,,,,
GREY [2],1,12,24,12,12,60,,,,,
Total,,36,72,36,36,180,,,,,
,,,,,,,,,,,
,,,,,,,,,,,
Cutting Matrix — Lot 61318,,,,,,,,,,,
Lot Number:,61318,Style:,LOWER,,,,,,,,
Fabric:,HARIS ARMY CAMO PRINT,Garment Type:,TS - LOWER,,,,,,,,
,,,,,,,,,,,
Color,Cutting Table,M,L,XL,2XL,Total Pcs,,,,,
OLIVE [2],1,12,24,12,12,60,,,,,
KHAKHI [2],1,12,24,12,12,60,,,,,
GREY [2],1,12,24,12,12,60,,,,,
Total,,36,72,36,36,180,,,,,
,,,,,,,,,,,
,,,,,,,,,,,
Cutting Matrix — Lot 61320,,,,,,,,,,,
Lot Number:,61320,Style:,BOXY NORMAL HOODY ZIPPER,,,,,,,,
Fabric:,New cord fancy cloth,Garment Type:,SWEATSHIRT HOODIE,,,,,,,,
,,,,,,,,,,,
Color,Cutting Table,M,L,XL,Total Pcs,,,,,,
BLACK [2],14,34,34,17,85,,,,,,
FAWN [2],14,28,28,14,70,,,,,,
COFFEE [2],14,32,32,16,80,,,,,,
RICH NAVY [2],14,28,28,14,70,,,,,,
GRAY [2],14,30,30,15,75,,,,,,
OLIVE [2],14,30,30,15,75,,,,,,
Total,,182,182,91,455,,,,,,
,,,,,,,,,,,
,,,,,,,,,,,
Cutting Matrix — Lot 73092,,,,,,,,,,,
Lot Number:,73092,Style:,FLAPPY JACKET,,,,,,,,
Fabric:,D#8 & D#11,Garment Type:,JACKET,,,,,,,,
,,,,,,,,,,,
Color,Cutting Table,M,L,XL,2XL,Total Pcs,,,,,
#8 [2],8,25,25,25,25,100,,,,,
#2 [2],8,25,25,25,25,100,,,,,
#6 [2],8,25,25,25,25,100,,,,,
#4 [2],8,25,25,25,25,100,,,,,
Total,,100,100,100,100,400,,,,,
,,,,,,,,,,,
,,,,,,,,,,,
Cutting Matrix — Lot 73097,,,,,,,,,,,
Lot Number:,73097,Style:,JACKET,,,,,,,,
Fabric:,DOT CANVAS,Garment Type:,JACKET,,,,,,,,
,,,,,,,,,,,
Color,Cutting Table,M,L,XL,Total Pcs,,,,,,
BLACK [4],12,42,42,21,105,,,,,,
IVORY [4],12,42,42,21,105,,,,,,
BEIGE [4],12,42,42,21,105,,,,,,
BROWN [4],12,42,42,21,105,,,,,,
BLACK,12,42,42,21,105,,,,,,
Total,,210,210,105,525,,,,,,
,,,,,,,,,,,
,,,,,,,,,,,
Cutting Matrix — Lot 12034,,,,,,,,,,,
Lot Number:,12034,Style:,BOXY LOWER,,,,,,,,
Fabric:,Fancy cloth georgia,Garment Type:,LOWER,,,,,,,,
,,,,,,,,,,,
Color,Cutting Table,M,L,XL,Total Pcs,,,,,,
BLACK [5],1,46,46,23,115,,,,,,
15% [5],1,44,44,22,110,,,,,,
CREAM (HALF) [3],1,24,24,12,60,,,,,,
FAWN [5],1,46,46,23,115,,,,,,
NAVY [5],1,48,48,24,120,,,,,,
D.GRAY [5],1,40,40,20,100,,,,,,
Total,,248,248,124,620,,,,,,
,,,,,,,,,,,
,,,,,,,,,,,
Cutting Matrix — Lot 12028,,,,,,,,,,,
Lot Number:,12028,Style:,BOXY FIT,,,,,,,,
Fabric:,RFD FLEECE OUTSIDE ANTIFILLING,Garment Type:,LOWER,,,,,,,,
,,,,,,,,,,,
Color,Cutting Table,M,L,XL,Total Pcs,,,,,,
RFD [5],2,60,60,30,150,,,,,,
RFD 2,2,60,60,30,150,,,,,,
RFD 3,2,60,60,30,150,,,,,,
RFD 4,2,60,60,30,150,,,,,,
Total,,240,240,120,600,,,,,,
,,,,,,,,,,,
,,,,,,,,,,,
Cutting Matrix — Lot 61291,,,,,,,,,,,
Lot Number:,61291,Style:,REGULAR,,,,,,,,
Fabric:,MH FLEECE,Garment Type:,LOWER,,,,,,,,
,,,,,,,,,,,
Color,Cutting Table,M,L,XL,Total Pcs,,,,,,
BLACK [3],4,40,50,20,110,,,,,,
15% [3],4,42,52,21,115,,,,,,
L. GREY 4420 [3],4,42,52,21,115,,,,,,
Total,,124,154,62,340,,,,,,
,,,,,,,,,,,
,,,,,,,,,,,
Cutting Matrix — Lot 61293,,,,,,,,,,,
Lot Number:,61293,Style:,REGULAR,,,,,,,,
Fabric:,MH FLEECE,Garment Type:,LOWER,,,,,,,,
,,,,,,,,,,,
Color,Cutting Table,M,L,XL,Total Pcs,,,,,,
BLACK [3],4,42,52,21,115,,,,,,
15% [3],4,42,52,21,115,,,,,,
DENIM [3],4,40,50,20,110,,,,,,
Total,,124,154,62,340,,,,,,